frame,tiempo,id_objeto,tipo,equipo,x,y,area,intervencion_humana
0,0.0,1,robot,Equipo A,52.7,42.32,13083,no
0,0.0,2,robot,Equipo A,32.58,77.57,13971,no
0,0.0,3,robot,Equipo B,144.07,61.1,1446,no
0,0.0,4,robot,Equipo B,146.06,73.23,9174,no
0,0.0,0,balon,balon,66.58,76.12,952,no
1,0.04,1,robot,Equipo A,52.7,42.32,13083,no
1,0.04,2,robot,Equipo A,32.58,77.57,13971,no
1,0.04,3,robot,Equipo B,144.07,61.1,1446,no
1,0.04,4,robot,Equipo B,146.06,73.23,9174,no
1,0.04,0,balon,balon,66.64,76.32,943,no
2,0.08,1,robot,Equipo A,52.7,42.32,13083,no
2,0.08,2,robot,Equipo A,32.58,77.57,13971,no
2,0.08,3,robot,Equipo B,144.07,61.1,1446,no
2,0.08,4,robot,Equipo B,146.06,73.23,9174,no
2,0.08,0,balon,balon,66.75,76.62,945,no
3,0.12,1,robot,Equipo A,52.7,42.32,13083,no
3,0.12,2,robot,Equipo A,32.58,77.57,13971,no
3,0.12,3,robot,Equipo B,144.07,61.1,1446,no
3,0.12,4,robot,Equipo B,146.06,73.23,9174,no
3,0.12,0,balon,balon,66.93,76.92,957,no
4,0.16,1,robot,Equipo A,52.7,42.32,13083,no
4,0.16,2,robot,Equipo A,32.58,77.57,13971,no
4,0.16,3,robot,Equipo B,144.07,61.1,1446,no
4,0.16,4,robot,Equipo B,146.06,73.23,9174,no
4,0.16,0,balon,balon,67.15,77.27,943,no
5,0.2,1,robot,Equipo A,52.96,42.81,12585,no
5,0.2,2,robot,Equipo A,32.58,77.57,13337,no
5,0.2,3,robot,Equipo B,144.07,61.1,1925,no
5,0.2,4,robot,Equipo B,146.06,73.23,9022,no
5,0.2,0,balon,balon,67.41,77.6,942,no
6,0.24,1,robot,Equipo A,53.22,43.32,12585,no
6,0.24,2,robot,Equipo A,32.98,78.0,13337,no
6,0.24,3,robot,Equipo B,144.07,61.1,0,no
6,0.24,4,robot,Equipo B,146.06,73.23,11317,no
6,0.24,0,balon,balon,67.61,77.91,926,no
7,0.28,1,robot,Equipo A,53.48,43.84,12585,no
7,0.28,2,robot,Equipo A,33.38,78.41,13337,no
7,0.28,3,robot,Equipo B,144.07,61.1,0,no
7,0.28,4,robot,Equipo B,146.06,73.23,11616,no
7,0.28,0,balon,balon,67.66,78.08,944,no
8,0.32,1,robot,Equipo A,53.75,44.38,12585,no
8,0.32,2,robot,Equipo A,33.79,78.79,13337,no
8,0.32,3,robot,Equipo B,144.07,61.1,0,no
8,0.32,4,robot,Equipo B,146.06,73.23,11658,no
8,0.32,0,balon,balon,67.69,78.18,944,no
9,0.36,1,robot,Equipo A,54.02,44.92,12585,no
9,0.36,2,robot,Equipo A,34.2,79.15,13337,no
9,0.36,3,robot,Equipo B,144.07,61.1,0,no
9,0.36,4,robot,Equipo B,146.06,73.23,11895,no
9,0.36,0,balon,balon,67.57,78.1,966,no
10,0.4,1,robot,Equipo A,54.02,44.92,12375,no
10,0.4,2,robot,Equipo A,34.2,79.15,13334,no
10,0.4,3,robot,Equipo B,144.07,61.1,1848,no
10,0.4,4,robot,Equipo B,146.06,73.23,8896,no
10,0.4,0,balon,balon,67.44,77.99,915,no
11,0.44,1,robot,Equipo A,54.02,44.92,12375,no
11,0.44,2,robot,Equipo A,34.2,79.15,13334,no
11,0.44,3,robot,Equipo B,144.07,61.1,1724,no
11,0.44,4,robot,Equipo B,146.06,73.23,8894,no
11,0.44,0,balon,balon,67.25,77.8,934,no
12,0.48,1,robot,Equipo A,54.02,44.92,12375,no
12,0.48,2,robot,Equipo A,34.2,79.15,13334,no
12,0.48,3,robot,Equipo B,144.07,61.1,1607,no
12,0.48,4,robot,Equipo B,146.06,73.23,8894,no
12,0.48,0,balon,balon,67.08,77.57,927,no
13,0.52,1,robot,Equipo A,54.02,44.92,12375,no
13,0.52,2,robot,Equipo A,34.2,79.15,13334,no
13,0.52,3,robot,Equipo B,144.07,61.1,1490,no
13,0.52,4,robot,Equipo B,146.06,73.23,8894,no
13,0.52,0,balon,balon,66.85,77.24,934,no
14,0.56,1,robot,Equipo A,53.87,44.37,12375,no
14,0.56,2,robot,Equipo A,34.2,79.15,13334,no
14,0.56,3,robot,Equipo B,144.07,61.1,1373,no
14,0.56,4,robot,Equipo B,146.06,73.23,8894,no
14,0.56,0,balon,balon,66.6,76.93,919,no
15,0.6,1,robot,Equipo A,53.87,44.37,12825,no
15,0.6,2,robot,Equipo A,34.2,79.15,13599,no
15,0.6,3,robot,Equipo B,144.07,61.1,1544,no
15,0.6,4,robot,Equipo B,146.06,73.23,8821,no
15,0.6,0,balon,balon,66.4,76.7,920,no
16,0.64,1,robot,Equipo A,53.87,44.37,12825,no
16,0.64,2,robot,Equipo A,34.2,79.15,13599,no
16,0.64,3,robot,Equipo B,144.07,61.1,1508,no
16,0.64,4,robot,Equipo B,146.06,73.23,8821,no
16,0.64,0,balon,balon,66.23,76.44,927,no
17,0.68,1,robot,Equipo A,53.87,44.37,12825,no
17,0.68,2,robot,Equipo A,34.2,79.15,13599,no
17,0.68,3,robot,Equipo B,144.07,61.1,1468,no
17,0.68,4,robot,Equipo B,146.06,73.23,8821,no
17,0.68,0,balon,balon,66.07,76.23,932,no
18,0.72,1,robot,Equipo A,53.87,44.37,12825,no
18,0.72,2,robot,Equipo A,33.79,78.83,13599,no
18,0.72,3,robot,Equipo B,144.07,61.1,1432,no
18,0.72,4,robot,Equipo B,146.06,73.23,8821,no
18,0.72,0,balon,balon,65.99,76.05,918,no
19,0.76,1,robot,Equipo A,53.35,44.22,12825,no
19,0.76,2,robot,Equipo A,33.79,78.83,13599,no
19,0.76,3,robot,Equipo B,144.07,61.1,1371,no
19,0.76,4,robot,Equipo B,146.06,73.23,8819,no
19,0.76,0,balon,balon,65.87,75.82,948,no
20,0.8,1,robot,Equipo A,51.95,44.79,14403,no
20,0.8,2,robot,Equipo A,33.32,78.35,14052,no
20,0.8,3,robot,Equipo B,144.07,61.1,1319,no
20,0.8,4,robot,Equipo B,146.06,73.23,9175,no
20,0.8,0,balon,balon,65.74,75.57,937,no
21,0.84,1,robot,Equipo A,50.91,45.31,14403,no
21,0.84,2,robot,Equipo A,32.95,77.9,14052,no
21,0.84,3,robot,Equipo B,144.07,61.1,1279,no
21,0.84,4,robot,Equipo B,146.06,73.23,9173,no
21,0.84,0,balon,balon,65.67,75.3,939,no
22,0.88,1,robot,Equipo A,50.16,45.78,14403,no
22,0.88,2,robot,Equipo A,32.65,77.49,14052,no
22,0.88,3,robot,Equipo B,144.07,61.1,1227,no
22,0.88,4,robot,Equipo B,146.06,73.23,9173,no
22,0.88,0,balon,balon,65.64,75.02,933,no
23,0.92,1,robot,Equipo A,49.65,46.22,14403,no
23,0.92,2,robot,Equipo A,32.65,77.49,14052,no
23,0.92,3,robot,Equipo B,144.07,61.1,0,no
23,0.92,4,robot,Equipo B,146.06,73.23,9173,no
23,0.92,0,balon,balon,65.62,74.74,926,no
24,0.96,1,robot,Equipo A,49.32,46.62,14403,no
24,0.96,2,robot,Equipo A,32.41,77.04,14052,no
24,0.96,3,robot,Equipo B,144.07,61.1,0,no
24,0.96,4,robot,Equipo B,146.06,73.23,9173,no
24,0.96,0,balon,balon,65.6,74.45,928,no
25,1.0,1,robot,Equipo A,48.84,46.92,16110,no
25,1.0,2,robot,Equipo A,32.41,77.04,13837,no
25,1.0,3,robot,Equipo B,144.07,61.1,0,no
25,1.0,4,robot,Equipo B,146.06,73.23,9028,no
25,1.0,0,balon,balon,65.66,74.23,929,no
26,1.04,1,robot,Equipo A,48.84,46.92,16110,no
26,1.04,2,robot,Equipo A,32.41,77.04,13837,no
26,1.04,3,robot,Equipo B,144.07,61.1,0,no
26,1.04,4,robot,Equipo B,145.8,72.48,10495,no
26,1.04,0,balon,balon,65.76,74.17,940,no
27,1.08,1,robot,Equipo A,48.84,46.92,16110,no
27,1.08,2,robot,Equipo A,32.41,77.04,13837,no
27,1.08,3,robot,Equipo B,144.07,61.1,0,no
27,1.08,4,robot,Equipo B,145.52,71.82,10618,no
27,1.08,0,balon,balon,65.88,74.33,950,no
28,1.12,1,robot,Equipo A,48.84,46.92,16110,no
28,1.12,2,robot,Equipo A,32.41,77.04,13837,no
28,1.12,3,robot,Equipo B,144.07,61.1,0,no
28,1.12,4,robot,Equipo B,145.2,71.24,10647,no
28,1.12,0,balon,balon,66.07,74.55,937,no
29,1.16,1,robot,Equipo A,48.84,46.92,16110,no
29,1.16,2,robot,Equipo A,32.41,77.04,13837,no
29,1.16,3,robot,Equipo B,144.07,61.1,0,no
29,1.16,4,robot,Equipo B,144.86,70.71,10711,no
29,1.16,0,balon,balon,66.3,74.93,929,no
30,1.2,1,robot,Equipo A,48.84,46.92,0,no
30,1.2,2,robot,Equipo A,32.41,77.04,12977,no
30,1.2,3,robot,Equipo B,144.07,61.1,0,no
30,1.2,4,robot,Equipo B,144.86,70.71,8561,no
30,1.2,0,balon,balon,66.42,75.27,902,no
31,1.24,1,robot,Equipo A,48.84,46.92,0,no
31,1.24,2,robot,Equipo A,32.41,77.04,12977,no
31,1.24,3,robot,Equipo B,144.07,61.1,0,no
31,1.24,4,robot,Equipo B,144.87,71.27,8561,no
31,1.24,0,balon,balon,66.49,75.52,905,no
32,1.28,1,robot,Equipo A,48.84,46.92,0,no
32,1.28,2,robot,Equipo A,32.41,77.04,12977,no
32,1.28,3,robot,Equipo B,144.07,61.1,0,no
32,1.28,4,robot,Equipo B,144.91,71.84,8561,no
32,1.28,0,balon,balon,66.34,75.66,909,no
33,1.32,1,robot,Equipo A,48.84,46.92,0,no
33,1.32,2,robot,Equipo A,32.41,77.04,12977,no
33,1.32,3,robot,Equipo B,144.07,61.1,0,no
33,1.32,4,robot,Equipo B,144.97,72.41,8561,no
33,1.32,0,balon,balon,66.07,75.54,937,no
34,1.36,1,robot,Equipo A,48.84,46.92,0,no
34,1.36,2,robot,Equipo A,32.41,77.04,12977,no
34,1.36,3,robot,Equipo B,144.07,61.1,0,no
34,1.36,4,robot,Equipo B,145.05,72.98,8561,no
34,1.36,0,balon,balon,65.6,75.22,932,no
35,1.4,1,robot,Equipo A,48.3,47.44,13410,no
35,1.4,2,robot,Equipo A,32.08,76.66,13268,no
35,1.4,3,robot,Equipo B,144.07,61.1,0,no
35,1.4,4,robot,Equipo B,145.05,72.98,8696,no
35,1.4,0,balon,balon,65.08,74.72,927,no
36,1.44,1,robot,Equipo A,47.85,47.89,13410,no
36,1.44,2,robot,Equipo A,31.7,76.23,13268,no
36,1.44,3,robot,Equipo B,144.07,61.1,0,no
36,1.44,4,robot,Equipo B,144.54,72.22,10196,no
36,1.44,0,balon,balon,64.67,74.18,919,no
37,1.48,1,robot,Equipo A,47.46,48.28,13410,no
37,1.48,2,robot,Equipo A,31.28,75.78,13268,no
37,1.48,3,robot,Equipo B,144.07,61.1,0,no
37,1.48,4,robot,Equipo B,143.83,71.27,11111,no
37,1.48,0,balon,balon,64.38,73.62,918,no
38,1.52,1,robot,Equipo A,47.46,48.28,13410,no
38,1.52,2,robot,Equipo A,30.83,75.3,13268,no
38,1.52,3,robot,Equipo B,142.99,61.85,12753,no
38,1.52,4,robot,Equipo B,143.83,71.27,0,no
38,1.52,0,balon,balon,64.22,73.19,916,no
39,1.56,1,robot,Equipo A,47.09,48.65,13410,no
39,1.56,2,robot,Equipo A,30.36,74.8,13268,no
39,1.56,3,robot,Equipo B,141.85,62.28,13175,no
39,1.56,4,robot,Equipo B,143.83,71.27,0,no
39,1.56,0,balon,balon,64.14,72.75,935,no
40,1.6,1,robot,Equipo A,47.09,48.65,14576,no
40,1.6,2,robot,Equipo A,30.36,74.8,13736,no
40,1.6,3,robot,Equipo B,141.85,62.28,0,no
40,1.6,4,robot,Equipo B,143.83,71.27,8777,no
40,1.6,0,balon,balon,64.09,72.45,928,no
41,1.64,1,robot,Equipo A,47.09,48.65,14576,no
41,1.64,2,robot,Equipo A,30.36,74.8,13736,no
41,1.64,3,robot,Equipo B,141.85,62.28,0,no
41,1.64,4,robot,Equipo B,143.83,71.27,8777,no
41,1.64,0,balon,balon,64.06,72.28,925,no
42,1.68,1,robot,Equipo A,47.09,48.65,14576,no
42,1.68,2,robot,Equipo A,30.36,74.8,13736,no
42,1.68,3,robot,Equipo B,141.85,62.28,0,no
42,1.68,4,robot,Equipo B,143.83,71.27,8777,no
42,1.68,0,balon,balon,64.11,72.25,913,no
43,1.72,1,robot,Equipo A,47.09,48.65,14576,no
43,1.72,2,robot,Equipo A,30.36,74.8,13736,no
43,1.72,3,robot,Equipo B,141.85,62.28,0,no
43,1.72,4,robot,Equipo B,143.83,71.27,8777,no
43,1.72,0,balon,balon,64.27,72.37,922,no
44,1.76,1,robot,Equipo A,47.09,48.65,14576,no
44,1.76,2,robot,Equipo A,30.36,74.8,13736,no
44,1.76,3,robot,Equipo B,141.85,62.28,0,no
44,1.76,4,robot,Equipo B,143.83,71.27,8777,no
44,1.76,0,balon,balon,64.48,72.56,918,no
45,1.8,1,robot,Equipo A,47.09,48.65,14851,no
45,1.8,2,robot,Equipo A,30.36,74.8,13419,no
45,1.8,3,robot,Equipo B,141.85,62.28,0,no
45,1.8,4,robot,Equipo B,143.83,71.27,8788,no
45,1.8,0,balon,balon,64.72,72.8,916,no
46,1.84,1,robot,Equipo A,47.09,48.65,14851,no
46,1.84,2,robot,Equipo A,30.36,74.8,13419,no
46,1.84,3,robot,Equipo B,141.85,62.28,0,no
46,1.84,4,robot,Equipo B,143.83,71.27,8788,no
46,1.84,0,balon,balon,64.99,72.99,915,no
47,1.88,1,robot,Equipo A,46.88,49.17,14851,no
47,1.88,2,robot,Equipo A,30.36,74.8,13419,no
47,1.88,3,robot,Equipo B,141.85,62.28,0,no
47,1.88,4,robot,Equipo B,143.83,71.27,8788,no
47,1.88,0,balon,balon,65.2,73.23,899,no
48,1.92,1,robot,Equipo A,46.71,49.68,14851,no
48,1.92,2,robot,Equipo A,30.36,74.8,13419,no
48,1.92,3,robot,Equipo B,141.85,62.28,0,no
48,1.92,4,robot,Equipo B,143.83,71.27,9787,no
48,1.92,0,balon,balon,65.37,73.43,908,no
49,1.96,1,robot,Equipo A,46.58,50.17,14851,no
49,1.96,2,robot,Equipo A,30.36,74.8,13419,no
49,1.96,3,robot,Equipo B,141.85,62.28,0,no
49,1.96,4,robot,Equipo B,143.83,71.27,9875,no
49,1.96,0,balon,balon,65.53,73.6,909,no
50,2.0,1,robot,Equipo A,47.75,48.23,12724,no
50,2.0,2,robot,Equipo A,30.36,74.8,13401,no
50,2.0,3,robot,Equipo B,141.85,62.28,0,no
50,2.0,4,robot,Equipo B,143.83,71.27,8836,no
50,2.0,0,balon,balon,65.62,73.69,917,no
51,2.04,1,robot,Equipo A,48.6,46.41,12724,no
51,2.04,2,robot,Equipo A,30.36,74.8,13401,no
51,2.04,3,robot,Equipo B,141.85,62.28,0,no
51,2.04,4,robot,Equipo B,143.83,71.27,8836,no
51,2.04,0,balon,balon,65.67,73.75,919,no
52,2.08,1,robot,Equipo A,49.19,44.7,12724,no
52,2.08,2,robot,Equipo A,30.36,74.8,13401,no
52,2.08,3,robot,Equipo B,141.85,62.28,0,no
52,2.08,4,robot,Equipo B,143.83,71.27,8836,no
52,2.08,0,balon,balon,65.76,73.78,916,no
53,2.12,1,robot,Equipo A,49.58,43.06,12724,no
53,2.12,2,robot,Equipo A,30.36,74.8,13401,no
53,2.12,3,robot,Equipo B,141.85,62.28,0,no
53,2.12,4,robot,Equipo B,143.83,71.27,8836,no
53,2.12,0,balon,balon,65.82,73.73,908,no
54,2.16,1,robot,Equipo A,49.81,41.5,12724,no
54,2.16,2,robot,Equipo A,30.36,74.8,13401,no
54,2.16,3,robot,Equipo B,141.85,62.28,0,no
54,2.16,4,robot,Equipo B,143.83,71.27,8835,no
54,2.16,0,balon,balon,65.85,73.7,916,no
55,2.2,1,robot,Equipo A,50.36,41.23,12522,no
55,2.2,2,robot,Equipo A,30.36,74.8,13183,no
55,2.2,3,robot,Equipo B,141.85,62.28,0,no
55,2.2,4,robot,Equipo B,143.83,71.27,8853,no
55,2.2,0,balon,balon,65.86,73.56,912,no
56,2.24,1,robot,Equipo A,50.36,41.23,12522,no
56,2.24,2,robot,Equipo A,30.36,74.8,13183,no
56,2.24,3,robot,Equipo B,141.85,62.28,0,no
56,2.24,4,robot,Equipo B,143.83,71.27,9939,no
56,2.24,0,balon,balon,65.8,73.41,909,no
57,2.28,1,robot,Equipo A,50.91,41.42,12522,no
57,2.28,2,robot,Equipo A,30.36,74.8,13183,no
57,2.28,3,robot,Equipo B,141.85,62.28,0,no
57,2.28,4,robot,Equipo B,143.83,71.27,10058,no
57,2.28,0,balon,balon,65.77,73.14,911,no
58,2.32,1,robot,Equipo A,51.41,41.77,12522,no
58,2.32,2,robot,Equipo A,30.36,74.8,13183,no
58,2.32,3,robot,Equipo B,141.85,62.28,0,no
58,2.32,4,robot,Equipo B,143.83,71.27,10125,no
58,2.32,0,balon,balon,65.69,72.85,919,no
59,2.36,1,robot,Equipo A,51.87,42.26,12522,no
59,2.36,2,robot,Equipo A,30.36,74.8,13183,no
59,2.36,3,robot,Equipo B,141.85,62.28,0,no
59,2.36,4,robot,Equipo B,143.83,71.27,10152,no
59,2.36,0,balon,balon,65.58,72.51,914,no
60,2.4,1,robot,Equipo A,51.92,41.46,12595,no
60,2.4,2,robot,Equipo A,30.63,74.28,13188,no
60,2.4,3,robot,Equipo B,141.85,62.28,0,no
60,2.4,4,robot,Equipo B,143.83,71.27,8826,no
60,2.4,0,balon,balon,65.46,72.12,915,no
61,2.44,1,robot,Equipo A,51.91,40.57,12595,no
61,2.44,2,robot,Equipo A,30.85,73.78,13188,no
61,2.44,3,robot,Equipo B,141.85,62.28,0,no
61,2.44,4,robot,Equipo B,143.96,70.74,8824,no
61,2.44,0,balon,balon,65.39,71.71,917,no
62,2.48,1,robot,Equipo A,51.84,39.59,12595,no
62,2.48,2,robot,Equipo A,31.03,73.3,13188,no
62,2.48,3,robot,Equipo B,141.85,62.28,0,no
62,2.48,4,robot,Equipo B,144.1,70.25,8824,no
62,2.48,0,balon,balon,65.36,71.35,917,no
63,2.52,1,robot,Equipo A,51.73,38.55,12595,no
63,2.52,2,robot,Equipo A,31.03,73.3,13188,no
63,2.52,3,robot,Equipo B,141.85,62.28,0,no
63,2.52,4,robot,Equipo B,144.1,70.25,8824,no
63,2.52,0,balon,balon,65.33,71.03,908,no
64,2.56,1,robot,Equipo A,51.58,37.45,12595,no
64,2.56,2,robot,Equipo A,31.17,72.74,13188,no
64,2.56,3,robot,Equipo B,141.85,62.28,0,no
64,2.56,4,robot,Equipo B,144.26,69.75,8824,no
64,2.56,0,balon,balon,65.39,70.79,916,no
65,2.6,1,robot,Equipo A,51.58,37.45,12660,no
65,2.6,2,robot,Equipo A,31.17,72.74,13338,no
65,2.6,3,robot,Equipo B,141.85,62.28,0,no
65,2.6,4,robot,Equipo B,144.26,69.75,8902,no
65,2.6,0,balon,balon,65.54,70.65,917,no
66,2.64,1,robot,Equipo A,51.58,37.45,12660,no
66,2.64,2,robot,Equipo A,31.17,72.74,13338,no
66,2.64,3,robot,Equipo B,141.85,62.28,0,no
66,2.64,4,robot,Equipo B,144.26,69.75,8902,no
66,2.64,0,balon,balon,65.76,70.64,912,no
67,2.68,1,robot,Equipo A,51.58,37.45,12660,no
67,2.68,2,robot,Equipo A,31.17,72.74,13338,no
67,2.68,3,robot,Equipo B,141.85,62.28,0,no
67,2.68,4,robot,Equipo B,144.26,69.75,8902,no
67,2.68,0,balon,balon,66.0,70.7,914,no
68,2.72,1,robot,Equipo A,51.58,37.45,12660,no
68,2.72,2,robot,Equipo A,31.17,72.74,13338,no
68,2.72,3,robot,Equipo B,141.85,62.28,0,no
68,2.72,4,robot,Equipo B,144.26,69.75,8902,no
68,2.72,0,balon,balon,66.26,70.8,912,no
69,2.76,1,robot,Equipo A,51.98,37.88,12660,no
69,2.76,2,robot,Equipo A,31.17,72.74,13338,no
69,2.76,3,robot,Equipo B,141.85,62.28,0,no
69,2.76,4,robot,Equipo B,144.26,69.75,8902,no
69,2.76,0,balon,balon,66.47,71.05,905,no
70,2.8,1,robot,Equipo A,51.98,37.88,12556,no
70,2.8,2,robot,Equipo A,31.17,72.74,13184,no
70,2.8,3,robot,Equipo B,141.85,62.28,0,no
70,2.8,4,robot,Equipo B,144.26,69.75,9043,no
70,2.8,0,balon,balon,66.65,71.32,921,no
71,2.84,1,robot,Equipo A,51.98,37.88,12556,no
71,2.84,2,robot,Equipo A,31.17,72.74,13184,no
71,2.84,3,robot,Equipo B,141.85,62.28,0,no
71,2.84,4,robot,Equipo B,144.26,69.75,10168,no
71,2.84,0,balon,balon,66.75,71.59,928,no
72,2.88,1,robot,Equipo A,51.98,37.88,12556,no
72,2.88,2,robot,Equipo A,31.71,72.75,13184,no
72,2.88,3,robot,Equipo B,141.85,62.28,0,no
72,2.88,4,robot,Equipo B,144.26,69.75,10413,no
72,2.88,0,balon,balon,66.8,71.94,927,no
73,2.92,1,robot,Equipo A,51.98,37.88,12556,no
73,2.92,2,robot,Equipo A,31.71,72.75,13184,no
73,2.92,3,robot,Equipo B,141.85,62.28,0,no
73,2.92,4,robot,Equipo B,144.26,69.75,10790,no
73,2.92,0,balon,balon,66.77,72.27,922,no
74,2.96,1,robot,Equipo A,51.98,37.88,12556,no
74,2.96,2,robot,Equipo A,32.25,72.88,13184,no
74,2.96,3,robot,Equipo B,141.85,62.28,0,no
74,2.96,4,robot,Equipo B,144.26,69.75,10884,no
74,2.96,0,balon,balon,66.68,72.51,919,no
75,3.0,1,robot,Equipo A,51.98,37.88,12674,no
75,3.0,2,robot,Equipo A,32.25,72.88,13315,no
75,3.0,3,robot,Equipo B,141.85,62.28,0,no
75,3.0,4,robot,Equipo B,144.26,69.75,9154,no
75,3.0,0,balon,balon,66.51,72.7,914,no
76,3.04,1,robot,Equipo A,51.98,37.88,12674,no
76,3.04,2,robot,Equipo A,32.25,72.88,13315,no
76,3.04,3,robot,Equipo B,141.85,62.28,0,no
76,3.04,4,robot,Equipo B,144.26,69.75,9153,no
76,3.04,0,balon,balon,66.29,72.88,915,no
77,3.08,1,robot,Equipo A,52.12,38.42,12674,no
77,3.08,2,robot,Equipo A,32.25,72.88,13315,no
77,3.08,3,robot,Equipo B,141.85,62.28,0,no
77,3.08,4,robot,Equipo B,144.26,69.75,9153,no
77,3.08,0,balon,balon,66.04,72.97,918,no
78,3.12,1,robot,Equipo A,52.21,38.97,12674,no
78,3.12,2,robot,Equipo A,32.25,72.88,13315,no
78,3.12,3,robot,Equipo B,141.85,62.28,0,no
78,3.12,4,robot,Equipo B,144.26,69.75,9153,no
78,3.12,0,balon,balon,65.84,73.03,910,no
79,3.16,1,robot,Equipo A,52.25,39.52,12674,no
79,3.16,2,robot,Equipo A,32.25,72.88,13315,no
79,3.16,3,robot,Equipo B,141.85,62.28,0,no
79,3.16,4,robot,Equipo B,144.26,69.75,9153,no
79,3.16,0,balon,balon,65.66,73.05,914,no
80,3.2,1,robot,Equipo A,51.32,41.9,14811,no
80,3.2,2,robot,Equipo A,32.25,72.88,13450,no
80,3.2,3,robot,Equipo B,141.85,62.28,0,no
80,3.2,4,robot,Equipo B,144.26,69.75,9073,no
80,3.2,0,balon,balon,65.5,73.07,914,no
81,3.24,1,robot,Equipo A,50.69,43.9,14811,no
81,3.24,2,robot,Equipo A,32.25,72.88,13450,no
81,3.24,3,robot,Equipo B,141.85,62.28,0,no
81,3.24,4,robot,Equipo B,144.26,69.75,9073,no
81,3.24,0,balon,balon,65.42,73.01,913,no
82,3.28,1,robot,Equipo A,50.3,45.57,14811,no
82,3.28,2,robot,Equipo A,32.25,72.88,13450,no
82,3.28,3,robot,Equipo B,141.85,62.28,0,no
82,3.28,4,robot,Equipo B,144.26,69.75,9073,no
82,3.28,0,balon,balon,65.37,72.98,914,no
83,3.32,1,robot,Equipo A,50.1,47.0,14811,no
83,3.32,2,robot,Equipo A,32.25,72.88,13450,no
83,3.32,3,robot,Equipo B,141.85,62.28,0,no
83,3.32,4,robot,Equipo B,144.26,69.75,9073,no
83,3.32,0,balon,balon,65.34,72.9,919,no
84,3.36,1,robot,Equipo A,50.05,48.23,14811,no
84,3.36,2,robot,Equipo A,32.25,72.88,13450,no
84,3.36,3,robot,Equipo B,141.85,62.28,0,no
84,3.36,4,robot,Equipo B,144.26,69.75,9073,no
84,3.36,0,balon,balon,65.33,72.85,918,no
85,3.4,1,robot,Equipo A,49.48,48.93,14785,no
85,3.4,2,robot,Equipo A,32.25,72.88,13463,no
85,3.4,3,robot,Equipo B,141.85,62.28,0,no
85,3.4,4,robot,Equipo B,144.26,69.75,8967,no
85,3.4,0,balon,balon,65.32,72.77,917,no
86,3.44,1,robot,Equipo A,48.96,49.43,14785,no
86,3.44,2,robot,Equipo A,32.25,72.88,13463,no
86,3.44,3,robot,Equipo B,141.85,62.28,0,no
86,3.44,4,robot,Equipo B,144.26,69.75,9978,no
86,3.44,0,balon,balon,65.38,72.72,915,no
87,3.48,1,robot,Equipo A,48.49,49.77,14785,no
87,3.48,2,robot,Equipo A,32.25,72.88,13463,no
87,3.48,3,robot,Equipo B,141.85,62.28,0,no
87,3.48,4,robot,Equipo B,144.26,69.75,10231,no
87,3.48,0,balon,balon,65.47,72.62,912,no
88,3.52,1,robot,Equipo A,48.49,49.77,14785,no
88,3.52,2,robot,Equipo A,32.25,72.88,13463,no
88,3.52,3,robot,Equipo B,141.85,62.28,0,no
88,3.52,4,robot,Equipo B,144.26,69.75,10292,no
88,3.52,0,balon,balon,65.59,72.51,910,no
89,3.56,1,robot,Equipo A,48.0,49.93,14785,no
89,3.56,2,robot,Equipo A,32.25,72.88,13463,no
89,3.56,3,robot,Equipo B,141.85,62.28,0,no
89,3.56,4,robot,Equipo B,144.26,69.75,10414,no
89,3.56,0,balon,balon,65.72,72.45,924,no
90,3.6,1,robot,Equipo A,48.94,47.68,12684,no
90,3.6,2,robot,Equipo A,32.25,72.88,13407,no
90,3.6,3,robot,Equipo B,141.85,62.28,0,no
90,3.6,4,robot,Equipo B,144.26,69.75,9073,no
90,3.6,0,balon,balon,65.85,72.34,921,no
91,3.64,1,robot,Equipo A,49.61,45.69,12684,no
91,3.64,2,robot,Equipo A,32.25,72.88,13407,no
91,3.64,3,robot,Equipo B,141.85,62.28,0,no
91,3.64,4,robot,Equipo B,144.26,69.75,9071,no
91,3.64,0,balon,balon,65.93,72.29,919,no
92,3.68,1,robot,Equipo A,50.05,43.89,12684,no
92,3.68,2,robot,Equipo A,32.25,72.88,13407,no
92,3.68,3,robot,Equipo B,141.85,62.28,0,no
92,3.68,4,robot,Equipo B,144.26,69.75,9071,no
92,3.68,0,balon,balon,66.03,72.26,919,no
93,3.72,1,robot,Equipo A,50.33,42.25,12684,no
93,3.72,2,robot,Equipo A,32.25,72.88,13407,no
93,3.72,3,robot,Equipo B,141.85,62.28,0,no
93,3.72,4,robot,Equipo B,144.26,69.75,9071,no
93,3.72,0,balon,balon,66.09,72.24,930,no
94,3.76,1,robot,Equipo A,50.46,40.73,12684,no
94,3.76,2,robot,Equipo A,32.25,72.88,13407,no
94,3.76,3,robot,Equipo B,141.85,62.28,0,no
94,3.76,4,robot,Equipo B,144.26,69.75,9071,no
94,3.76,0,balon,balon,66.06,72.23,919,no
95,3.8,1,robot,Equipo A,50.91,40.33,12687,no
95,3.8,2,robot,Equipo A,32.25,72.88,13356,no
95,3.8,3,robot,Equipo B,141.85,62.28,0,no
95,3.8,4,robot,Equipo B,144.26,69.75,9063,no
95,3.8,0,balon,balon,65.98,72.23,922,no
96,3.84,1,robot,Equipo A,50.91,40.33,12687,no
96,3.84,2,robot,Equipo A,32.25,72.88,13356,no
96,3.84,3,robot,Equipo B,141.85,62.28,0,no
96,3.84,4,robot,Equipo B,144.26,69.75,10234,no
96,3.84,0,balon,balon,65.87,72.22,916,no
97,3.88,1,robot,Equipo A,50.91,40.33,12687,no
97,3.88,2,robot,Equipo A,32.25,72.88,13356,no
97,3.88,3,robot,Equipo B,141.85,62.28,0,no
97,3.88,4,robot,Equipo B,144.26,69.75,10359,no
97,3.88,0,balon,balon,65.74,72.16,926,no
98,3.92,1,robot,Equipo A,51.44,40.52,12687,no
98,3.92,2,robot,Equipo A,32.25,72.88,13356,no
98,3.92,3,robot,Equipo B,141.85,62.28,0,no
98,3.92,4,robot,Equipo B,144.26,69.75,10552,no
98,3.92,0,balon,balon,65.61,72.12,912,no
99,3.96,1,robot,Equipo A,51.92,40.85,12687,no
99,3.96,2,robot,Equipo A,32.25,72.88,13356,no
99,3.96,3,robot,Equipo B,141.85,62.28,0,no
99,3.96,4,robot,Equipo B,144.26,69.75,10567,no
99,3.96,0,balon,balon,65.54,72.1,924,no
100,4.0,1,robot,Equipo A,51.92,40.85,12821,no
100,4.0,2,robot,Equipo A,32.25,72.88,13504,no
100,4.0,3,robot,Equipo B,141.85,62.28,0,no
100,4.0,4,robot,Equipo B,144.26,69.75,8970,no
100,4.0,0,balon,balon,65.44,72.03,928,no
101,4.04,1,robot,Equipo A,51.87,40.2,12821,no
101,4.04,2,robot,Equipo A,32.25,72.88,13504,no
101,4.04,3,robot,Equipo B,141.85,62.28,0,no
101,4.04,4,robot,Equipo B,144.26,69.75,8970,no
101,4.04,0,balon,balon,65.38,71.98,935,no
102,4.08,1,robot,Equipo A,51.78,39.49,12821,no
102,4.08,2,robot,Equipo A,32.25,72.88,13504,no
102,4.08,3,robot,Equipo B,141.85,62.28,0,no
102,4.08,4,robot,Equipo B,144.26,69.75,8970,no
102,4.08,0,balon,balon,65.41,72.03,922,no
103,4.12,1,robot,Equipo A,51.66,38.76,12821,no
103,4.12,2,robot,Equipo A,32.25,72.88,13504,no
103,4.12,3,robot,Equipo B,141.85,62.28,0,no
103,4.12,4,robot,Equipo B,144.26,69.75,8970,no
103,4.12,0,balon,balon,65.49,72.11,925,no
104,4.16,1,robot,Equipo A,51.5,38.0,12821,no
104,4.16,2,robot,Equipo A,32.25,72.88,13504,no
104,4.16,3,robot,Equipo B,141.85,62.28,0,no
104,4.16,4,robot,Equipo B,144.26,69.75,8970,no
104,4.16,0,balon,balon,65.6,72.16,913,no
105,4.2,1,robot,Equipo A,50.72,40.63,15237,no
105,4.2,2,robot,Equipo A,32.25,72.88,13391,no
105,4.2,3,robot,Equipo B,141.85,62.28,0,no
105,4.2,4,robot,Equipo B,144.26,69.75,9017,no
105,4.2,0,balon,balon,65.73,72.19,931,no
106,4.24,1,robot,Equipo A,50.29,43.07,15237,no
106,4.24,2,robot,Equipo A,32.25,72.88,13391,no
106,4.24,3,robot,Equipo B,141.85,62.28,0,no
106,4.24,4,robot,Equipo B,144.26,69.75,9016,no
106,4.24,0,balon,balon,65.86,72.2,926,no
107,4.28,1,robot,Equipo A,50.15,45.38,15237,no
107,4.28,2,robot,Equipo A,32.25,72.88,13391,no
107,4.28,3,robot,Equipo B,141.85,62.28,0,no
107,4.28,4,robot,Equipo B,144.26,69.75,9016,no
107,4.28,0,balon,balon,66.06,72.21,921,no
108,4.32,1,robot,Equipo A,50.23,47.57,15237,no
108,4.32,2,robot,Equipo A,32.25,72.88,13391,no
108,4.32,3,robot,Equipo B,141.85,62.28,0,no
108,4.32,4,robot,Equipo B,144.26,69.75,9016,no
108,4.32,0,balon,balon,66.23,72.21,922,no
109,4.36,1,robot,Equipo A,50.5,49.67,15242,no
109,4.36,2,robot,Equipo A,32.25,72.88,13401,no
109,4.36,3,robot,Equipo B,141.85,62.28,0,no
109,4.36,4,robot,Equipo B,144.26,69.75,9016,no
109,4.36,0,balon,balon,66.45,72.15,920,no
110,4.4,1,robot,Equipo A,51.17,47.42,12668,no
110,4.4,2,robot,Equipo A,32.25,72.88,13112,no
110,4.4,3,robot,Equipo B,141.85,62.28,0,no
110,4.4,4,robot,Equipo B,144.26,69.75,9092,no
110,4.4,0,balon,balon,66.7,72.12,923,no
111,4.44,1,robot,Equipo A,51.45,45.16,12668,no
111,4.44,2,robot,Equipo A,32.25,72.88,13112,no
111,4.44,3,robot,Equipo B,141.85,62.28,0,no
111,4.44,4,robot,Equipo B,144.73,69.58,9760,no
111,4.44,0,balon,balon,66.97,72.1,922,no
112,4.48,1,robot,Equipo A,51.41,42.89,12668,no
112,4.48,2,robot,Equipo A,32.25,72.88,13112,no
112,4.48,3,robot,Equipo B,141.85,62.28,0,no
112,4.48,4,robot,Equipo B,144.73,69.58,9929,no
112,4.48,0,balon,balon,67.18,72.09,913,no
113,4.52,1,robot,Equipo A,51.13,40.61,12668,no
113,4.52,2,robot,Equipo A,32.25,72.88,13112,no
113,4.52,3,robot,Equipo B,141.85,62.28,0,no
113,4.52,4,robot,Equipo B,145.2,69.39,10136,no
113,4.52,0,balon,balon,67.36,72.09,918,no
114,4.56,1,robot,Equipo A,50.65,38.32,12668,no
114,4.56,2,robot,Equipo A,32.25,72.88,13112,no
114,4.56,3,robot,Equipo B,141.85,62.28,0,no
114,4.56,4,robot,Equipo B,145.2,69.39,10212,no
114,4.56,0,balon,balon,67.46,72.08,932,no
115,4.6,1,robot,Equipo A,51.4,38.31,12719,no
115,4.6,2,robot,Equipo A,32.25,72.88,13306,no
115,4.6,3,robot,Equipo B,141.85,62.28,0,no
115,4.6,4,robot,Equipo B,145.2,69.39,9264,no
115,4.6,0,balon,balon,67.58,72.01,921,no
116,4.64,1,robot,Equipo A,52.23,38.65,12719,no
116,4.64,2,robot,Equipo A,32.25,72.88,13306,no
116,4.64,3,robot,Equipo B,141.85,62.28,0,no
116,4.64,4,robot,Equipo B,145.2,69.39,9261,no
116,4.64,0,balon,balon,67.58,71.98,918,no
117,4.68,1,robot,Equipo A,53.12,39.27,12719,no
117,4.68,2,robot,Equipo A,32.25,72.88,13306,no
117,4.68,3,robot,Equipo B,141.85,62.28,0,no
117,4.68,4,robot,Equipo B,145.2,69.39,9261,no
117,4.68,0,balon,balon,67.51,71.96,935,no
118,4.72,1,robot,Equipo A,54.05,40.11,12719,no
118,4.72,2,robot,Equipo A,32.25,72.88,13306,no
118,4.72,3,robot,Equipo B,141.85,62.28,0,no
118,4.72,4,robot,Equipo B,145.2,69.39,9261,no
118,4.72,0,balon,balon,67.35,71.88,944,no
119,4.76,1,robot,Equipo A,55.03,41.13,12719,no
119,4.76,2,robot,Equipo A,32.25,72.88,13306,no
119,4.76,3,robot,Equipo B,141.85,62.28,0,no
119,4.76,4,robot,Equipo B,145.2,69.39,9261,no
119,4.76,0,balon,balon,67.2,71.9,930,no
120,4.8,1,robot,Equipo A,53.71,42.99,14891,no
120,4.8,2,robot,Equipo A,32.25,72.88,13568,no
120,4.8,3,robot,Equipo B,141.85,62.28,0,no
120,4.8,4,robot,Equipo B,145.2,69.39,9233,no
120,4.8,0,balon,balon,66.92,72.05,962,no
121,4.84,1,robot,Equipo A,52.6,44.41,14891,no
121,4.84,2,robot,Equipo A,32.25,72.88,13568,no
121,4.84,3,robot,Equipo B,141.85,62.28,0,no
121,4.84,4,robot,Equipo B,145.2,69.39,9233,no
121,4.84,0,balon,balon,66.7,72.32,939,no
122,4.88,1,robot,Equipo A,51.66,45.5,14891,no
122,4.88,2,robot,Equipo A,32.25,72.88,13568,no
122,4.88,3,robot,Equipo B,141.85,62.28,0,no
122,4.88,4,robot,Equipo B,145.2,69.39,9233,no
122,4.88,0,balon,balon,66.33,72.67,947,no
123,4.92,1,robot,Equipo A,50.85,46.31,14891,no
123,4.92,2,robot,Equipo A,32.25,72.88,13568,no
123,4.92,3,robot,Equipo B,141.85,62.28,0,no
123,4.92,4,robot,Equipo B,145.2,69.39,9233,no
123,4.92,0,balon,balon,66.0,73.05,938,no
124,4.96,1,robot,Equipo A,50.14,46.9,14891,no
124,4.96,2,robot,Equipo A,32.25,72.88,13568,no
124,4.96,3,robot,Equipo B,141.85,62.28,0,no
124,4.96,4,robot,Equipo B,145.2,69.39,9233,no
124,4.96,0,balon,balon,65.63,73.52,960,no
125,5.0,1,robot,Equipo A,50.43,45.64,13648,no
125,5.0,2,robot,Equipo A,31.92,73.35,14085,no
125,5.0,3,robot,Equipo B,142.35,61.93,1261,no
125,5.0,4,robot,Equipo B,145.26,69.93,9252,no
125,5.0,0,balon,balon,65.29,73.91,953,no
126,5.04,1,robot,Equipo A,50.46,44.54,13648,no
126,5.04,2,robot,Equipo A,31.63,73.79,14085,no
126,5.04,3,robot,Equipo B,142.35,61.93,0,no
126,5.04,4,robot,Equipo B,145.26,69.93,11067,no
126,5.04,0,balon,balon,64.98,74.32,953,no
127,5.08,1,robot,Equipo A,50.28,43.58,13648,no
127,5.08,2,robot,Equipo A,31.63,73.79,14085,no
127,5.08,3,robot,Equipo B,142.35,61.93,0,no
127,5.08,4,robot,Equipo B,145.26,69.93,11384,no
127,5.08,0,balon,balon,64.68,74.61,945,no
128,5.12,1,robot,Equipo A,49.94,42.72,13648,no
128,5.12,2,robot,Equipo A,31.34,74.26,14085,no
128,5.12,3,robot,Equipo B,142.35,61.93,0,no
128,5.12,4,robot,Equipo B,145.26,69.93,11493,no
128,5.12,0,balon,balon,64.52,74.77,958,no
129,5.16,1,robot,Equipo A,49.47,41.95,13648,no
129,5.16,2,robot,Equipo A,31.08,74.69,14085,no
129,5.16,3,robot,Equipo B,142.35,61.93,0,no
129,5.16,4,robot,Equipo B,144.62,70.18,12281,no
129,5.16,0,balon,balon,64.43,74.86,933,no
130,5.2,1,robot,Equipo A,49.86,43.29,12758,no
130,5.2,2,robot,Equipo A,31.08,74.69,14123,no
130,5.2,3,robot,Equipo B,142.35,61.93,1361,no
130,5.2,4,robot,Equipo B,144.62,70.18,9453,no
130,5.2,0,balon,balon,64.44,74.84,941,no
131,5.24,1,robot,Equipo A,50.43,44.63,12758,no
131,5.24,2,robot,Equipo A,31.08,74.69,14123,no
131,5.24,3,robot,Equipo B,142.35,61.93,0,no
131,5.24,4,robot,Equipo B,144.62,70.18,9451,no
131,5.24,0,balon,balon,64.58,74.77,942,no
132,5.28,1,robot,Equipo A,51.14,45.96,12758,no
132,5.28,2,robot,Equipo A,31.08,74.69,14123,no
132,5.28,3,robot,Equipo B,142.35,61.93,0,no
132,5.28,4,robot,Equipo B,144.62,70.18,9451,no
132,5.28,0,balon,balon,64.78,74.6,946,no
133,5.32,1,robot,Equipo A,51.96,47.28,12758,no
133,5.32,2,robot,Equipo A,31.08,74.69,14123,no
133,5.32,3,robot,Equipo B,142.35,61.93,0,no
133,5.32,4,robot,Equipo B,144.62,70.18,9451,no
133,5.32,0,balon,balon,64.95,74.44,940,no
134,5.36,1,robot,Equipo A,52.87,48.6,12758,no
134,5.36,2,robot,Equipo A,31.08,74.69,14123,no
134,5.36,3,robot,Equipo B,142.35,61.93,0,no
134,5.36,4,robot,Equipo B,144.62,70.18,9451,no
134,5.36,0,balon,balon,65.18,74.22,931,no
135,5.4,1,robot,Equipo A,52.39,48.73,12773,no
135,5.4,2,robot,Equipo A,31.08,74.69,13950,no
135,5.4,3,robot,Equipo B,142.35,61.93,0,no
135,5.4,4,robot,Equipo B,144.62,70.18,9494,no
135,5.4,0,balon,balon,65.36,73.97,935,no
136,5.44,1,robot,Equipo A,51.85,48.61,12773,no
136,5.44,2,robot,Equipo A,31.08,74.69,13950,no
136,5.44,3,robot,Equipo B,142.35,61.93,0,no
136,5.44,4,robot,Equipo B,144.62,70.18,10849,no
136,5.44,0,balon,balon,65.53,73.77,942,no
137,5.48,1,robot,Equipo A,51.29,48.27,12773,no
137,5.48,2,robot,Equipo A,31.08,74.69,13950,no
137,5.48,3,robot,Equipo B,142.35,61.93,0,no
137,5.48,4,robot,Equipo B,144.62,70.18,11110,no
137,5.48,0,balon,balon,65.62,73.59,941,no
138,5.52,1,robot,Equipo A,50.69,47.78,12773,no
138,5.52,2,robot,Equipo A,31.08,74.69,13950,no
138,5.52,3,robot,Equipo B,142.35,61.93,0,no
138,5.52,4,robot,Equipo B,144.62,70.18,11309,no
138,5.52,0,balon,balon,65.61,73.43,937,no
139,5.56,1,robot,Equipo A,50.07,47.15,12773,no
139,5.56,2,robot,Equipo A,31.08,74.69,13950,no
139,5.56,3,robot,Equipo B,142.35,61.93,0,no
139,5.56,4,robot,Equipo B,144.62,70.18,11344,no
139,5.56,0,balon,balon,65.6,73.28,933,no
140,5.6,1,robot,Equipo A,50.07,47.15,13051,no
140,5.6,2,robot,Equipo A,31.08,74.69,13993,no
140,5.6,3,robot,Equipo B,142.35,61.93,0,no
140,5.6,4,robot,Equipo B,144.62,70.18,9415,no
140,5.6,0,balon,balon,65.53,73.13,937,no
141,5.64,1,robot,Equipo A,50.17,47.74,13051,no
141,5.64,2,robot,Equipo A,31.08,74.69,13993,no
141,5.64,3,robot,Equipo B,142.35,61.93,0,no
141,5.64,4,robot,Equipo B,144.62,70.18,9413,no
141,5.64,0,balon,balon,65.43,72.98,924,no
142,5.68,1,robot,Equipo A,50.37,48.39,13051,no
142,5.68,2,robot,Equipo A,31.08,74.69,13993,no
142,5.68,3,robot,Equipo B,142.35,61.93,0,no
142,5.68,4,robot,Equipo B,144.62,70.18,9413,no
142,5.68,0,balon,balon,65.31,72.84,944,no
143,5.72,1,robot,Equipo A,50.63,49.09,13051,no
143,5.72,2,robot,Equipo A,31.08,74.69,13993,no
143,5.72,3,robot,Equipo B,142.35,61.93,0,no
143,5.72,4,robot,Equipo B,144.62,70.18,9413,no
143,5.72,0,balon,balon,65.25,72.69,942,no
144,5.76,1,robot,Equipo A,50.96,49.81,13051,no
144,5.76,2,robot,Equipo A,31.08,74.69,13993,no
144,5.76,3,robot,Equipo B,142.35,61.93,0,no
144,5.76,4,robot,Equipo B,144.62,70.18,9413,no
144,5.76,0,balon,balon,65.21,72.61,941,no
145,5.8,1,robot,Equipo A,50.96,49.81,13463,no
145,5.8,2,robot,Equipo A,31.08,74.69,13954,no
145,5.8,3,robot,Equipo B,142.35,61.93,0,no
145,5.8,4,robot,Equipo B,144.62,70.18,9340,no
145,5.8,0,balon,balon,65.19,72.5,941,no
146,5.84,1,robot,Equipo A,50.96,49.81,13463,no
146,5.84,2,robot,Equipo A,31.08,74.69,13954,no
146,5.84,3,robot,Equipo B,142.35,61.93,0,no
146,5.84,4,robot,Equipo B,144.62,70.18,10259,no
146,5.84,0,balon,balon,65.25,72.44,924,no
147,5.88,1,robot,Equipo A,50.57,49.33,13463,no
147,5.88,2,robot,Equipo A,31.08,74.69,13954,no
147,5.88,3,robot,Equipo B,142.35,61.93,0,no
147,5.88,4,robot,Equipo B,144.62,70.18,10496,no
147,5.88,0,balon,balon,65.27,72.34,923,no
148,5.92,1,robot,Equipo A,50.18,48.76,13463,no
148,5.92,2,robot,Equipo A,31.08,74.69,13954,no
148,5.92,3,robot,Equipo B,142.35,61.93,0,no
148,5.92,4,robot,Equipo B,144.62,70.18,10704,no
148,5.92,0,balon,balon,65.35,72.22,931,no
149,5.96,1,robot,Equipo A,49.78,48.14,13463,no
149,5.96,2,robot,Equipo A,31.08,74.69,13954,no
149,5.96,3,robot,Equipo B,142.35,61.93,0,no
149,5.96,4,robot,Equipo B,144.62,70.18,10803,no
149,5.96,0,balon,balon,65.4,72.03,920,no
150,6.0,1,robot,Equipo A,49.78,48.14,13147,no
150,6.0,2,robot,Equipo A,31.21,74.17,13702,no
150,6.0,3,robot,Equipo B,142.35,61.93,0,no
150,6.0,4,robot,Equipo B,144.62,70.18,9298,no
150,6.0,0,balon,balon,65.48,71.85,940,no
151,6.04,1,robot,Equipo A,49.78,48.14,13147,no
151,6.04,2,robot,Equipo A,31.21,74.17,13702,no
151,6.04,3,robot,Equipo B,142.35,61.93,0,no
151,6.04,4,robot,Equipo B,144.62,70.18,9298,no
151,6.04,0,balon,balon,65.53,71.63,923,no
152,6.08,1,robot,Equipo A,49.78,48.14,13147,no
152,6.08,2,robot,Equipo A,31.21,74.17,13702,no
152,6.08,3,robot,Equipo B,142.35,61.93,0,no
152,6.08,4,robot,Equipo B,144.62,70.18,9298,no
152,6.08,0,balon,balon,65.56,71.38,937,no
153,6.12,1,robot,Equipo A,50.08,48.59,13147,no
153,6.12,2,robot,Equipo A,31.31,73.66,13702,no
153,6.12,3,robot,Equipo B,142.35,61.93,0,no
153,6.12,4,robot,Equipo B,144.62,70.18,9298,no
153,6.12,0,balon,balon,65.57,71.11,939,no
154,6.16,1,robot,Equipo A,50.4,49.04,13147,no
154,6.16,2,robot,Equipo A,31.31,73.66,13702,no
154,6.16,3,robot,Equipo B,142.35,61.93,0,no
154,6.16,4,robot,Equipo B,144.62,70.18,9298,no
154,6.16,0,balon,balon,65.58,70.89,939,no
155,6.2,1,robot,Equipo A,50.4,49.04,15950,no
155,6.2,2,robot,Equipo A,31.4,73.08,13655,no
155,6.2,3,robot,Equipo B,142.35,61.93,0,no
155,6.2,4,robot,Equipo B,144.62,70.18,9255,no
155,6.2,0,balon,balon,65.58,70.64,923,no
156,6.24,1,robot,Equipo A,50.4,49.04,15950,no
156,6.24,2,robot,Equipo A,31.4,73.08,13655,no
156,6.24,3,robot,Equipo B,142.35,61.93,0,no
156,6.24,4,robot,Equipo B,144.8,69.64,10005,no
156,6.24,0,balon,balon,65.52,70.44,929,no
157,6.28,1,robot,Equipo A,50.24,48.54,15950,no
157,6.28,2,robot,Equipo A,31.46,72.57,13655,no
157,6.28,3,robot,Equipo B,142.35,61.93,0,no
157,6.28,4,robot,Equipo B,144.88,69.14,10414,no
157,6.28,0,balon,balon,65.43,70.2,939,no
158,6.32,1,robot,Equipo A,50.02,47.99,15950,no
158,6.32,2,robot,Equipo A,31.46,72.57,13655,no
158,6.32,3,robot,Equipo B,142.35,61.93,0,no
158,6.32,4,robot,Equipo B,144.58,68.52,11667,no
158,6.32,0,balon,balon,65.31,70.07,938,no
159,6.36,1,robot,Equipo A,49.76,47.4,15950,no
159,6.36,2,robot,Equipo A,31.46,72.57,13655,no
159,6.36,3,robot,Equipo B,142.16,62.48,13594,no
159,6.36,4,robot,Equipo B,144.58,68.52,0,no
159,6.36,0,balon,balon,65.18,69.94,935,no
160,6.4,1,robot,Equipo A,49.76,47.4,14296,no
160,6.4,2,robot,Equipo A,31.46,72.57,13832,no
160,6.4,3,robot,Equipo B,142.16,62.48,0,no
160,6.4,4,robot,Equipo B,144.58,68.52,9210,no
160,6.4,0,balon,balon,64.98,69.86,924,no
161,6.44,1,robot,Equipo A,49.76,47.4,14296,no
161,6.44,2,robot,Equipo A,31.46,72.57,13832,no
161,6.44,3,robot,Equipo B,142.16,62.48,0,no
161,6.44,4,robot,Equipo B,144.58,68.52,9210,no
161,6.44,0,balon,balon,64.81,69.82,932,no
162,6.48,1,robot,Equipo A,49.87,48.0,14296,no
162,6.48,2,robot,Equipo A,31.29,72.09,13832,no
162,6.48,3,robot,Equipo B,142.16,62.48,0,no
162,6.48,4,robot,Equipo B,144.58,68.52,9210,no
162,6.48,0,balon,balon,64.65,69.86,926,no
163,6.52,1,robot,Equipo A,50.04,48.6,14296,no
163,6.52,2,robot,Equipo A,31.29,72.09,13832,no
163,6.52,3,robot,Equipo B,142.16,62.48,0,no
163,6.52,4,robot,Equipo B,144.58,68.52,9210,no
163,6.52,0,balon,balon,64.57,69.88,939,no
164,6.56,1,robot,Equipo A,50.26,49.2,14296,no
164,6.56,2,robot,Equipo A,31.29,72.09,13832,no
164,6.56,3,robot,Equipo B,142.16,62.48,0,no
164,6.56,4,robot,Equipo B,144.58,68.52,9210,no
164,6.56,0,balon,balon,64.46,69.96,937,no
165,6.6,1,robot,Equipo A,50.26,49.2,15434,no
165,6.6,2,robot,Equipo A,31.29,72.09,14010,no
165,6.6,3,robot,Equipo B,142.16,62.48,0,no
165,6.6,4,robot,Equipo B,144.58,68.52,9229,no
165,6.6,0,balon,balon,64.39,70.07,935,no
166,6.64,1,robot,Equipo A,50.26,49.2,15434,no
166,6.64,2,robot,Equipo A,31.29,72.09,14010,no
166,6.64,3,robot,Equipo B,142.16,62.48,0,no
166,6.64,4,robot,Equipo B,144.58,68.52,9873,no
166,6.64,0,balon,balon,64.36,70.13,939,no
167,6.68,1,robot,Equipo A,50.26,49.2,15434,no
167,6.68,2,robot,Equipo A,31.29,72.09,14010,no
167,6.68,3,robot,Equipo B,142.16,62.48,0,no
167,6.68,4,robot,Equipo B,144.58,68.52,10172,no
167,6.68,0,balon,balon,64.34,70.22,927,no
168,6.72,1,robot,Equipo A,49.78,48.95,15434,no
168,6.72,2,robot,Equipo A,31.29,72.09,14010,no
168,6.72,3,robot,Equipo B,142.16,62.48,0,no
168,6.72,4,robot,Equipo B,144.58,68.52,10392,no
168,6.72,0,balon,balon,64.33,70.34,951,no
169,6.76,1,robot,Equipo A,49.32,48.66,15434,no
169,6.76,2,robot,Equipo A,31.29,72.09,14010,no
169,6.76,3,robot,Equipo B,142.16,62.48,0,no
169,6.76,4,robot,Equipo B,144.28,67.99,11493,no
169,6.76,0,balon,balon,64.33,70.41,938,no
170,6.8,1,robot,Equipo A,49.68,46.27,13422,no
170,6.8,2,robot,Equipo A,31.29,72.09,14100,no
170,6.8,3,robot,Equipo B,142.16,62.48,0,no
170,6.8,4,robot,Equipo B,144.28,67.99,9209,no
170,6.8,0,balon,balon,64.33,70.41,0,no
171,6.84,1,robot,Equipo A,49.86,44.27,13422,no
171,6.84,2,robot,Equipo A,31.29,72.09,14100,no
171,6.84,3,robot,Equipo B,142.16,62.48,0,no
171,6.84,4,robot,Equipo B,144.28,67.99,9208,no
171,6.84,0,balon,balon,64.33,70.41,0,no
172,6.88,1,robot,Equipo A,49.89,42.58,13422,no
172,6.88,2,robot,Equipo A,31.29,72.09,14100,no
172,6.88,3,robot,Equipo B,142.16,62.48,0,no
172,6.88,4,robot,Equipo B,144.28,67.99,9208,no
172,6.88,0,balon,balon,64.33,70.41,0,no
173,6.92,1,robot,Equipo A,49.8,41.14,13422,no
173,6.92,2,robot,Equipo A,31.29,72.09,14007,no
173,6.92,3,robot,Equipo B,142.16,62.48,0,no
173,6.92,4,robot,Equipo B,144.28,67.99,9208,no
173,6.92,0,balon,balon,64.33,70.41,0,no
174,6.96,1,robot,Equipo A,49.62,39.9,13422,no
174,6.96,2,robot,Equipo A,31.29,72.09,13894,no
174,6.96,3,robot,Equipo B,142.16,62.48,0,no
174,6.96,4,robot,Equipo B,144.28,67.99,9208,no
174,6.96,0,balon,balon,64.33,70.41,0,no
175,7.0,1,robot,Equipo A,49.84,39.26,13490,no
175,7.0,2,robot,Equipo A,31.29,72.09,13796,no
175,7.0,3,robot,Equipo B,142.16,62.48,0,no
175,7.0,4,robot,Equipo B,144.28,67.99,9065,no
175,7.0,0,balon,balon,64.33,70.41,0,no
176,7.04,1,robot,Equipo A,50.1,38.8,13490,no
176,7.04,2,robot,Equipo A,31.29,72.09,13808,no
176,7.04,3,robot,Equipo B,142.16,62.48,0,no
176,7.04,4,robot,Equipo B,144.28,67.99,9678,no
176,7.04,0,balon,balon,64.33,70.41,0,no
177,7.08,1,robot,Equipo A,50.1,38.8,13490,no
177,7.08,2,robot,Equipo A,31.29,72.09,13867,no
177,7.08,3,robot,Equipo B,142.16,62.48,0,no
177,7.08,4,robot,Equipo B,144.28,67.99,9755,no
177,7.08,0,balon,balon,64.33,70.41,0,no
178,7.12,1,robot,Equipo A,50.1,38.8,13490,no
178,7.12,2,robot,Equipo A,31.29,72.09,13695,no
178,7.12,3,robot,Equipo B,142.16,62.48,0,no
178,7.12,4,robot,Equipo B,144.28,67.99,10028,no
178,7.12,0,balon,balon,64.33,70.41,0,no
179,7.16,1,robot,Equipo A,50.56,38.61,13490,no
179,7.16,2,robot,Equipo A,31.29,72.09,13762,no
179,7.16,3,robot,Equipo B,142.16,62.48,0,no
179,7.16,4,robot,Equipo B,144.28,67.99,10151,no
179,7.16,0,balon,balon,64.33,70.41,0,no
180,7.2,1,robot,Equipo A,50.48,38.05,13518,no
180,7.2,2,robot,Equipo A,31.01,71.66,13901,no
180,7.2,3,robot,Equipo B,142.16,62.48,0,no
180,7.2,4,robot,Equipo B,144.28,67.99,9067,no
180,7.2,0,balon,balon,64.33,70.41,0,no
181,7.24,1,robot,Equipo A,50.33,37.52,13518,no
181,7.24,2,robot,Equipo A,31.01,71.66,13885,no
181,7.24,3,robot,Equipo B,142.16,62.48,0,no
181,7.24,4,robot,Equipo B,144.28,67.99,9067,no
181,7.24,0,balon,balon,64.33,70.41,0,no
182,7.28,1,robot,Equipo A,50.12,37.01,13518,no
182,7.28,2,robot,Equipo A,31.01,71.66,13981,no
182,7.28,3,robot,Equipo B,142.16,62.48,0,no
182,7.28,4,robot,Equipo B,144.28,67.99,9067,no
182,7.28,0,balon,balon,64.33,70.41,0,no
183,7.32,1,robot,Equipo A,49.88,36.51,13518,no
183,7.32,2,robot,Equipo A,31.01,71.66,14043,no
183,7.32,3,robot,Equipo B,142.16,62.48,0,no
183,7.32,4,robot,Equipo B,144.28,67.99,9067,no
183,7.32,0,balon,balon,64.33,70.41,0,no
184,7.36,1,robot,Equipo A,49.59,36.03,13518,no
184,7.36,2,robot,Equipo A,31.01,71.66,14064,no
184,7.36,3,robot,Equipo B,142.16,62.48,0,no
184,7.36,4,robot,Equipo B,144.28,67.99,9067,no
184,7.36,0,balon,balon,64.33,70.41,0,no
185,7.4,1,robot,Equipo A,49.59,36.03,13726,no
185,7.4,2,robot,Equipo A,31.01,71.66,14348,no
185,7.4,3,robot,Equipo B,142.16,62.48,0,no
185,7.4,4,robot,Equipo B,144.28,67.99,9143,no
185,7.4,0,balon,balon,64.33,70.41,0,no
186,7.44,1,robot,Equipo A,49.59,36.03,13726,no
186,7.44,2,robot,Equipo A,31.01,71.66,14271,no
186,7.44,3,robot,Equipo B,142.16,62.48,0,no
186,7.44,4,robot,Equipo B,144.28,67.99,9450,no
186,7.44,0,balon,balon,64.33,70.41,0,no
187,7.48,1,robot,Equipo A,49.59,36.03,13726,no
187,7.48,2,robot,Equipo A,31.01,71.66,14158,no
187,7.48,3,robot,Equipo B,142.16,62.48,0,no
187,7.48,4,robot,Equipo B,144.28,67.99,9855,no
187,7.48,0,balon,balon,64.33,70.41,0,no
188,7.52,1,robot,Equipo A,49.59,36.03,13726,no
188,7.52,2,robot,Equipo A,31.01,71.66,14097,no
188,7.52,3,robot,Equipo B,142.16,62.48,0,no
188,7.52,4,robot,Equipo B,144.28,67.99,10023,no
188,7.52,0,balon,balon,64.33,70.41,0,no
189,7.56,1,robot,Equipo A,49.59,36.03,13726,no
189,7.56,2,robot,Equipo A,31.01,71.66,13852,no
189,7.56,3,robot,Equipo B,142.16,62.48,0,no
189,7.56,4,robot,Equipo B,144.28,67.99,10259,no
189,7.56,0,balon,balon,64.33,70.41,0,no
190,7.6,1,robot,Equipo A,49.59,36.03,13754,no
190,7.6,2,robot,Equipo A,27.58,70.47,14085,no
190,7.6,3,robot,Equipo B,142.16,62.48,0,no
190,7.6,4,robot,Equipo B,144.28,67.99,9126,no
190,7.6,0,balon,balon,64.33,70.41,0,no
191,7.64,1,robot,Equipo A,49.59,36.03,13754,no
191,7.64,2,robot,Equipo A,24.42,69.26,13453,no
191,7.64,3,robot,Equipo B,142.16,62.48,0,no
191,7.64,4,robot,Equipo B,144.28,67.99,9126,no
191,7.64,0,balon,balon,64.33,70.41,0,no
192,7.68,1,robot,Equipo A,49.59,36.03,13754,no
192,7.68,2,robot,Equipo A,21.43,68.03,12778,no
192,7.68,3,robot,Equipo B,147.1,64.84,1396,no
192,7.68,4,robot,Equipo B,144.28,67.99,9126,no
192,7.68,0,balon,balon,50.42,70.77,1249,no
193,7.72,1,robot,Equipo A,49.59,36.03,13754,no
193,7.72,2,robot,Equipo A,18.59,66.76,11851,no
193,7.72,3,robot,Equipo B,150.86,66.49,2361,no
193,7.72,4,robot,Equipo B,144.28,67.99,9126,no
193,7.72,0,balon,balon,42.84,71.1,1222,no
194,7.76,1,robot,Equipo A,49.59,36.03,13754,no
194,7.76,2,robot,Equipo A,15.89,65.4,10667,no
194,7.76,3,robot,Equipo B,153.67,67.43,3600,no
194,7.76,4,robot,Equipo B,144.28,67.99,9126,no
194,7.76,0,balon,balon,38.74,71.34,1035,no
195,7.8,1,robot,Equipo A,49.59,36.03,13856,no
195,7.8,2,robot,Equipo A,19.09,66.39,11460,no
195,7.8,3,robot,Equipo B,153.67,67.43,0,no
195,7.8,4,robot,Equipo B,144.28,67.99,9170,no
195,7.8,0,balon,balon,38.74,71.34,0,no
196,7.84,1,robot,Equipo A,49.59,36.03,13856,no
196,7.84,2,robot,Equipo A,22.64,67.55,12255,no
196,7.84,3,robot,Equipo B,153.67,67.43,0,no
196,7.84,4,robot,Equipo B,144.28,67.99,9795,no
196,7.84,0,balon,balon,38.74,71.34,0,no
197,7.88,1,robot,Equipo A,49.59,36.03,13856,no
197,7.88,2,robot,Equipo A,26.58,68.78,12255,no
197,7.88,3,robot,Equipo B,153.67,67.43,0,no
197,7.88,4,robot,Equipo B,144.28,67.99,10135,no
197,7.88,0,balon,balon,38.74,71.34,0,no
198,7.92,1,robot,Equipo A,49.59,36.03,13856,no
198,7.92,2,robot,Equipo A,30.84,70.04,12255,no
198,7.92,3,robot,Equipo B,153.67,67.43,0,no
198,7.92,4,robot,Equipo B,144.28,67.99,10346,no
198,7.92,0,balon,balon,38.74,71.34,0,no
199,7.96,1,robot,Equipo A,49.87,36.45,13856,no
199,7.96,2,robot,Equipo A,35.36,71.35,12255,no
199,7.96,3,robot,Equipo B,153.67,67.43,0,no
199,7.96,4,robot,Equipo B,144.28,67.99,10375,no
199,7.96,0,balon,balon,38.74,71.34,0,no
200,8.0,1,robot,Equipo A,49.87,36.45,13872,no
200,8.0,2,robot,Equipo A,34.26,71.32,14661,no
200,8.0,3,robot,Equipo B,153.67,67.43,0,no
200,8.0,4,robot,Equipo B,144.28,67.99,9234,no
200,8.0,0,balon,balon,38.74,71.34,0,no
201,8.04,1,robot,Equipo A,49.87,36.45,13872,no
201,8.04,2,robot,Equipo A,32.48,70.98,13974,no
201,8.04,3,robot,Equipo B,153.67,67.43,0,no
201,8.04,4,robot,Equipo B,144.28,67.99,9231,no
201,8.04,0,balon,balon,38.74,71.34,0,no
202,8.08,1,robot,Equipo A,49.87,36.45,13872,no
202,8.08,2,robot,Equipo A,30.07,70.45,14174,no
202,8.08,3,robot,Equipo B,153.67,67.43,0,no
202,8.08,4,robot,Equipo B,144.28,67.99,9231,no
202,8.08,0,balon,balon,38.74,71.34,0,no
203,8.12,1,robot,Equipo A,49.87,36.45,13872,no
203,8.12,2,robot,Equipo A,27.14,69.79,14284,no
203,8.12,3,robot,Equipo B,153.67,67.43,0,no
203,8.12,4,robot,Equipo B,144.28,67.99,9231,no
203,8.12,0,balon,balon,38.74,71.34,0,no
204,8.16,1,robot,Equipo A,49.87,36.45,13872,no
204,8.16,2,robot,Equipo A,23.89,69.07,15052,no
204,8.16,3,robot,Equipo B,153.67,67.43,0,no
204,8.16,4,robot,Equipo B,144.28,67.99,9231,no
204,8.16,0,balon,balon,38.74,71.34,0,no
205,8.2,1,robot,Equipo A,49.87,36.45,13770,no
205,8.2,2,robot,Equipo A,23.89,69.07,0,no
205,8.2,3,robot,Equipo B,153.67,67.43,0,no
205,8.2,4,robot,Equipo B,144.28,67.99,9253,no
205,8.2,0,balon,balon,38.74,71.34,0,no
206,8.24,1,robot,Equipo A,49.87,36.45,13770,no
206,8.24,2,robot,Equipo A,23.89,69.07,0,no
206,8.24,3,robot,Equipo B,153.67,67.43,0,no
206,8.24,4,robot,Equipo B,144.28,67.99,9254,no
206,8.24,0,balon,balon,38.74,71.34,0,no
207,8.28,1,robot,Equipo A,49.87,36.45,13770,no
207,8.28,2,robot,Equipo A,23.89,69.07,0,no
207,8.28,3,robot,Equipo B,153.67,67.43,0,no
207,8.28,4,robot,Equipo B,144.28,67.99,9376,no
207,8.28,0,balon,balon,38.74,71.34,0,no
208,8.32,1,robot,Equipo A,49.87,36.45,13770,no
208,8.32,2,robot,Equipo A,23.89,69.07,0,no
208,8.32,3,robot,Equipo B,153.67,67.43,0,no
208,8.32,4,robot,Equipo B,144.28,67.99,9517,no
208,8.32,0,balon,balon,38.74,71.34,0,no
209,8.36,1,robot,Equipo A,49.87,36.45,13770,no
209,8.36,2,robot,Equipo A,23.89,69.07,0,no
209,8.36,3,robot,Equipo B,153.67,67.43,0,no
209,8.36,4,robot,Equipo B,144.28,67.99,9607,no
209,8.36,0,balon,balon,38.74,71.34,0,no
210,8.4,1,robot,Equipo A,49.47,38.81,15596,no
210,8.4,2,robot,Equipo A,26.6,69.96,13086,no
210,8.4,3,robot,Equipo B,153.67,67.43,0,no
210,8.4,4,robot,Equipo B,144.69,68.31,9491,no
210,8.4,0,balon,balon,38.74,71.34,0,no
211,8.44,1,robot,Equipo A,49.3,40.98,15596,no
211,8.44,2,robot,Equipo A,28.13,70.55,12714,no
211,8.44,3,robot,Equipo B,153.67,67.43,0,no
211,8.44,4,robot,Equipo B,144.69,68.31,9488,no
211,8.44,0,balon,balon,38.74,71.34,0,no
212,8.48,1,robot,Equipo A,49.3,43.01,15596,no
212,8.48,2,robot,Equipo A,28.77,70.89,12092,no
212,8.48,3,robot,Equipo B,153.67,67.43,0,no
212,8.48,4,robot,Equipo B,145.02,68.75,9488,no
212,8.48,0,balon,balon,38.74,71.34,0,no
213,8.52,1,robot,Equipo A,49.44,44.93,15596,no
213,8.52,2,robot,Equipo A,29.08,70.49,9765,no
213,8.52,3,robot,Equipo B,152.2,68.13,9488,no
213,8.52,4,robot,Equipo B,145.02,68.75,0,no
213,8.52,0,balon,balon,38.74,71.34,0,no
214,8.56,1,robot,Equipo A,49.7,46.74,15596,no
214,8.56,2,robot,Equipo A,28.7,70.0,9252,no
214,8.56,3,robot,Equipo B,152.2,68.13,0,no
214,8.56,4,robot,Equipo B,145.28,69.27,9488,no
214,8.56,0,balon,balon,38.74,71.34,0,no
215,8.6,1,robot,Equipo A,49.7,46.74,14762,no
215,8.6,2,robot,Equipo A,30.41,70.88,12560,no
215,8.6,3,robot,Equipo B,152.2,68.13,0,no
215,8.6,4,robot,Equipo B,145.28,69.27,9560,no
215,8.6,0,balon,balon,38.74,71.34,0,no
216,8.64,1,robot,Equipo A,49.7,46.74,14762,no
216,8.64,2,robot,Equipo A,32.32,71.64,12560,no
216,8.64,3,robot,Equipo B,152.2,68.13,0,no
216,8.64,4,robot,Equipo B,145.28,69.27,10851,no
216,8.64,0,balon,balon,38.74,71.34,0,no
217,8.68,1,robot,Equipo A,49.22,46.58,14762,no
217,8.68,2,robot,Equipo A,34.39,72.3,12560,no
217,8.68,3,robot,Equipo B,152.2,68.13,0,no
217,8.68,4,robot,Equipo B,145.28,69.27,11061,no
217,8.68,0,balon,balon,38.74,71.34,0,no
218,8.72,1,robot,Equipo A,48.73,46.25,14762,no
218,8.72,2,robot,Equipo A,36.57,72.89,12560,no
218,8.72,3,robot,Equipo B,152.2,68.13,0,no
218,8.72,4,robot,Equipo B,145.28,69.27,11132,no
218,8.72,0,balon,balon,38.74,71.34,0,no
219,8.76,1,robot,Equipo A,48.22,45.78,14762,no
219,8.76,2,robot,Equipo A,38.86,73.42,12560,no
219,8.76,3,robot,Equipo B,152.2,68.13,0,no
219,8.76,4,robot,Equipo B,145.28,69.27,11194,no
219,8.76,0,balon,balon,50.88,71.87,983,no
220,8.8,1,robot,Equipo A,48.22,45.78,13996,no
220,8.8,2,robot,Equipo A,37.29,73.24,14612,no
220,8.8,3,robot,Equipo B,152.2,68.13,0,no
220,8.8,4,robot,Equipo B,145.67,69.6,9630,no
220,8.8,0,balon,balon,57.56,72.16,965,no
221,8.84,1,robot,Equipo A,48.46,46.3,13996,no
221,8.84,2,robot,Equipo A,35.39,73.09,14612,no
221,8.84,3,robot,Equipo B,152.2,68.13,0,no
221,8.84,4,robot,Equipo B,145.67,69.6,9627,no
221,8.84,0,balon,balon,61.31,72.32,976,no
222,8.88,1,robot,Equipo A,48.8,46.89,13996,no
222,8.88,2,robot,Equipo A,33.21,72.98,14612,no
222,8.88,3,robot,Equipo B,152.2,68.13,0,no
222,8.88,4,robot,Equipo B,145.67,69.6,9627,no
222,8.88,0,balon,balon,63.36,72.4,974,no
223,8.92,1,robot,Equipo A,49.21,47.54,13996,no
223,8.92,2,robot,Equipo A,30.82,72.88,14612,no
223,8.92,3,robot,Equipo B,152.2,68.13,0,no
223,8.92,4,robot,Equipo B,145.67,69.6,9627,no
223,8.92,0,balon,balon,64.5,72.45,970,no
224,8.96,1,robot,Equipo A,49.68,48.23,13996,no
224,8.96,2,robot,Equipo A,28.25,72.81,14612,no
224,8.96,3,robot,Equipo B,152.2,68.13,0,no
224,8.96,4,robot,Equipo B,145.67,69.6,9627,no
224,8.96,0,balon,balon,65.18,72.55,975,no
225,9.0,1,robot,Equipo A,49.68,48.23,13726,no
225,9.0,2,robot,Equipo A,28.89,72.81,14463,no
225,9.0,3,robot,Equipo B,152.2,68.13,0,no
225,9.0,4,robot,Equipo B,145.67,69.6,9654,no
225,9.0,0,balon,balon,65.62,72.66,964,no
226,9.04,1,robot,Equipo A,49.68,48.23,13726,no
226,9.04,2,robot,Equipo A,29.94,72.81,14463,no
226,9.04,3,robot,Equipo B,152.2,68.13,0,no
226,9.04,4,robot,Equipo B,145.67,69.6,10858,no
226,9.04,0,balon,balon,65.93,72.72,954,no
227,9.08,1,robot,Equipo A,49.21,47.92,13726,no
227,9.08,2,robot,Equipo A,31.32,72.8,14463,no
227,9.08,3,robot,Equipo B,152.2,68.13,0,no
227,9.08,4,robot,Equipo B,145.67,69.6,11247,no
227,9.08,0,balon,balon,66.09,72.82,977,no
228,9.12,1,robot,Equipo A,48.66,47.58,13726,no
228,9.12,2,robot,Equipo A,32.96,72.8,14463,no
228,9.12,3,robot,Equipo B,152.2,68.13,0,no
228,9.12,4,robot,Equipo B,145.67,69.6,11356,no
228,9.12,0,balon,balon,66.19,72.87,966,no
229,9.16,1,robot,Equipo A,48.05,47.22,13726,no
229,9.16,2,robot,Equipo A,34.81,72.8,14463,no
229,9.16,3,robot,Equipo B,152.2,68.13,0,no
229,9.16,4,robot,Equipo B,145.67,69.6,11421,no
229,9.16,0,balon,balon,66.24,72.97,967,no
230,9.2,1,robot,Equipo A,48.05,47.22,15073,no
230,9.2,2,robot,Equipo A,34.14,72.86,14387,no
230,9.2,3,robot,Equipo B,152.2,68.13,0,no
230,9.2,4,robot,Equipo B,146.03,70.01,9665,no
230,9.2,0,balon,balon,66.2,73.02,967,no
231,9.24,1,robot,Equipo A,48.05,47.22,15073,no
231,9.24,2,robot,Equipo A,33.18,72.93,14387,no
231,9.24,3,robot,Equipo B,152.2,68.13,0,no
231,9.24,4,robot,Equipo B,146.03,70.01,9663,no
231,9.24,0,balon,balon,66.12,72.99,964,no
232,9.28,1,robot,Equipo A,48.62,47.28,15073,no
232,9.28,2,robot,Equipo A,31.98,73.02,14387,no
232,9.28,3,robot,Equipo B,152.2,68.13,0,no
232,9.28,4,robot,Equipo B,146.03,70.01,9663,no
232,9.28,0,balon,balon,66.01,72.9,969,no
233,9.32,1,robot,Equipo A,49.21,47.39,15073,no
233,9.32,2,robot,Equipo A,30.6,73.12,14387,no
233,9.32,3,robot,Equipo B,152.2,68.13,0,no
233,9.32,4,robot,Equipo B,146.31,70.42,9663,no
233,9.32,0,balon,balon,65.89,72.86,964,no
234,9.36,1,robot,Equipo A,49.82,47.53,15073,no
234,9.36,2,robot,Equipo A,29.07,73.23,14387,no
234,9.36,3,robot,Equipo B,152.2,68.13,0,no
234,9.36,4,robot,Equipo B,146.31,70.42,9663,no
234,9.36,0,balon,balon,65.82,72.77,954,no
235,9.4,1,robot,Equipo A,49.82,47.53,13018,no
235,9.4,2,robot,Equipo A,29.07,73.23,14522,no
235,9.4,3,robot,Equipo B,152.2,68.13,0,no
235,9.4,4,robot,Equipo B,146.31,70.42,9685,no
235,9.4,0,balon,balon,65.71,72.65,966,no
236,9.44,1,robot,Equipo A,49.82,47.53,13018,no
236,9.44,2,robot,Equipo A,29.74,73.0,14522,no
236,9.44,3,robot,Equipo B,152.2,68.13,0,no
236,9.44,4,robot,Equipo B,146.31,70.42,10745,no
236,9.44,0,balon,balon,65.66,72.53,966,no
237,9.48,1,robot,Equipo A,49.82,47.53,13018,no
237,9.48,2,robot,Equipo A,30.59,72.76,14522,no
237,9.48,3,robot,Equipo B,152.2,68.13,0,no
237,9.48,4,robot,Equipo B,146.31,70.42,10987,no
237,9.48,0,balon,balon,65.63,72.39,967,no
238,9.52,1,robot,Equipo A,49.82,47.53,13018,no
238,9.52,2,robot,Equipo A,31.59,72.51,14522,no
238,9.52,3,robot,Equipo B,152.2,68.13,0,no
238,9.52,4,robot,Equipo B,146.31,70.42,11044,no
238,9.52,0,balon,balon,65.61,72.25,978,no
239,9.56,1,robot,Equipo A,49.29,47.38,13018,no
239,9.56,2,robot,Equipo A,32.69,72.25,14522,no
239,9.56,3,robot,Equipo B,152.2,68.13,0,no
239,9.56,4,robot,Equipo B,146.31,70.42,11070,no
239,9.56,0,balon,balon,65.6,72.11,966,no
240,9.6,1,robot,Equipo A,49.29,47.38,15273,no
240,9.6,2,robot,Equipo A,32.69,72.25,14368,no
240,9.6,3,robot,Equipo B,152.2,68.13,0,no
240,9.6,4,robot,Equipo B,146.31,70.42,9800,no
240,9.6,0,balon,balon,65.6,72.03,967,no
241,9.64,1,robot,Equipo A,49.29,47.38,15273,no
241,9.64,2,robot,Equipo A,32.08,72.21,14368,no
241,9.64,3,robot,Equipo B,152.2,68.13,0,no
241,9.64,4,robot,Equipo B,146.31,70.42,9800,no
241,9.64,0,balon,balon,65.59,71.98,965,no
242,9.68,1,robot,Equipo A,49.29,47.38,15273,no
242,9.68,2,robot,Equipo A,31.33,72.22,14368,no
242,9.68,3,robot,Equipo B,152.2,68.13,0,no
242,9.68,4,robot,Equipo B,146.31,70.42,9800,no
242,9.68,0,balon,balon,65.65,71.96,965,no
243,9.72,1,robot,Equipo A,49.69,47.01,15273,no
243,9.72,2,robot,Equipo A,30.47,72.25,14368,no
243,9.72,3,robot,Equipo B,152.2,68.13,0,no
243,9.72,4,robot,Equipo B,146.31,70.42,9800,no
243,9.72,0,balon,balon,65.69,71.95,967,no
244,9.76,1,robot,Equipo A,50.09,46.65,15273,no
244,9.76,2,robot,Equipo A,29.54,72.3,14368,no
244,9.76,3,robot,Equipo B,152.2,68.13,0,no
244,9.76,4,robot,Equipo B,146.31,70.42,9800,no
244,9.76,0,balon,balon,65.77,72.01,966,no
245,9.8,1,robot,Equipo A,50.09,46.65,13484,no
245,9.8,2,robot,Equipo A,29.54,72.3,14223,no
245,9.8,3,robot,Equipo B,152.2,68.13,0,no
245,9.8,4,robot,Equipo B,146.31,70.42,9782,no
245,9.8,0,balon,balon,65.82,72.04,972,no
246,9.84,1,robot,Equipo A,50.09,46.65,13484,no
246,9.84,2,robot,Equipo A,30.06,72.2,14223,no
246,9.84,3,robot,Equipo B,152.2,68.13,0,no
246,9.84,4,robot,Equipo B,146.31,70.42,9782,no
246,9.84,0,balon,balon,65.85,72.06,979,no
247,9.88,1,robot,Equipo A,50.09,46.65,13484,no
247,9.88,2,robot,Equipo A,30.68,72.09,14223,no
247,9.88,3,robot,Equipo B,152.2,68.13,0,no
247,9.88,4,robot,Equipo B,146.31,70.42,9786,no
247,9.88,0,balon,balon,65.93,72.07,978,no
248,9.92,1,robot,Equipo A,50.09,46.65,13484,no
248,9.92,2,robot,Equipo A,31.37,71.97,14223,no
248,9.92,3,robot,Equipo B,152.2,68.13,0,no
248,9.92,4,robot,Equipo B,146.31,70.42,10810,no
248,9.92,0,balon,balon,65.97,72.07,982,no
249,9.96,1,robot,Equipo A,49.71,47.08,13484,no
249,9.96,2,robot,Equipo A,32.12,71.85,14223,no
249,9.96,3,robot,Equipo B,152.2,68.13,0,no
249,9.96,4,robot,Equipo B,146.31,70.42,10989,no
249,9.96,0,balon,balon,65.99,72.08,968,no
250,10.0,1,robot,Equipo A,49.71,47.08,13070,no
250,10.0,2,robot,Equipo A,32.12,71.85,13819,no
250,10.0,3,robot,Equipo B,152.2,68.13,0,no
250,10.0,4,robot,Equipo B,146.31,70.42,9663,no
250,10.0,0,balon,balon,65.94,72.01,964,no
251,10.04,1,robot,Equipo A,49.71,47.08,13070,no
251,10.04,2,robot,Equipo A,32.12,71.85,13819,no
251,10.04,3,robot,Equipo B,152.2,68.13,0,no
251,10.04,4,robot,Equipo B,146.31,70.42,9663,no
251,10.04,0,balon,balon,65.91,71.97,970,no
252,10.08,1,robot,Equipo A,49.71,47.08,13070,no
252,10.08,2,robot,Equipo A,32.12,71.85,13819,no
252,10.08,3,robot,Equipo B,152.2,68.13,0,no
252,10.08,4,robot,Equipo B,146.31,70.42,9663,no
252,10.08,0,balon,balon,65.9,71.95,968,no
253,10.12,1,robot,Equipo A,49.71,47.08,13070,no
253,10.12,2,robot,Equipo A,31.56,71.98,13819,no
253,10.12,3,robot,Equipo B,152.2,68.13,0,no
253,10.12,4,robot,Equipo B,146.31,70.42,9663,no
253,10.12,0,balon,balon,65.89,71.94,956,no
254,10.16,1,robot,Equipo A,49.71,47.08,13070,no
254,10.16,2,robot,Equipo A,30.97,72.12,13819,no
254,10.16,3,robot,Equipo B,152.2,68.13,0,no
254,10.16,4,robot,Equipo B,146.31,70.42,9663,no
254,10.16,0,balon,balon,65.89,71.94,962,no
255,10.2,1,robot,Equipo A,49.71,47.08,14609,no
255,10.2,2,robot,Equipo A,30.97,72.12,14270,no
255,10.2,3,robot,Equipo B,152.2,68.13,0,no
255,10.2,4,robot,Equipo B,146.31,70.42,9840,no
255,10.2,0,balon,balon,65.88,72.0,969,no
256,10.24,1,robot,Equipo A,49.71,47.08,14609,no
256,10.24,2,robot,Equipo A,30.97,72.12,14270,no
256,10.24,3,robot,Equipo B,152.2,68.13,0,no
256,10.24,4,robot,Equipo B,146.31,70.42,9840,no
256,10.24,0,balon,balon,65.88,72.04,967,no
257,10.28,1,robot,Equipo A,49.71,47.08,14609,no
257,10.28,2,robot,Equipo A,30.97,72.12,14270,no
257,10.28,3,robot,Equipo B,152.2,68.13,0,no
257,10.28,4,robot,Equipo B,146.31,70.42,9840,no
257,10.28,0,balon,balon,65.88,72.06,962,no
258,10.32,1,robot,Equipo A,49.71,47.08,14609,no
258,10.32,2,robot,Equipo A,30.97,72.12,14270,no
258,10.32,3,robot,Equipo B,152.2,68.13,0,no
258,10.32,4,robot,Equipo B,146.31,70.42,9840,no
258,10.32,0,balon,balon,65.88,72.13,960,no
259,10.36,1,robot,Equipo A,49.23,47.4,14609,no
259,10.36,2,robot,Equipo A,31.46,71.99,14270,no
259,10.36,3,robot,Equipo B,152.2,68.13,0,no
259,10.36,4,robot,Equipo B,146.31,70.42,9840,no
259,10.36,0,balon,balon,65.88,72.17,967,no
260,10.4,1,robot,Equipo A,49.23,47.4,15500,no
260,10.4,2,robot,Equipo A,31.46,71.99,14188,no
260,10.4,3,robot,Equipo B,152.2,68.13,0,no
260,10.4,4,robot,Equipo B,146.31,70.42,9802,no
260,10.4,0,balon,balon,65.88,72.26,974,no
261,10.44,1,robot,Equipo A,49.23,47.4,15500,no
261,10.44,2,robot,Equipo A,31.46,71.99,14188,no
261,10.44,3,robot,Equipo B,152.2,68.13,0,no
261,10.44,4,robot,Equipo B,146.31,70.42,9798,no
261,10.44,0,balon,balon,65.94,72.31,968,no
262,10.48,1,robot,Equipo A,49.23,47.4,15500,no
262,10.48,2,robot,Equipo A,31.46,71.99,14188,no
262,10.48,3,robot,Equipo B,152.2,68.13,0,no
262,10.48,4,robot,Equipo B,146.31,70.42,9797,no
262,10.48,0,balon,balon,65.98,72.34,969,no
263,10.52,1,robot,Equipo A,49.23,47.4,15500,no
263,10.52,2,robot,Equipo A,31.46,71.99,14188,no
263,10.52,3,robot,Equipo B,152.2,68.13,0,no
263,10.52,4,robot,Equipo B,146.31,70.42,9797,no
263,10.52,0,balon,balon,66.06,72.35,976,no
264,10.56,1,robot,Equipo A,49.23,47.4,15500,no
264,10.56,2,robot,Equipo A,30.98,72.21,14188,no
264,10.56,3,robot,Equipo B,152.2,68.13,0,no
264,10.56,4,robot,Equipo B,146.31,70.42,9797,no
264,10.56,0,balon,balon,66.1,72.29,970,no
265,10.6,1,robot,Equipo A,49.23,47.4,14768,no
265,10.6,2,robot,Equipo A,30.98,72.21,14068,no
265,10.6,3,robot,Equipo B,152.2,68.13,0,no
265,10.6,4,robot,Equipo B,146.31,70.42,9821,no
265,10.6,0,balon,balon,66.19,72.2,966,no
266,10.64,1,robot,Equipo A,49.23,47.4,14768,no
266,10.64,2,robot,Equipo A,30.98,72.21,14068,no
266,10.64,3,robot,Equipo B,152.2,68.13,0,no
266,10.64,4,robot,Equipo B,146.31,70.42,9827,no
266,10.64,0,balon,balon,66.24,72.08,965,no
267,10.68,1,robot,Equipo A,49.23,47.4,14768,no
267,10.68,2,robot,Equipo A,30.98,72.21,14068,no
267,10.68,3,robot,Equipo B,152.2,68.13,0,no
267,10.68,4,robot,Equipo B,146.31,70.42,10793,no
267,10.68,0,balon,balon,66.2,71.95,971,no
268,10.72,1,robot,Equipo A,49.23,47.4,14768,no
268,10.72,2,robot,Equipo A,30.98,72.21,14068,no
268,10.72,3,robot,Equipo B,152.2,68.13,0,no
268,10.72,4,robot,Equipo B,146.31,70.42,10901,no
268,10.72,0,balon,balon,66.18,71.88,967,no
269,10.76,1,robot,Equipo A,49.23,47.4,14768,no
269,10.76,2,robot,Equipo A,31.56,72.07,14068,no
269,10.76,3,robot,Equipo B,152.2,68.13,0,no
269,10.76,4,robot,Equipo B,146.31,70.42,11052,no
269,10.76,0,balon,balon,66.17,71.77,973,no
270,10.8,1,robot,Equipo A,49.98,45.32,13897,no
270,10.8,2,robot,Equipo A,31.56,72.07,13867,no
270,10.8,3,robot,Equipo B,152.2,68.13,0,no
270,10.8,4,robot,Equipo B,146.31,70.42,9842,no
270,10.8,0,balon,balon,66.17,71.71,967,no
271,10.84,1,robot,Equipo A,50.44,43.45,13897,no
271,10.84,2,robot,Equipo A,31.56,72.07,13867,no
271,10.84,3,robot,Equipo B,152.2,68.13,0,no
271,10.84,4,robot,Equipo B,146.31,70.42,9842,no
271,10.84,0,balon,balon,66.23,71.62,971,no
272,10.88,1,robot,Equipo A,50.66,41.75,13897,no
272,10.88,2,robot,Equipo A,31.56,72.07,13867,no
272,10.88,3,robot,Equipo B,152.2,68.13,0,no
272,10.88,4,robot,Equipo B,146.31,70.42,9842,no
272,10.88,0,balon,balon,66.32,71.5,979,no
273,10.92,1,robot,Equipo A,50.7,40.19,13897,no
273,10.92,2,robot,Equipo A,31.56,72.07,13867,no
273,10.92,3,robot,Equipo B,152.2,68.13,0,no
273,10.92,4,robot,Equipo B,146.31,70.42,9840,no
273,10.92,0,balon,balon,66.38,71.31,967,no
274,10.96,1,robot,Equipo A,50.59,38.74,13897,no
274,10.96,2,robot,Equipo A,31.56,72.07,13867,no
274,10.96,3,robot,Equipo B,152.2,68.13,0,no
274,10.96,4,robot,Equipo B,146.31,70.42,9840,no
274,10.96,0,balon,balon,66.47,71.07,971,no
275,11.0,1,robot,Equipo A,51.1,38.18,13841,no
275,11.0,2,robot,Equipo A,31.56,72.07,12134,no
275,11.0,3,robot,Equipo B,152.2,68.13,0,no
275,11.0,4,robot,Equipo B,146.31,70.42,9776,no
275,11.0,0,balon,balon,66.46,70.87,976,no
276,11.04,1,robot,Equipo A,51.62,37.85,13841,no
276,11.04,2,robot,Equipo A,31.56,72.07,12134,no
276,11.04,3,robot,Equipo B,152.2,68.13,0,no
276,11.04,4,robot,Equipo B,146.31,70.42,9776,no
276,11.04,0,balon,balon,66.32,70.76,973,no
277,11.08,1,robot,Equipo A,52.15,37.71,13841,no
277,11.08,2,robot,Equipo A,31.56,72.07,12134,no
277,11.08,3,robot,Equipo B,152.2,68.13,0,no
277,11.08,4,robot,Equipo B,146.31,70.42,9776,no
277,11.08,0,balon,balon,66.19,70.83,977,no
278,11.12,1,robot,Equipo A,52.68,37.71,13841,no
278,11.12,2,robot,Equipo A,31.96,71.72,12134,no
278,11.12,3,robot,Equipo B,152.2,68.13,0,no
278,11.12,4,robot,Equipo B,146.31,70.42,9776,no
278,11.12,0,balon,balon,66.05,70.94,970,no
279,11.16,1,robot,Equipo A,53.22,37.82,13841,no
279,11.16,2,robot,Equipo A,32.37,71.39,12134,no
279,11.16,3,robot,Equipo B,152.2,68.13,0,no
279,11.16,4,robot,Equipo B,146.31,70.42,9977,no
279,11.16,0,balon,balon,65.97,71.13,968,no
280,11.2,1,robot,Equipo A,52.64,39.73,13113,no
280,11.2,2,robot,Equipo A,32.37,71.39,12497,no
280,11.2,3,robot,Equipo B,152.2,68.13,0,no
280,11.2,4,robot,Equipo B,146.31,70.42,9715,no
280,11.2,0,balon,balon,65.93,71.3,983,no
281,11.24,1,robot,Equipo A,52.19,41.43,13113,no
281,11.24,2,robot,Equipo A,32.37,71.39,12497,no
281,11.24,3,robot,Equipo B,152.2,68.13,0,no
281,11.24,4,robot,Equipo B,146.31,70.42,9715,no
281,11.24,0,balon,balon,65.97,71.45,968,no
282,11.28,1,robot,Equipo A,51.87,42.97,13113,no
282,11.28,2,robot,Equipo A,32.37,71.39,12497,no
282,11.28,3,robot,Equipo B,152.2,68.13,0,no
282,11.28,4,robot,Equipo B,146.31,70.42,9713,no
282,11.28,0,balon,balon,66.06,71.6,954,no
283,11.32,1,robot,Equipo A,51.64,44.37,13113,no
283,11.32,2,robot,Equipo A,31.87,71.79,12497,no
283,11.32,3,robot,Equipo B,152.2,68.13,0,no
283,11.32,4,robot,Equipo B,146.31,70.42,9712,no
283,11.32,0,balon,balon,66.23,71.75,967,no
284,11.36,1,robot,Equipo A,51.48,45.67,13113,no
284,11.36,2,robot,Equipo A,31.36,72.19,12497,no
284,11.36,3,robot,Equipo B,152.2,68.13,0,no
284,11.36,4,robot,Equipo B,146.31,70.42,9712,no
284,11.36,0,balon,balon,66.39,71.9,960,no
285,11.4,1,robot,Equipo A,51.48,45.67,15486,no
285,11.4,2,robot,Equipo A,31.36,72.19,13629,no
285,11.4,3,robot,Equipo B,152.2,68.13,0,no
285,11.4,4,robot,Equipo B,146.31,70.42,9704,no
285,11.4,0,balon,balon,66.54,71.98,967,no
286,11.44,1,robot,Equipo A,51.48,45.67,15486,no
286,11.44,2,robot,Equipo A,31.36,72.19,13629,no
286,11.44,3,robot,Equipo B,152.2,68.13,0,no
286,11.44,4,robot,Equipo B,146.31,70.42,9704,no
286,11.44,0,balon,balon,66.69,72.09,968,no
287,11.48,1,robot,Equipo A,51.48,45.67,15486,no
287,11.48,2,robot,Equipo A,31.86,72.08,13629,no
287,11.48,3,robot,Equipo B,152.2,68.13,0,no
287,11.48,4,robot,Equipo B,146.31,70.42,10731,no
287,11.48,0,balon,balon,66.77,72.21,980,no
288,11.52,1,robot,Equipo A,51.48,45.67,15486,no
288,11.52,2,robot,Equipo A,32.4,71.94,13629,no
288,11.52,3,robot,Equipo B,152.2,68.13,0,no
288,11.52,4,robot,Equipo B,146.31,70.42,10882,no
288,11.52,0,balon,balon,66.81,72.28,974,no
289,11.56,1,robot,Equipo A,51.48,45.67,15486,no
289,11.56,2,robot,Equipo A,32.98,71.76,13629,no
289,11.56,3,robot,Equipo B,152.2,68.13,0,no
289,11.56,4,robot,Equipo B,146.31,70.42,11089,no
289,11.56,0,balon,balon,66.9,72.39,964,no
290,11.6,1,robot,Equipo A,51.02,46.07,13807,no
290,11.6,2,robot,Equipo A,32.98,71.76,13951,no
290,11.6,3,robot,Equipo B,152.2,68.13,0,no
290,11.6,4,robot,Equipo B,146.31,70.42,9942,no
290,11.6,0,balon,balon,66.95,72.44,960,no
291,11.64,1,robot,Equipo A,50.7,46.5,13807,no
291,11.64,2,robot,Equipo A,32.98,71.76,13951,no
291,11.64,3,robot,Equipo B,152.2,68.13,0,no
291,11.64,4,robot,Equipo B,146.31,70.42,9939,no
291,11.64,0,balon,balon,66.91,72.47,970,no
292,11.68,1,robot,Equipo A,50.51,46.96,13807,no
292,11.68,2,robot,Equipo A,32.98,71.76,13951,no
292,11.68,3,robot,Equipo B,152.2,68.13,0,no
292,11.68,4,robot,Equipo B,146.31,70.42,9938,no
292,11.68,0,balon,balon,66.83,72.49,962,no
293,11.72,1,robot,Equipo A,50.51,46.96,13807,no
293,11.72,2,robot,Equipo A,32.56,72.12,13951,no
293,11.72,3,robot,Equipo B,152.2,68.13,0,no
293,11.72,4,robot,Equipo B,146.31,70.42,9938,no
293,11.72,0,balon,balon,66.72,72.57,963,no
294,11.76,1,robot,Equipo A,50.46,47.57,13807,no
294,11.76,2,robot,Equipo A,32.11,72.45,13951,no
294,11.76,3,robot,Equipo B,152.2,68.13,0,no
294,11.76,4,robot,Equipo B,146.31,70.42,9938,no
294,11.76,0,balon,balon,66.53,72.61,980,no
295,11.8,1,robot,Equipo A,50.46,47.57,14208,no
295,11.8,2,robot,Equipo A,32.11,72.45,12106,no
295,11.8,3,robot,Equipo B,152.2,68.13,0,no
295,11.8,4,robot,Equipo B,146.31,70.42,10001,no
295,11.8,0,balon,balon,66.36,72.56,981,no
296,11.84,1,robot,Equipo A,50.46,47.57,14208,no
296,11.84,2,robot,Equipo A,32.11,72.45,12106,no
296,11.84,3,robot,Equipo B,152.2,68.13,0,no
296,11.84,4,robot,Equipo B,146.31,70.42,10004,no
296,11.84,0,balon,balon,66.21,72.54,976,no
297,11.88,1,robot,Equipo A,49.92,47.36,14208,no
297,11.88,2,robot,Equipo A,32.11,72.45,12106,no
297,11.88,3,robot,Equipo B,152.2,68.13,0,no
297,11.88,4,robot,Equipo B,146.31,70.42,11123,no
297,11.88,0,balon,balon,66.06,72.53,979,no
298,11.92,1,robot,Equipo A,49.37,47.1,14208,no
298,11.92,2,robot,Equipo A,32.11,72.45,12106,no
298,11.92,3,robot,Equipo B,152.2,68.13,0,no
298,11.92,4,robot,Equipo B,146.31,70.42,11354,no
298,11.92,0,balon,balon,65.91,72.52,970,no
299,11.96,1,robot,Equipo A,48.82,46.81,14208,no
299,11.96,2,robot,Equipo A,32.11,72.45,12106,no
299,11.96,3,robot,Equipo B,152.2,68.13,0,no
299,11.96,4,robot,Equipo B,146.31,70.42,11472,no
299,11.96,0,balon,balon,65.7,72.38,980,no
300,12.0,1,robot,Equipo A,48.82,46.81,13631,no
300,12.0,2,robot,Equipo A,32.11,72.45,12330,no
300,12.0,3,robot,Equipo B,152.2,68.13,0,no
300,12.0,4,robot,Equipo B,146.31,70.42,9747,no
300,12.0,0,balon,balon,65.46,72.25,989,no
301,12.04,1,robot,Equipo A,48.82,46.81,13631,no
301,12.04,2,robot,Equipo A,32.11,72.45,12330,no
301,12.04,3,robot,Equipo B,152.2,68.13,0,no
301,12.04,4,robot,Equipo B,146.31,70.42,9747,no
301,12.04,0,balon,balon,65.33,72.1,973,no
302,12.08,1,robot,Equipo A,48.82,46.81,13631,no
302,12.08,2,robot,Equipo A,32.11,72.45,12330,no
302,12.08,3,robot,Equipo B,152.2,68.13,0,no
302,12.08,4,robot,Equipo B,146.31,70.42,9746,no
302,12.08,0,balon,balon,65.32,72.03,967,no
303,12.12,1,robot,Equipo A,48.82,46.81,13631,no
303,12.12,2,robot,Equipo A,31.64,72.64,12330,no
303,12.12,3,robot,Equipo B,152.2,68.13,0,no
303,12.12,4,robot,Equipo B,146.31,70.42,9745,no
303,12.12,0,balon,balon,65.32,71.92,982,no
304,12.16,1,robot,Equipo A,48.82,46.81,13631,no
304,12.16,2,robot,Equipo A,31.64,72.64,12330,no
304,12.16,3,robot,Equipo B,152.2,68.13,0,no
304,12.16,4,robot,Equipo B,146.31,70.42,9745,no
304,12.16,0,balon,balon,65.38,71.73,982,no
305,12.2,1,robot,Equipo A,48.82,46.81,13557,no
305,12.2,2,robot,Equipo A,31.64,72.64,12356,no
305,12.2,3,robot,Equipo B,152.2,68.13,0,no
305,12.2,4,robot,Equipo B,146.31,70.42,9749,no
305,12.2,0,balon,balon,65.54,71.56,975,no
306,12.24,1,robot,Equipo A,48.82,46.81,13557,no
306,12.24,2,robot,Equipo A,31.64,72.64,12356,no
306,12.24,3,robot,Equipo B,152.2,68.13,0,no
306,12.24,4,robot,Equipo B,146.31,70.42,9749,no
306,12.24,0,balon,balon,65.69,71.34,971,no
307,12.28,1,robot,Equipo A,48.82,46.81,13557,no
307,12.28,2,robot,Equipo A,31.64,72.64,12356,no
307,12.28,3,robot,Equipo B,152.2,68.13,0,no
307,12.28,4,robot,Equipo B,146.31,70.42,10419,no
307,12.28,0,balon,balon,65.9,71.15,964,no
308,12.32,1,robot,Equipo A,48.82,46.81,13557,no
308,12.32,2,robot,Equipo A,31.64,72.64,12356,no
308,12.32,3,robot,Equipo B,152.2,68.13,0,no
308,12.32,4,robot,Equipo B,146.31,70.42,10604,no
308,12.32,0,balon,balon,66.02,70.98,969,no
309,12.36,1,robot,Equipo A,49.28,46.46,13557,no
309,12.36,2,robot,Equipo A,31.64,72.64,12356,no
309,12.36,3,robot,Equipo B,152.2,68.13,0,no
309,12.36,4,robot,Equipo B,146.31,70.42,10818,no
309,12.36,0,balon,balon,66.21,70.83,967,no
310,12.4,1,robot,Equipo A,49.28,46.46,14241,no
310,12.4,2,robot,Equipo A,31.64,72.64,14095,no
310,12.4,3,robot,Equipo B,152.2,68.13,0,no
310,12.4,4,robot,Equipo B,146.31,70.42,9981,no
310,12.4,0,balon,balon,66.38,70.74,955,no
311,12.44,1,robot,Equipo A,49.28,46.46,14241,no
311,12.44,2,robot,Equipo A,31.64,72.64,14095,no
311,12.44,3,robot,Equipo B,152.2,68.13,0,no
311,12.44,4,robot,Equipo B,146.31,70.42,9980,no
311,12.44,0,balon,balon,66.47,70.69,979,no
312,12.48,1,robot,Equipo A,49.28,46.46,14241,no
312,12.48,2,robot,Equipo A,31.64,72.64,14095,no
312,12.48,3,robot,Equipo B,152.2,68.13,0,no
312,12.48,4,robot,Equipo B,146.72,70.12,9978,no
312,12.48,0,balon,balon,66.58,70.6,974,no
313,12.52,1,robot,Equipo A,49.28,46.46,14241,no
313,12.52,2,robot,Equipo A,31.64,72.64,14095,no
313,12.52,3,robot,Equipo B,152.2,68.13,0,no
313,12.52,4,robot,Equipo B,146.72,70.12,9978,no
313,12.52,0,balon,balon,66.71,70.61,974,no
314,12.56,1,robot,Equipo A,49.28,46.46,14241,no
314,12.56,2,robot,Equipo A,31.64,72.64,14095,no
314,12.56,3,robot,Equipo B,152.2,68.13,0,no
314,12.56,4,robot,Equipo B,146.72,70.12,9978,no
314,12.56,0,balon,balon,66.78,70.62,968,no
315,12.6,1,robot,Equipo A,49.28,46.46,14783,no
315,12.6,2,robot,Equipo A,31.64,72.64,14182,no
315,12.6,3,robot,Equipo B,152.2,68.13,0,no
315,12.6,4,robot,Equipo B,146.72,70.12,10008,no
315,12.6,0,balon,balon,66.82,70.62,983,no
316,12.64,1,robot,Equipo A,49.28,46.46,14783,no
316,12.64,2,robot,Equipo A,31.64,72.64,14182,no
316,12.64,3,robot,Equipo B,152.2,68.13,0,no
316,12.64,4,robot,Equipo B,146.72,70.12,10008,no
316,12.64,0,balon,balon,50.59,70.3,1151,no
317,12.68,1,robot,Equipo A,49.28,46.46,14783,no
317,12.68,2,robot,Equipo A,31.83,72.15,14182,no
317,12.68,3,robot,Equipo B,152.2,68.13,0,no
317,12.68,4,robot,Equipo B,146.72,70.12,10008,no
317,12.68,0,balon,balon,41.72,70.13,1186,no
318,12.72,1,robot,Equipo A,49.28,46.46,14783,no
318,12.72,2,robot,Equipo A,31.83,72.15,14182,no
318,12.72,3,robot,Equipo B,152.2,68.13,0,no
318,12.72,4,robot,Equipo B,146.72,70.12,10008,no
318,12.72,0,balon,balon,36.78,70.16,1170,no
319,12.76,1,robot,Equipo A,49.28,46.46,14783,no
319,12.76,2,robot,Equipo A,31.83,72.15,14182,no
319,12.76,3,robot,Equipo B,152.2,68.13,0,no
319,12.76,4,robot,Equipo B,146.72,70.12,10008,no
319,12.76,0,balon,balon,50.32,70.57,978,no
320,12.8,1,robot,Equipo A,49.28,46.46,14517,no
320,12.8,2,robot,Equipo A,31.83,72.15,14099,no
320,12.8,3,robot,Equipo B,152.2,68.13,0,no
320,12.8,4,robot,Equipo B,146.72,70.12,9966,no
320,12.8,0,balon,balon,57.7,70.79,981,no
321,12.84,1,robot,Equipo A,49.28,46.46,14517,no
321,12.84,2,robot,Equipo A,31.83,72.15,14099,no
321,12.84,3,robot,Equipo B,152.2,68.13,0,no
321,12.84,4,robot,Equipo B,146.72,70.12,9966,no
321,12.84,0,balon,balon,61.7,70.92,979,no
322,12.88,1,robot,Equipo A,49.28,46.46,14517,no
322,12.88,2,robot,Equipo A,31.83,72.15,14099,no
322,12.88,3,robot,Equipo B,152.2,68.13,0,no
322,12.88,4,robot,Equipo B,146.72,70.12,9966,no
322,12.88,0,balon,balon,63.83,70.99,973,no
323,12.92,1,robot,Equipo A,49.12,47.05,14517,no
323,12.92,2,robot,Equipo A,31.83,72.15,14099,no
323,12.92,3,robot,Equipo B,152.2,68.13,0,no
323,12.92,4,robot,Equipo B,146.72,70.12,9966,no
323,12.92,0,balon,balon,64.94,70.96,984,no
324,12.96,1,robot,Equipo A,48.95,47.64,14517,no
324,12.96,2,robot,Equipo A,31.83,72.15,14099,no
324,12.96,3,robot,Equipo B,152.2,68.13,0,no
324,12.96,4,robot,Equipo B,146.72,70.12,9966,no
324,12.96,0,balon,balon,65.49,70.94,977,no
325,13.0,1,robot,Equipo A,49.7,45.33,13963,no
325,13.0,2,robot,Equipo A,31.83,72.15,14432,no
325,13.0,3,robot,Equipo B,152.2,68.13,0,no
325,13.0,4,robot,Equipo B,146.72,70.12,9893,no
325,13.0,0,balon,balon,65.79,70.93,972,no
326,13.04,1,robot,Equipo A,50.13,43.17,13963,no
326,13.04,2,robot,Equipo A,31.83,72.15,14432,no
326,13.04,3,robot,Equipo B,152.2,68.13,0,no
326,13.04,4,robot,Equipo B,146.72,70.12,9899,no
326,13.04,0,balon,balon,65.89,70.86,971,no
327,13.08,1,robot,Equipo A,50.31,41.12,13963,no
327,13.08,2,robot,Equipo A,31.83,72.15,14432,no
327,13.08,3,robot,Equipo B,152.2,68.13,0,no
327,13.08,4,robot,Equipo B,146.72,70.12,10262,no
327,13.08,0,balon,balon,65.95,70.83,973,no
328,13.12,1,robot,Equipo A,50.28,39.16,13963,no
328,13.12,2,robot,Equipo A,31.83,72.15,14432,no
328,13.12,3,robot,Equipo B,152.2,68.13,0,no
328,13.12,4,robot,Equipo B,146.72,70.12,10342,no
328,13.12,0,balon,balon,65.98,70.81,986,no
329,13.16,1,robot,Equipo A,50.08,37.28,13963,no
329,13.16,2,robot,Equipo A,31.83,72.15,14432,no
329,13.16,3,robot,Equipo B,152.2,68.13,0,no
329,13.16,4,robot,Equipo B,146.72,70.12,10486,no
329,13.16,0,balon,balon,66.0,70.73,973,no
330,13.2,1,robot,Equipo A,50.6,36.99,14002,no
330,13.2,2,robot,Equipo A,31.83,72.15,14347,no
330,13.2,3,robot,Equipo B,152.2,68.13,0,no
330,13.2,4,robot,Equipo B,146.72,70.12,9991,no
330,13.2,0,balon,balon,66.01,70.68,971,no
331,13.24,1,robot,Equipo A,51.17,37.02,14002,no
331,13.24,2,robot,Equipo A,31.83,72.15,14347,no
331,13.24,3,robot,Equipo B,152.2,68.13,0,no
331,13.24,4,robot,Equipo B,146.72,70.12,9990,no
331,13.24,0,balon,balon,66.08,70.6,977,no
332,13.28,1,robot,Equipo A,51.76,37.3,14002,no
332,13.28,2,robot,Equipo A,31.83,72.15,14347,no
332,13.28,3,robot,Equipo B,152.2,68.13,0,no
332,13.28,4,robot,Equipo B,146.72,70.12,9988,no
332,13.28,0,balon,balon,66.11,70.55,983,no
333,13.32,1,robot,Equipo A,52.37,37.78,14002,no
333,13.32,2,robot,Equipo A,31.83,72.15,14347,no
333,13.32,3,robot,Equipo B,152.2,68.13,0,no
333,13.32,4,robot,Equipo B,146.72,70.12,9988,no
333,13.32,0,balon,balon,66.2,70.52,975,no
334,13.36,1,robot,Equipo A,53.0,38.43,14002,no
334,13.36,2,robot,Equipo A,31.83,72.15,14347,no
334,13.36,3,robot,Equipo B,152.2,68.13,0,no
334,13.36,4,robot,Equipo B,146.72,70.12,9988,no
334,13.36,0,balon,balon,66.24,70.44,975,no
335,13.4,1,robot,Equipo A,52.12,40.28,15150,no
335,13.4,2,robot,Equipo A,31.83,72.15,14316,no
335,13.4,3,robot,Equipo B,152.2,68.13,0,no
335,13.4,4,robot,Equipo B,146.72,70.12,10046,no
335,13.4,0,balon,balon,66.33,70.4,970,no
336,13.44,1,robot,Equipo A,51.5,41.76,15150,no
336,13.44,2,robot,Equipo A,31.83,72.15,14316,no
336,13.44,3,robot,Equipo B,152.2,68.13,0,no
336,13.44,4,robot,Equipo B,146.72,70.12,10046,no
336,13.44,0,balon,balon,66.38,70.37,973,no
337,13.48,1,robot,Equipo A,51.09,42.94,15150,no
337,13.48,2,robot,Equipo A,31.83,72.15,14316,no
337,13.48,3,robot,Equipo B,152.2,68.13,0,no
337,13.48,4,robot,Equipo B,146.72,70.12,10046,no
337,13.48,0,balon,balon,66.47,70.36,975,no
338,13.52,1,robot,Equipo A,50.84,43.89,15150,no
338,13.52,2,robot,Equipo A,31.83,72.15,14316,no
338,13.52,3,robot,Equipo B,152.2,68.13,0,no
338,13.52,4,robot,Equipo B,146.72,70.12,10046,no
338,13.52,0,balon,balon,66.52,70.35,978,no
339,13.56,1,robot,Equipo A,50.73,44.64,15150,no
339,13.56,2,robot,Equipo A,31.83,72.15,14316,no
339,13.56,3,robot,Equipo B,152.2,68.13,0,no
339,13.56,4,robot,Equipo B,146.72,70.12,10046,no
339,13.56,0,balon,balon,66.61,70.41,963,no
340,13.6,1,robot,Equipo A,50.33,45.22,15307,no
340,13.6,2,robot,Equipo A,31.83,72.15,14326,no
340,13.6,3,robot,Equipo B,152.2,68.13,0,no
340,13.6,4,robot,Equipo B,146.72,70.12,9996,no
340,13.6,0,balon,balon,66.66,70.45,985,no
341,13.64,1,robot,Equipo A,49.96,45.65,15307,no
341,13.64,2,robot,Equipo A,31.83,72.15,14326,no
341,13.64,3,robot,Equipo B,152.2,68.13,0,no
341,13.64,4,robot,Equipo B,146.72,70.12,9999,no
341,13.64,0,balon,balon,66.69,70.47,982,no
342,13.68,1,robot,Equipo A,49.96,45.65,15307,no
342,13.68,2,robot,Equipo A,31.83,72.15,14326,no
342,13.68,3,robot,Equipo B,152.2,68.13,0,no
342,13.68,4,robot,Equipo B,146.72,70.12,10478,no
342,13.68,0,balon,balon,66.7,70.48,974,no
343,13.72,1,robot,Equipo A,49.54,45.94,15307,no
343,13.72,2,robot,Equipo A,31.83,72.15,14326,no
343,13.72,3,robot,Equipo B,152.2,68.13,0,no
343,13.72,4,robot,Equipo B,146.72,70.12,10744,no
343,13.72,0,balon,balon,66.71,70.48,970,no
344,13.76,1,robot,Equipo A,49.54,45.94,15307,no
344,13.76,2,robot,Equipo A,31.83,72.15,14326,no
344,13.76,3,robot,Equipo B,152.2,68.13,0,no
344,13.76,4,robot,Equipo B,146.72,70.12,11001,no
344,13.76,0,balon,balon,66.65,70.49,958,no
345,13.8,1,robot,Equipo A,49.54,45.94,15704,no
345,13.8,2,robot,Equipo A,31.83,72.15,14266,no
345,13.8,3,robot,Equipo B,152.2,68.13,0,no
345,13.8,4,robot,Equipo B,146.72,70.12,10012,no
345,13.8,0,balon,balon,66.62,70.55,975,no
346,13.84,1,robot,Equipo A,49.54,45.94,15704,no
346,13.84,2,robot,Equipo A,31.83,72.15,14266,no
346,13.84,3,robot,Equipo B,152.2,68.13,0,no
346,13.84,4,robot,Equipo B,146.72,70.12,10010,no
346,13.84,0,balon,balon,66.6,70.59,966,no
347,13.88,1,robot,Equipo A,49.54,45.94,15704,no
347,13.88,2,robot,Equipo A,31.83,72.15,14266,no
347,13.88,3,robot,Equipo B,152.2,68.13,0,no
347,13.88,4,robot,Equipo B,146.72,70.12,10010,no
347,13.88,0,balon,balon,66.53,70.61,982,no
348,13.92,1,robot,Equipo A,49.54,45.94,15704,no
348,13.92,2,robot,Equipo A,31.83,72.15,14266,no
348,13.92,3,robot,Equipo B,152.2,68.13,0,no
348,13.92,4,robot,Equipo B,146.72,70.12,10010,no
348,13.92,0,balon,balon,66.49,70.62,969,no
349,13.96,1,robot,Equipo A,49.54,45.94,15704,no
349,13.96,2,robot,Equipo A,31.83,72.15,14266,no
349,13.96,3,robot,Equipo B,152.2,68.13,0,no
349,13.96,4,robot,Equipo B,146.72,70.12,10010,no
349,13.96,0,balon,balon,66.4,70.62,978,no
350,14.0,1,robot,Equipo A,50.23,43.91,13972,no
350,14.0,2,robot,Equipo A,31.83,72.15,14459,no
350,14.0,3,robot,Equipo B,152.2,68.13,0,no
350,14.0,4,robot,Equipo B,146.72,70.12,9878,no
350,14.0,0,balon,balon,66.36,70.63,981,no
351,14.04,1,robot,Equipo A,50.58,42.09,13972,no
351,14.04,2,robot,Equipo A,31.83,72.15,14459,no
351,14.04,3,robot,Equipo B,152.2,68.13,0,no
351,14.04,4,robot,Equipo B,146.72,70.12,9884,no
351,14.04,0,balon,balon,66.33,70.63,984,no
352,14.08,1,robot,Equipo A,50.66,40.43,13972,no
352,14.08,2,robot,Equipo A,31.83,72.15,14459,no
352,14.08,3,robot,Equipo B,152.2,68.13,0,no
352,14.08,4,robot,Equipo B,146.72,70.12,9891,no
352,14.08,0,balon,balon,66.32,70.63,968,no
353,14.12,1,robot,Equipo A,50.53,38.91,13972,no
353,14.12,2,robot,Equipo A,31.83,72.15,14459,no
353,14.12,3,robot,Equipo B,152.2,68.13,0,no
353,14.12,4,robot,Equipo B,146.72,70.12,10656,no
353,14.12,0,balon,balon,66.31,70.63,981,no
354,14.16,1,robot,Equipo A,50.23,37.48,13972,no
354,14.16,2,robot,Equipo A,31.83,72.15,14459,no
354,14.16,3,robot,Equipo B,152.2,68.13,0,no
354,14.16,4,robot,Equipo B,146.72,70.12,10907,no
354,14.16,0,balon,balon,66.31,70.57,976,no
355,14.2,1,robot,Equipo A,50.78,37.12,14023,no
355,14.2,2,robot,Equipo A,31.83,72.15,14330,no
355,14.2,3,robot,Equipo B,152.2,68.13,0,no
355,14.2,4,robot,Equipo B,146.72,70.12,9864,no
355,14.2,0,balon,balon,66.3,70.53,984,no
356,14.24,1,robot,Equipo A,51.39,36.98,14023,no
356,14.24,2,robot,Equipo A,31.83,72.15,14330,no
356,14.24,3,robot,Equipo B,152.2,68.13,0,no
356,14.24,4,robot,Equipo B,146.72,70.12,9863,no
356,14.24,0,balon,balon,66.3,70.51,992,no
357,14.28,1,robot,Equipo A,52.05,37.01,14023,no
357,14.28,2,robot,Equipo A,31.83,72.15,14330,no
357,14.28,3,robot,Equipo B,152.2,68.13,0,no
357,14.28,4,robot,Equipo B,146.72,70.12,9861,no
357,14.28,0,balon,balon,66.36,70.5,982,no
358,14.32,1,robot,Equipo A,52.74,37.17,14023,no
358,14.32,2,robot,Equipo A,31.83,72.15,14330,no
358,14.32,3,robot,Equipo B,152.2,68.13,0,no
358,14.32,4,robot,Equipo B,146.72,70.12,9861,no
358,14.32,0,balon,balon,66.4,70.5,989,no
359,14.36,1,robot,Equipo A,53.47,37.45,14023,no
359,14.36,2,robot,Equipo A,31.83,72.15,14330,no
359,14.36,3,robot,Equipo B,152.2,68.13,0,no
359,14.36,4,robot,Equipo B,146.72,70.12,9861,no
359,14.36,0,balon,balon,66.42,70.49,986,no
360,14.4,1,robot,Equipo A,53.47,37.45,13938,no
360,14.4,2,robot,Equipo A,31.83,72.15,14216,no
360,14.4,3,robot,Equipo B,152.2,68.13,0,no
360,14.4,4,robot,Equipo B,146.72,70.12,10008,no
360,14.4,0,balon,balon,66.49,70.49,982,no
361,14.44,1,robot,Equipo A,53.26,36.98,13938,no
361,14.44,2,robot,Equipo A,31.83,72.15,14216,no
361,14.44,3,robot,Equipo B,152.2,68.13,0,no
361,14.44,4,robot,Equipo B,146.72,70.12,10014,no
361,14.44,0,balon,balon,66.53,70.49,986,no
362,14.48,1,robot,Equipo A,52.95,36.49,13938,no
362,14.48,2,robot,Equipo A,31.83,72.15,14216,no
362,14.48,3,robot,Equipo B,152.2,68.13,0,no
362,14.48,4,robot,Equipo B,146.72,70.12,10017,no
362,14.48,0,balon,balon,66.55,70.49,977,no
363,14.52,1,robot,Equipo A,52.56,35.98,13938,no
363,14.52,2,robot,Equipo A,31.83,72.15,14216,no
363,14.52,3,robot,Equipo B,152.2,68.13,0,no
363,14.52,4,robot,Equipo B,146.72,70.12,10717,no
363,14.52,0,balon,balon,66.57,70.49,984,no
364,14.56,1,robot,Equipo A,52.11,35.46,13938,no
364,14.56,2,robot,Equipo A,31.83,72.15,14216,no
364,14.56,3,robot,Equipo B,152.2,68.13,0,no
364,14.56,4,robot,Equipo B,146.72,70.12,10975,no
364,14.56,0,balon,balon,66.57,70.49,977,no
365,14.6,1,robot,Equipo A,52.11,35.46,13906,no
365,14.6,2,robot,Equipo A,31.83,72.15,12340,no
365,14.6,3,robot,Equipo B,152.2,68.13,0,no
365,14.6,4,robot,Equipo B,146.72,70.12,9832,no
365,14.6,0,balon,balon,66.58,70.49,978,no
366,14.64,1,robot,Equipo A,52.11,35.46,13906,no
366,14.64,2,robot,Equipo A,31.83,72.15,12340,no
366,14.64,3,robot,Equipo B,152.2,68.13,0,no
366,14.64,4,robot,Equipo B,146.72,70.12,9832,no
366,14.64,0,balon,balon,66.58,70.49,980,no
367,14.68,1,robot,Equipo A,52.57,35.67,13906,no
367,14.68,2,robot,Equipo A,31.83,72.15,12340,no
367,14.68,3,robot,Equipo B,152.2,68.13,0,no
367,14.68,4,robot,Equipo B,146.72,70.12,9832,no
367,14.68,0,balon,balon,66.58,70.55,963,no
368,14.72,1,robot,Equipo A,53.05,35.94,13906,no
368,14.72,2,robot,Equipo A,31.83,72.15,12340,no
368,14.72,3,robot,Equipo B,152.2,68.13,0,no
368,14.72,4,robot,Equipo B,146.72,70.12,9832,no
368,14.72,0,balon,balon,66.52,70.59,963,no
369,14.76,1,robot,Equipo A,53.54,36.23,13906,no
369,14.76,2,robot,Equipo A,31.83,72.15,12340,no
369,14.76,3,robot,Equipo B,152.2,68.13,0,no
369,14.76,4,robot,Equipo B,146.72,70.12,9832,no
369,14.76,0,balon,balon,66.48,70.61,976,no
370,14.8,1,robot,Equipo A,53.54,36.23,13940,no
370,14.8,2,robot,Equipo A,31.83,72.15,14206,no
370,14.8,3,robot,Equipo B,152.2,68.13,0,no
370,14.8,4,robot,Equipo B,146.72,70.12,9905,no
370,14.8,0,balon,balon,66.46,70.62,959,no
371,14.84,1,robot,Equipo A,53.54,36.23,13940,no
371,14.84,2,robot,Equipo A,31.83,72.15,14206,no
371,14.84,3,robot,Equipo B,152.2,68.13,0,no
371,14.84,4,robot,Equipo B,146.72,70.12,9905,no
371,14.84,0,balon,balon,66.39,70.56,973,no
372,14.88,1,robot,Equipo A,53.54,36.23,13940,no
372,14.88,2,robot,Equipo A,31.83,72.15,14206,no
372,14.88,3,robot,Equipo B,152.2,68.13,0,no
372,14.88,4,robot,Equipo B,146.72,70.12,9905,no
372,14.88,0,balon,balon,66.35,70.53,969,no
373,14.92,1,robot,Equipo A,53.54,36.23,13940,no
373,14.92,2,robot,Equipo A,31.83,72.15,14206,no
373,14.92,3,robot,Equipo B,152.2,68.13,0,no
373,14.92,4,robot,Equipo B,146.72,70.12,9905,no
373,14.92,0,balon,balon,66.33,70.51,976,no
374,14.96,1,robot,Equipo A,53.12,35.8,13940,no
374,14.96,2,robot,Equipo A,31.83,72.15,14206,no
374,14.96,3,robot,Equipo B,152.2,68.13,0,no
374,14.96,4,robot,Equipo B,146.72,70.12,9905,no
374,14.96,0,balon,balon,66.31,70.5,979,no
375,15.0,1,robot,Equipo A,52.3,38.15,15515,no
375,15.0,2,robot,Equipo A,31.83,72.15,14397,no
375,15.0,3,robot,Equipo B,152.2,68.13,0,no
375,15.0,4,robot,Equipo B,146.72,70.12,10014,no
375,15.0,0,balon,balon,66.31,70.5,985,no
376,15.04,1,robot,Equipo A,51.87,40.34,15515,no
376,15.04,2,robot,Equipo A,31.83,72.15,14397,no
376,15.04,3,robot,Equipo B,152.2,68.13,0,no
376,15.04,4,robot,Equipo B,146.72,70.12,10014,no
376,15.04,0,balon,balon,66.3,70.49,986,no
377,15.08,1,robot,Equipo A,51.75,42.41,15515,no
377,15.08,2,robot,Equipo A,31.83,72.15,14397,no
377,15.08,3,robot,Equipo B,152.2,68.13,0,no
377,15.08,4,robot,Equipo B,146.72,70.12,10014,no
377,15.08,0,balon,balon,66.3,70.49,982,no
378,15.12,1,robot,Equipo A,51.88,44.39,15515,no
378,15.12,2,robot,Equipo A,31.83,72.15,14397,no
378,15.12,3,robot,Equipo B,152.2,68.13,0,no
378,15.12,4,robot,Equipo B,146.72,70.12,10014,no
378,15.12,0,balon,balon,66.36,70.49,986,no
379,15.16,1,robot,Equipo A,52.22,46.29,15515,no
379,15.16,2,robot,Equipo A,31.83,72.15,14397,no
379,15.16,3,robot,Equipo B,152.2,68.13,0,no
379,15.16,4,robot,Equipo B,146.72,70.12,10014,no
379,15.16,0,balon,balon,66.46,70.49,985,no
380,15.2,1,robot,Equipo A,52.43,44.16,13955,no
380,15.2,2,robot,Equipo A,31.83,72.15,12373,no
380,15.2,3,robot,Equipo B,152.2,68.13,0,no
380,15.2,4,robot,Equipo B,146.72,70.12,9869,no
380,15.2,0,balon,balon,66.51,70.55,987,no
381,15.24,1,robot,Equipo A,52.26,41.98,13955,no
381,15.24,2,robot,Equipo A,31.83,72.15,12373,no
381,15.24,3,robot,Equipo B,152.2,68.13,0,no
381,15.24,4,robot,Equipo B,146.72,70.12,9869,no
381,15.24,0,balon,balon,66.54,70.59,989,no
382,15.28,1,robot,Equipo A,51.78,39.73,13955,no
382,15.28,2,robot,Equipo A,31.83,72.15,12373,no
382,15.28,3,robot,Equipo B,152.2,68.13,0,no
382,15.28,4,robot,Equipo B,146.72,70.12,9869,no
382,15.28,0,balon,balon,66.56,70.61,990,no
383,15.32,1,robot,Equipo A,51.06,37.45,13955,no
383,15.32,2,robot,Equipo A,31.83,72.15,12373,no
383,15.32,3,robot,Equipo B,152.2,68.13,0,no
383,15.32,4,robot,Equipo B,146.72,70.12,9869,no
383,15.32,0,balon,balon,66.57,70.62,986,no
384,15.36,1,robot,Equipo A,50.14,35.13,13955,no
384,15.36,2,robot,Equipo A,31.83,72.15,12373,no
384,15.36,3,robot,Equipo B,152.2,68.13,0,no
384,15.36,4,robot,Equipo B,146.72,70.12,9869,no
384,15.36,0,balon,balon,66.57,70.62,971,no
385,15.4,1,robot,Equipo A,50.77,35.27,13966,no
385,15.4,2,robot,Equipo A,31.83,72.15,14301,no
385,15.4,3,robot,Equipo B,152.2,68.13,0,no
385,15.4,4,robot,Equipo B,146.72,70.12,9844,no
385,15.4,0,balon,balon,66.58,70.63,977,no
386,15.44,1,robot,Equipo A,51.55,35.78,13966,no
386,15.44,2,robot,Equipo A,31.83,72.15,14301,no
386,15.44,3,robot,Equipo B,152.2,68.13,0,no
386,15.44,4,robot,Equipo B,146.72,70.12,9844,no
386,15.44,0,balon,balon,66.58,70.56,978,no
387,15.48,1,robot,Equipo A,52.46,36.6,13966,no
387,15.48,2,robot,Equipo A,31.83,72.15,14301,no
387,15.48,3,robot,Equipo B,152.2,68.13,0,no
387,15.48,4,robot,Equipo B,146.72,70.12,9844,no
387,15.48,0,balon,balon,66.58,70.53,977,no
388,15.52,1,robot,Equipo A,53.47,37.66,13966,no
388,15.52,2,robot,Equipo A,31.83,72.15,14301,no
388,15.52,3,robot,Equipo B,152.2,68.13,0,no
388,15.52,4,robot,Equipo B,146.72,70.12,9844,no
388,15.52,0,balon,balon,66.58,70.51,976,no
389,15.56,1,robot,Equipo A,54.56,38.91,13966,no
389,15.56,2,robot,Equipo A,31.83,72.15,14301,no
389,15.56,3,robot,Equipo B,152.2,68.13,0,no
389,15.56,4,robot,Equipo B,146.72,70.12,9844,no
389,15.56,0,balon,balon,66.58,70.5,978,no
390,15.6,1,robot,Equipo A,54.3,38.29,13960,no
390,15.6,2,robot,Equipo A,31.83,72.15,14335,no
390,15.6,3,robot,Equipo B,152.2,68.13,0,no
390,15.6,4,robot,Equipo B,146.72,70.12,9830,no
390,15.6,0,balon,balon,66.58,70.5,973,no
391,15.64,1,robot,Equipo A,53.87,37.48,13960,no
391,15.64,2,robot,Equipo A,31.83,72.15,14335,no
391,15.64,3,robot,Equipo B,152.2,68.13,0,no
391,15.64,4,robot,Equipo B,146.72,70.12,9830,no
391,15.64,0,balon,balon,66.52,70.49,973,no
392,15.68,1,robot,Equipo A,53.3,36.51,13960,no
392,15.68,2,robot,Equipo A,31.83,72.15,14335,no
392,15.68,3,robot,Equipo B,152.2,68.13,0,no
392,15.68,4,robot,Equipo B,146.72,70.12,9830,no
392,15.68,0,balon,balon,66.48,70.49,967,no
393,15.72,1,robot,Equipo A,52.61,35.42,13960,no
393,15.72,2,robot,Equipo A,31.83,72.15,14335,no
393,15.72,3,robot,Equipo B,152.2,68.13,0,no
393,15.72,4,robot,Equipo B,146.72,70.12,9830,no
393,15.72,0,balon,balon,66.46,70.49,984,no
394,15.76,1,robot,Equipo A,51.83,34.23,13960,no
394,15.76,2,robot,Equipo A,31.83,72.15,14335,no
394,15.76,3,robot,Equipo B,152.2,68.13,0,no
394,15.76,4,robot,Equipo B,146.72,70.12,9830,no
394,15.76,0,balon,balon,66.52,70.49,984,no
395,15.8,1,robot,Equipo A,51.83,34.23,13998,no
395,15.8,2,robot,Equipo A,31.83,72.15,14258,no
395,15.8,3,robot,Equipo B,152.2,68.13,0,no
395,15.8,4,robot,Equipo B,146.72,70.12,9917,no
395,15.8,0,balon,balon,66.54,70.42,963,no
396,15.84,1,robot,Equipo A,52.29,34.75,13998,no
396,15.84,2,robot,Equipo A,31.83,72.15,14258,no
396,15.84,3,robot,Equipo B,152.2,68.13,0,no
396,15.84,4,robot,Equipo B,146.72,70.12,9917,no
396,15.84,0,balon,balon,66.56,70.39,967,no
397,15.88,1,robot,Equipo A,52.83,35.4,13998,no
397,15.88,2,robot,Equipo A,31.83,72.15,14258,no
397,15.88,3,robot,Equipo B,152.2,68.13,0,no
397,15.88,4,robot,Equipo B,146.72,70.12,9917,no
397,15.88,0,balon,balon,66.57,70.37,980,no
398,15.92,1,robot,Equipo A,53.43,36.15,13998,no
398,15.92,2,robot,Equipo A,31.83,72.15,14258,no
398,15.92,3,robot,Equipo B,152.2,68.13,0,no
398,15.92,4,robot,Equipo B,146.72,70.12,9917,no
398,15.92,0,balon,balon,66.57,70.35,984,no
399,15.96,1,robot,Equipo A,54.07,36.98,13998,no
399,15.96,2,robot,Equipo A,31.84,71.65,14258,no
399,15.96,3,robot,Equipo B,152.2,68.13,0,no
399,15.96,4,robot,Equipo B,146.72,70.12,9917,no
399,15.96,0,balon,balon,66.58,70.35,971,no
400,16.0,1,robot,Equipo A,54.07,36.98,13976,no
400,16.0,2,robot,Equipo A,31.84,71.65,14314,no
400,16.0,3,robot,Equipo B,152.2,68.13,0,no
400,16.0,4,robot,Equipo B,146.72,70.12,9951,no
400,16.0,0,balon,balon,66.58,70.34,985,no
401,16.04,1,robot,Equipo A,53.77,36.52,13976,no
401,16.04,2,robot,Equipo A,31.84,71.65,14314,no
401,16.04,3,robot,Equipo B,152.2,68.13,0,no
401,16.04,4,robot,Equipo B,146.72,70.12,9951,no
401,16.04,0,balon,balon,66.58,70.34,988,no
402,16.08,1,robot,Equipo A,53.39,35.97,13976,no
402,16.08,2,robot,Equipo A,31.84,71.65,14314,no
402,16.08,3,robot,Equipo B,152.2,68.13,0,no
402,16.08,4,robot,Equipo B,146.72,70.12,9951,no
402,16.08,0,balon,balon,66.58,70.34,986,no
403,16.12,1,robot,Equipo A,52.94,35.36,13976,no
403,16.12,2,robot,Equipo A,31.84,71.65,14314,no
403,16.12,3,robot,Equipo B,152.2,68.13,0,no
403,16.12,4,robot,Equipo B,146.72,70.12,9951,no
403,16.12,0,balon,balon,66.52,70.34,973,no
404,16.16,1,robot,Equipo A,52.44,34.71,13976,no
404,16.16,2,robot,Equipo A,31.84,71.65,14314,no
404,16.16,3,robot,Equipo B,152.2,68.13,0,no
404,16.16,4,robot,Equipo B,146.72,70.12,9951,no
404,16.16,0,balon,balon,66.48,70.34,985,no
405,16.2,1,robot,Equipo A,52.44,34.71,14032,no
405,16.2,2,robot,Equipo A,31.84,71.65,14570,no
405,16.2,3,robot,Equipo B,152.2,68.13,0,no
405,16.2,4,robot,Equipo B,146.72,70.12,9945,no
405,16.2,0,balon,balon,66.46,70.34,978,no
406,16.24,1,robot,Equipo A,52.44,34.71,14032,no
406,16.24,2,robot,Equipo A,31.84,71.65,14570,no
406,16.24,3,robot,Equipo B,152.2,68.13,0,no
406,16.24,4,robot,Equipo B,146.72,70.12,9944,no
406,16.24,0,balon,balon,66.45,70.34,977,no
407,16.28,1,robot,Equipo A,52.8,35.16,14032,no
407,16.28,2,robot,Equipo A,31.84,71.65,14570,no
407,16.28,3,robot,Equipo B,152.2,68.13,0,no
407,16.28,4,robot,Equipo B,146.72,70.12,9942,no
407,16.28,0,balon,balon,66.45,70.41,975,no
408,16.32,1,robot,Equipo A,53.2,35.67,14032,no
408,16.32,2,robot,Equipo A,31.84,71.65,14570,no
408,16.32,3,robot,Equipo B,152.2,68.13,0,no
408,16.32,4,robot,Equipo B,146.72,70.12,9942,no
408,16.32,0,balon,balon,66.44,70.44,980,no
409,16.36,1,robot,Equipo A,53.64,36.22,14032,no
409,16.36,2,robot,Equipo A,31.84,71.65,14570,no
409,16.36,3,robot,Equipo B,152.2,68.13,0,no
409,16.36,4,robot,Equipo B,146.72,70.12,9942,no
409,16.36,0,balon,balon,66.44,70.47,971,no
410,16.4,1,robot,Equipo A,53.64,36.22,14080,no
410,16.4,2,robot,Equipo A,31.84,71.65,15086,no
410,16.4,3,robot,Equipo B,152.2,68.13,0,no
410,16.4,4,robot,Equipo B,146.72,70.12,9779,no
410,16.4,0,balon,balon,66.44,70.47,0,no
411,16.44,1,robot,Equipo A,53.64,36.22,14080,no
411,16.44,2,robot,Equipo A,31.84,71.65,15086,no
411,16.44,3,robot,Equipo B,152.2,68.13,0,no
411,16.44,4,robot,Equipo B,146.72,70.12,9779,no
411,16.44,0,balon,balon,66.44,70.47,0,no
412,16.48,1,robot,Equipo A,53.64,36.22,14080,no
412,16.48,2,robot,Equipo A,31.84,71.65,15086,no
412,16.48,3,robot,Equipo B,152.2,68.13,0,no
412,16.48,4,robot,Equipo B,146.72,70.12,9779,no
412,16.48,0,balon,balon,66.44,70.47,0,no
413,16.52,1,robot,Equipo A,53.28,35.76,14080,no
413,16.52,2,robot,Equipo A,31.84,71.65,15086,no
413,16.52,3,robot,Equipo B,152.2,68.13,0,no
413,16.52,4,robot,Equipo B,146.72,70.12,9779,no
413,16.52,0,balon,balon,66.44,70.47,0,no
414,16.56,1,robot,Equipo A,52.91,35.28,14080,no
414,16.56,2,robot,Equipo A,31.84,71.65,14928,no
414,16.56,3,robot,Equipo B,152.2,68.13,0,no
414,16.56,4,robot,Equipo B,146.72,70.12,9779,no
414,16.56,0,balon,balon,66.44,70.47,0,no
415,16.6,1,robot,Equipo A,52.91,35.28,14100,no
415,16.6,2,robot,Equipo A,31.84,71.65,15065,no
415,16.6,3,robot,Equipo B,152.2,68.13,0,no
415,16.6,4,robot,Equipo B,146.72,70.12,9783,no
415,16.6,0,balon,balon,66.44,70.47,0,no
416,16.64,1,robot,Equipo A,52.91,35.28,14100,no
416,16.64,2,robot,Equipo A,31.84,71.65,15141,no
416,16.64,3,robot,Equipo B,152.2,68.13,0,no
416,16.64,4,robot,Equipo B,146.72,70.12,10764,no
416,16.64,0,balon,balon,66.44,70.47,0,no
417,16.68,1,robot,Equipo A,52.91,35.28,14100,no
417,16.68,2,robot,Equipo A,31.45,71.21,16506,no
417,16.68,3,robot,Equipo B,152.2,68.13,0,no
417,16.68,4,robot,Equipo B,146.72,70.12,10996,no
417,16.68,0,balon,balon,66.44,70.47,0,no
418,16.72,1,robot,Equipo A,52.91,35.28,14100,no
418,16.72,2,robot,Equipo A,31.08,70.84,16506,no
418,16.72,3,robot,Equipo B,152.2,68.13,0,no
418,16.72,4,robot,Equipo B,146.72,70.12,11226,no
418,16.72,0,balon,balon,66.44,70.47,0,no
419,16.76,1,robot,Equipo A,52.91,35.28,14100,no
419,16.76,2,robot,Equipo A,31.08,70.84,16506,no
419,16.76,3,robot,Equipo B,152.2,68.13,0,no
419,16.76,4,robot,Equipo B,146.72,70.12,11322,no
419,16.76,0,balon,balon,66.44,70.47,0,no
420,16.8,1,robot,Equipo A,52.91,35.28,0,no
420,16.8,2,robot,Equipo A,27.39,73.45,11301,no
420,16.8,3,robot,Equipo B,152.2,68.13,0,no
420,16.8,4,robot,Equipo B,146.72,70.12,9728,no
420,16.8,0,balon,balon,66.44,70.47,0,no
421,16.84,1,robot,Equipo A,52.91,35.28,0,no
421,16.84,2,robot,Equipo A,23.98,75.84,11351,no
421,16.84,3,robot,Equipo B,152.2,68.13,0,no
421,16.84,4,robot,Equipo B,146.72,70.12,9728,no
421,16.84,0,balon,balon,66.44,70.47,0,no
422,16.88,1,robot,Equipo A,52.91,35.28,0,no
422,16.88,2,robot,Equipo A,20.94,78.0,10413,no
422,16.88,3,robot,Equipo B,152.2,68.13,0,no
422,16.88,4,robot,Equipo B,146.72,70.12,9728,no
422,16.88,0,balon,balon,66.44,70.47,0,no
423,16.92,1,robot,Equipo A,52.91,35.28,0,no
423,16.92,2,robot,Equipo A,18.22,79.97,9507,no
423,16.92,3,robot,Equipo B,155.22,72.62,2310,no
423,16.92,4,robot,Equipo B,146.72,70.12,9728,no
423,16.92,0,balon,balon,66.44,70.47,0,no
424,16.96,1,robot,Equipo A,52.91,35.28,0,no
424,16.96,2,robot,Equipo A,15.77,81.74,8180,no
424,16.96,3,robot,Equipo B,157.44,76.53,3634,no
424,16.96,4,robot,Equipo B,146.72,70.12,9728,no
424,16.96,0,balon,balon,66.44,70.47,0,no
425,17.0,1,robot,Equipo A,52.91,35.28,0,no
425,17.0,2,robot,Equipo A,15.77,81.74,0,no
425,17.0,3,robot,Equipo B,157.44,76.53,0,no
425,17.0,4,robot,Equipo B,146.72,70.12,9780,no
425,17.0,0,balon,balon,66.44,70.47,0,no
426,17.04,1,robot,Equipo A,52.91,35.28,0,no
426,17.04,2,robot,Equipo A,15.77,81.74,0,no
426,17.04,3,robot,Equipo B,157.44,76.53,0,no
426,17.04,4,robot,Equipo B,146.72,70.12,10774,no
426,17.04,0,balon,balon,66.44,70.47,0,no
427,17.08,1,robot,Equipo A,52.91,35.28,0,no
427,17.08,2,robot,Equipo A,15.77,81.74,0,no
427,17.08,3,robot,Equipo B,157.44,76.53,0,no
427,17.08,4,robot,Equipo B,146.72,70.12,11076,no
427,17.08,0,balon,balon,66.44,70.47,0,no
428,17.12,1,robot,Equipo A,52.91,35.28,0,no
428,17.12,2,robot,Equipo A,15.77,81.74,0,no
428,17.12,3,robot,Equipo B,157.44,76.53,0,no
428,17.12,4,robot,Equipo B,146.72,70.12,11295,no
428,17.12,0,balon,balon,66.44,70.47,0,no
429,17.16,1,robot,Equipo A,52.91,35.28,0,no
429,17.16,2,robot,Equipo A,15.77,81.74,0,no
429,17.16,3,robot,Equipo B,157.44,76.53,0,no
429,17.16,4,robot,Equipo B,146.02,69.27,13502,no
429,17.16,0,balon,balon,66.44,70.47,0,no
430,17.2,1,robot,Equipo A,52.91,35.28,0,no
430,17.2,2,robot,Equipo A,15.17,81.28,9145,no
430,17.2,3,robot,Equipo B,157.44,76.53,0,no
430,17.2,4,robot,Equipo B,146.02,69.27,9654,no
430,17.2,0,balon,balon,66.44,70.47,0,no
431,17.24,1,robot,Equipo A,52.91,35.28,0,no
431,17.24,2,robot,Equipo A,14.88,80.65,8535,no
431,17.24,3,robot,Equipo B,157.44,76.53,0,no
431,17.24,4,robot,Equipo B,146.34,68.88,9654,no
431,17.24,0,balon,balon,66.44,70.47,0,no
432,17.28,1,robot,Equipo A,52.91,35.28,0,no
432,17.28,2,robot,Equipo A,14.85,79.89,7922,no
432,17.28,3,robot,Equipo B,157.44,76.53,0,no
432,17.28,4,robot,Equipo B,146.34,68.88,9654,no
432,17.28,0,balon,balon,66.44,70.47,0,no
433,17.32,1,robot,Equipo A,52.91,35.28,0,no
433,17.32,2,robot,Equipo A,15.05,79.02,7356,no
433,17.32,3,robot,Equipo B,157.44,76.53,0,no
433,17.32,4,robot,Equipo B,146.59,68.45,9654,no
433,17.32,0,balon,balon,66.44,70.47,0,no
434,17.36,1,robot,Equipo A,52.91,35.28,0,no
434,17.36,2,robot,Equipo A,15.5,78.04,6792,no
434,17.36,3,robot,Equipo B,157.44,76.53,0,no
434,17.36,4,robot,Equipo B,146.59,68.45,9654,no
434,17.36,0,balon,balon,66.44,70.47,0,no
435,17.4,1,robot,Equipo A,52.91,35.28,0,no
435,17.4,2,robot,Equipo A,15.5,78.04,0,no
435,17.4,3,robot,Equipo B,157.44,76.53,0,no
435,17.4,4,robot,Equipo B,147.03,67.79,9866,no
435,17.4,0,balon,balon,66.44,70.47,0,no
436,17.44,1,robot,Equipo A,52.91,35.28,0,no
436,17.44,2,robot,Equipo A,15.5,78.04,0,no
436,17.44,3,robot,Equipo B,157.44,76.53,0,no
436,17.44,4,robot,Equipo B,147.43,67.2,9759,no
436,17.44,0,balon,balon,66.44,70.47,0,no
437,17.48,1,robot,Equipo A,52.91,35.28,0,no
437,17.48,2,robot,Equipo A,15.5,78.04,0,no
437,17.48,3,robot,Equipo B,157.44,76.53,0,no
437,17.48,4,robot,Equipo B,147.77,66.7,9549,no
437,17.48,0,balon,balon,66.44,70.47,0,no
438,17.52,1,robot,Equipo A,52.91,35.28,0,no
438,17.52,2,robot,Equipo A,15.5,78.04,0,no
438,17.52,3,robot,Equipo B,157.44,76.53,0,no
438,17.52,4,robot,Equipo B,148.11,66.28,9335,no
438,17.52,0,balon,balon,66.44,70.47,0,no
439,17.56,1,robot,Equipo A,52.91,35.28,0,no
439,17.56,2,robot,Equipo A,15.5,78.04,0,no
439,17.56,3,robot,Equipo B,157.44,76.53,0,no
439,17.56,4,robot,Equipo B,148.11,66.28,9119,no
439,17.56,0,balon,balon,66.44,70.47,0,no
440,17.6,1,robot,Equipo A,52.91,35.28,0,no
440,17.6,2,robot,Equipo A,15.5,78.04,0,no
440,17.6,3,robot,Equipo B,157.44,76.53,0,no
440,17.6,4,robot,Equipo B,148.11,66.28,9390,no
440,17.6,0,balon,balon,66.44,70.47,0,no
441,17.64,1,robot,Equipo A,52.91,35.28,0,no
441,17.64,2,robot,Equipo A,15.5,78.04,0,no
441,17.64,3,robot,Equipo B,157.44,76.53,0,no
441,17.64,4,robot,Equipo B,148.11,66.28,9496,no
441,17.64,0,balon,balon,66.44,70.47,0,no
442,17.68,1,robot,Equipo A,52.91,35.28,0,no
442,17.68,2,robot,Equipo A,15.5,78.04,0,no
442,17.68,3,robot,Equipo B,157.44,76.53,0,no
442,17.68,4,robot,Equipo B,148.11,66.28,9600,no
442,17.68,0,balon,balon,66.44,70.47,0,no
443,17.72,1,robot,Equipo A,52.91,35.28,0,no
443,17.72,2,robot,Equipo A,15.5,78.04,0,no
443,17.72,3,robot,Equipo B,157.44,76.53,0,no
443,17.72,4,robot,Equipo B,148.11,66.28,9686,no
443,17.72,0,balon,balon,66.44,70.47,0,no
444,17.76,1,robot,Equipo A,52.91,35.28,0,no
444,17.76,2,robot,Equipo A,15.5,78.04,0,no
444,17.76,3,robot,Equipo B,157.44,76.53,0,no
444,17.76,4,robot,Equipo B,148.11,66.28,9737,no
444,17.76,0,balon,balon,66.44,70.47,0,no
445,17.8,1,robot,Equipo A,52.91,35.28,0,no
445,17.8,2,robot,Equipo A,15.5,78.04,0,no
445,17.8,3,robot,Equipo B,157.44,76.53,0,no
445,17.8,4,robot,Equipo B,148.11,66.28,9931,no
445,17.8,0,balon,balon,66.44,70.47,0,no
446,17.84,1,robot,Equipo A,52.91,35.28,0,no
446,17.84,2,robot,Equipo A,15.5,78.04,0,no
446,17.84,3,robot,Equipo B,157.44,76.53,0,no
446,17.84,4,robot,Equipo B,148.11,66.28,9939,no
446,17.84,0,balon,balon,66.44,70.47,0,no
447,17.88,1,robot,Equipo A,52.91,35.28,0,no
447,17.88,2,robot,Equipo A,15.5,78.04,0,no
447,17.88,3,robot,Equipo B,157.44,76.53,0,no
447,17.88,4,robot,Equipo B,148.11,66.28,9939,no
447,17.88,0,balon,balon,66.44,70.47,0,no
448,17.92,1,robot,Equipo A,52.91,35.28,0,no
448,17.92,2,robot,Equipo A,15.5,78.04,0,no
448,17.92,3,robot,Equipo B,157.44,76.53,0,no
448,17.92,4,robot,Equipo B,148.11,66.28,9939,no
448,17.92,0,balon,balon,66.44,70.47,0,no
449,17.96,1,robot,Equipo A,52.91,35.28,0,no
449,17.96,2,robot,Equipo A,15.5,78.04,0,no
449,17.96,3,robot,Equipo B,157.44,76.53,0,no
449,17.96,4,robot,Equipo B,148.11,66.28,9939,no
449,17.96,0,balon,balon,66.44,70.47,0,no
450,18.0,1,robot,Equipo A,52.91,35.28,0,no
450,18.0,2,robot,Equipo A,15.5,78.04,0,no
450,18.0,3,robot,Equipo B,157.44,76.53,0,no
450,18.0,4,robot,Equipo B,148.11,66.28,9724,no
450,18.0,0,balon,balon,66.44,70.47,0,no
451,18.04,1,robot,Equipo A,52.91,35.28,0,no
451,18.04,2,robot,Equipo A,15.5,78.04,0,no
451,18.04,3,robot,Equipo B,157.44,76.53,0,no
451,18.04,4,robot,Equipo B,148.11,66.28,9724,no
451,18.04,0,balon,balon,66.44,70.47,0,no
452,18.08,1,robot,Equipo A,52.91,35.28,0,no
452,18.08,2,robot,Equipo A,15.5,78.04,0,no
452,18.08,3,robot,Equipo B,157.44,76.53,0,no
452,18.08,4,robot,Equipo B,148.11,66.28,9724,no
452,18.08,0,balon,balon,66.44,70.47,0,no
453,18.12,1,robot,Equipo A,52.91,35.28,0,no
453,18.12,2,robot,Equipo A,15.5,78.04,0,no
453,18.12,3,robot,Equipo B,157.44,76.53,0,no
453,18.12,4,robot,Equipo B,148.11,66.28,9724,no
453,18.12,0,balon,balon,66.44,70.47,0,no
454,18.16,1,robot,Equipo A,52.91,35.28,0,no
454,18.16,2,robot,Equipo A,15.5,78.04,0,no
454,18.16,3,robot,Equipo B,157.44,76.53,0,no
454,18.16,4,robot,Equipo B,148.11,66.28,9724,no
454,18.16,0,balon,balon,66.44,70.47,0,no
455,18.2,1,robot,Equipo A,52.91,35.28,0,no
455,18.2,2,robot,Equipo A,15.5,78.04,0,no
455,18.2,3,robot,Equipo B,157.44,76.53,0,no
455,18.2,4,robot,Equipo B,148.11,66.28,9639,no
455,18.2,0,balon,balon,66.44,70.47,0,no
456,18.24,1,robot,Equipo A,52.91,35.28,0,no
456,18.24,2,robot,Equipo A,15.5,78.04,0,no
456,18.24,3,robot,Equipo B,157.44,76.53,0,no
456,18.24,4,robot,Equipo B,148.11,66.28,9639,no
456,18.24,0,balon,balon,66.44,70.47,0,no
457,18.28,1,robot,Equipo A,52.91,35.28,0,no
457,18.28,2,robot,Equipo A,15.5,78.04,0,no
457,18.28,3,robot,Equipo B,157.44,76.53,0,no
457,18.28,4,robot,Equipo B,148.11,66.28,9639,no
457,18.28,0,balon,balon,66.44,70.47,0,no
458,18.32,1,robot,Equipo A,52.91,35.28,0,no
458,18.32,2,robot,Equipo A,15.5,78.04,0,no
458,18.32,3,robot,Equipo B,157.44,76.53,0,no
458,18.32,4,robot,Equipo B,148.11,66.28,9639,no
458,18.32,0,balon,balon,66.44,70.47,0,no
459,18.36,1,robot,Equipo A,52.91,35.28,0,no
459,18.36,2,robot,Equipo A,15.5,78.04,0,no
459,18.36,3,robot,Equipo B,157.44,76.53,0,no
459,18.36,4,robot,Equipo B,148.11,66.28,9639,no
459,18.36,0,balon,balon,66.44,70.47,0,no
460,18.4,1,robot,Equipo A,52.91,35.28,0,no
460,18.4,2,robot,Equipo A,15.5,78.04,0,no
460,18.4,3,robot,Equipo B,157.44,76.53,0,no
460,18.4,4,robot,Equipo B,148.11,66.28,9708,no
460,18.4,0,balon,balon,66.44,70.47,0,no
461,18.44,1,robot,Equipo A,52.91,35.28,0,no
461,18.44,2,robot,Equipo A,15.5,78.04,0,no
461,18.44,3,robot,Equipo B,157.44,76.53,0,no
461,18.44,4,robot,Equipo B,148.11,66.28,9708,no
461,18.44,0,balon,balon,66.44,70.47,0,no
462,18.48,1,robot,Equipo A,52.91,35.28,0,no
462,18.48,2,robot,Equipo A,15.5,78.04,0,no
462,18.48,3,robot,Equipo B,157.44,76.53,0,no
462,18.48,4,robot,Equipo B,147.79,66.66,9708,no
462,18.48,0,balon,balon,66.44,70.47,0,no
463,18.52,1,robot,Equipo A,52.91,35.28,0,no
463,18.52,2,robot,Equipo A,15.5,78.04,0,no
463,18.52,3,robot,Equipo B,157.44,76.53,0,no
463,18.52,4,robot,Equipo B,147.79,66.66,9708,no
463,18.52,0,balon,balon,66.44,70.47,0,no
464,18.56,1,robot,Equipo A,52.91,35.28,0,no
464,18.56,2,robot,Equipo A,15.5,78.04,0,no
464,18.56,3,robot,Equipo B,157.44,76.53,0,no
464,18.56,4,robot,Equipo B,147.79,66.66,9708,no
464,18.56,0,balon,balon,66.44,70.47,0,no
465,18.6,1,robot,Equipo A,52.91,35.28,0,no
465,18.6,2,robot,Equipo A,15.5,78.04,0,no
465,18.6,3,robot,Equipo B,157.44,76.53,0,no
465,18.6,4,robot,Equipo B,147.79,66.66,10260,no
465,18.6,0,balon,balon,66.44,70.47,0,no
466,18.64,1,robot,Equipo A,52.91,35.28,0,no
466,18.64,2,robot,Equipo A,15.5,78.04,0,no
466,18.64,3,robot,Equipo B,157.44,76.53,0,no
466,18.64,4,robot,Equipo B,147.79,66.66,9989,no
466,18.64,0,balon,balon,66.44,70.47,0,no
467,18.68,1,robot,Equipo A,52.91,35.28,0,no
467,18.68,2,robot,Equipo A,15.5,78.04,0,no
467,18.68,3,robot,Equipo B,157.44,76.53,0,no
467,18.68,4,robot,Equipo B,147.79,66.66,9280,no
467,18.68,0,balon,balon,66.44,70.47,0,no
468,18.72,1,robot,Equipo A,52.91,35.28,0,no
468,18.72,2,robot,Equipo A,15.5,78.04,0,no
468,18.72,3,robot,Equipo B,157.44,76.53,0,no
468,18.72,4,robot,Equipo B,147.47,66.09,8221,no
468,18.72,0,balon,balon,66.44,70.47,0,no
469,18.76,1,robot,Equipo A,52.91,35.28,0,no
469,18.76,2,robot,Equipo A,15.5,78.04,0,no
469,18.76,3,robot,Equipo B,157.44,76.53,0,no
469,18.76,4,robot,Equipo B,147.13,65.56,6649,no
469,18.76,0,balon,balon,66.44,70.47,0,no
470,18.8,1,robot,Equipo A,52.91,35.28,0,no
470,18.8,2,robot,Equipo A,15.5,78.04,0,no
470,18.8,3,robot,Equipo B,157.44,76.53,0,no
470,18.8,4,robot,Equipo B,147.13,65.56,0,no
470,18.8,0,balon,balon,66.44,70.47,0,no
471,18.84,1,robot,Equipo A,52.91,35.28,0,no
471,18.84,2,robot,Equipo A,15.5,78.04,0,no
471,18.84,3,robot,Equipo B,157.44,76.53,0,no
471,18.84,4,robot,Equipo B,147.13,65.56,0,no
471,18.84,0,balon,balon,66.44,70.47,0,no
472,18.88,1,robot,Equipo A,52.91,35.28,0,no
472,18.88,2,robot,Equipo A,15.5,78.04,0,no
472,18.88,3,robot,Equipo B,157.44,76.53,0,no
472,18.88,4,robot,Equipo B,147.13,65.56,0,no
472,18.88,0,balon,balon,66.44,70.47,0,no
473,18.92,1,robot,Equipo A,52.91,35.28,0,no
473,18.92,2,robot,Equipo A,15.5,78.04,0,no
473,18.92,3,robot,Equipo B,157.44,76.53,0,no
473,18.92,4,robot,Equipo B,147.13,65.56,0,no
473,18.92,0,balon,balon,66.44,70.47,0,no
474,18.96,1,robot,Equipo A,52.91,35.28,0,no
474,18.96,2,robot,Equipo A,15.5,78.04,0,no
474,18.96,3,robot,Equipo B,157.44,76.53,0,no
474,18.96,4,robot,Equipo B,147.13,65.56,0,no
474,18.96,0,balon,balon,66.44,70.47,0,no
475,19.0,1,robot,Equipo A,52.91,35.28,0,no
475,19.0,2,robot,Equipo A,14.81,77.42,7637,no
475,19.0,3,robot,Equipo B,157.44,76.53,0,no
475,19.0,4,robot,Equipo B,147.13,65.56,0,no
475,19.0,0,balon,balon,66.44,70.47,0,no
476,19.04,1,robot,Equipo A,52.91,35.28,0,no
476,19.04,2,robot,Equipo A,14.34,77.65,7983,no
476,19.04,3,robot,Equipo B,157.44,76.53,0,no
476,19.04,4,robot,Equipo B,147.13,65.56,0,no
476,19.04,0,balon,balon,66.44,70.47,0,no
477,19.08,1,robot,Equipo A,52.91,35.28,0,no
477,19.08,2,robot,Equipo A,14.02,78.59,7927,no
477,19.08,3,robot,Equipo B,157.44,76.53,0,no
477,19.08,4,robot,Equipo B,147.13,65.56,0,no
477,19.08,0,balon,balon,66.44,70.47,0,no
478,19.12,1,robot,Equipo A,52.91,35.28,0,no
478,19.12,2,robot,Equipo A,13.82,80.09,7927,no
478,19.12,3,robot,Equipo B,157.44,76.53,0,no
478,19.12,4,robot,Equipo B,147.13,65.56,0,no
478,19.12,0,balon,balon,66.44,70.47,0,no
479,19.16,1,robot,Equipo A,52.91,35.28,0,no
479,19.16,2,robot,Equipo A,13.72,82.04,7927,no
479,19.16,3,robot,Equipo B,157.44,76.53,0,no
479,19.16,4,robot,Equipo B,147.13,65.56,0,no
479,19.16,0,balon,balon,66.44,70.47,0,no
500,20.0,1,robot,Equipo A,52.91,35.28,0,no
500,20.0,2,robot,Equipo A,13.72,82.04,0,no
500,20.0,3,robot,Equipo B,157.44,76.53,0,no
500,20.0,4,robot,Equipo B,147.13,65.56,7368,no
500,20.0,0,balon,balon,66.44,70.47,0,no
501,20.04,1,robot,Equipo A,52.91,35.28,0,no
501,20.04,2,robot,Equipo A,13.72,82.04,0,no
501,20.04,3,robot,Equipo B,157.44,76.53,0,no
501,20.04,4,robot,Equipo B,146.66,65.76,7521,no
501,20.04,0,balon,balon,66.44,70.47,0,no
502,20.08,1,robot,Equipo A,52.91,35.28,0,no
502,20.08,2,robot,Equipo A,13.72,82.04,0,no
502,20.08,3,robot,Equipo B,157.44,76.53,0,no
502,20.08,4,robot,Equipo B,146.66,65.76,7600,no
502,20.08,0,balon,balon,66.44,70.47,0,no
503,20.12,1,robot,Equipo A,52.91,35.28,0,no
503,20.12,2,robot,Equipo A,13.72,82.04,0,no
503,20.12,3,robot,Equipo B,157.44,76.53,0,no
503,20.12,4,robot,Equipo B,146.23,66.13,7690,no
503,20.12,0,balon,balon,66.44,70.47,0,no
504,20.16,1,robot,Equipo A,52.91,35.28,0,no
504,20.16,2,robot,Equipo A,13.72,82.04,0,no
504,20.16,3,robot,Equipo B,157.44,76.53,0,no
504,20.16,4,robot,Equipo B,146.23,66.13,7854,no
504,20.16,0,balon,balon,66.44,70.47,0,no
505,20.2,1,robot,Equipo A,52.91,35.28,0,no
505,20.2,2,robot,Equipo A,13.05,84.79,15795,no
505,20.2,3,robot,Equipo B,157.44,76.53,0,no
505,20.2,4,robot,Equipo B,146.23,66.13,0,no
505,20.2,0,balon,balon,66.44,70.47,0,no
506,20.24,1,robot,Equipo A,52.91,35.28,0,no
506,20.24,2,robot,Equipo A,12.53,87.41,15790,no
506,20.24,3,robot,Equipo B,157.44,76.53,0,no
506,20.24,4,robot,Equipo B,146.23,66.13,0,no
506,20.24,0,balon,balon,66.44,70.47,0,no
507,20.28,1,robot,Equipo A,52.91,35.28,0,no
507,20.28,2,robot,Equipo A,12.15,89.92,15720,no
507,20.28,3,robot,Equipo B,157.44,76.53,0,no
507,20.28,4,robot,Equipo B,146.23,66.13,0,no
507,20.28,0,balon,balon,66.44,70.47,0,no
508,20.32,1,robot,Equipo A,52.91,35.28,0,no
508,20.32,2,robot,Equipo A,11.96,92.3,15200,no
508,20.32,3,robot,Equipo B,157.44,76.53,0,no
508,20.32,4,robot,Equipo B,146.23,66.13,0,no
508,20.32,0,balon,balon,66.44,70.47,0,no
509,20.36,1,robot,Equipo A,52.91,35.28,0,no
509,20.36,2,robot,Equipo A,11.83,94.62,15200,no
509,20.36,3,robot,Equipo B,157.44,76.53,0,no
509,20.36,4,robot,Equipo B,146.23,66.13,0,no
509,20.36,0,balon,balon,66.44,70.47,0,no
510,20.4,1,robot,Equipo A,52.91,35.28,0,no
510,20.4,2,robot,Equipo A,11.83,94.62,15418,no
510,20.4,3,robot,Equipo B,157.44,76.53,0,no
510,20.4,4,robot,Equipo B,146.23,66.13,0,no
510,20.4,0,balon,balon,66.44,70.47,0,no
511,20.44,1,robot,Equipo A,52.91,35.28,0,no
511,20.44,2,robot,Equipo A,11.83,94.62,15934,no
511,20.44,3,robot,Equipo B,157.44,76.53,0,no
511,20.44,4,robot,Equipo B,146.23,66.13,0,no
511,20.44,0,balon,balon,66.44,70.47,0,no
512,20.48,1,robot,Equipo A,52.91,35.28,0,no
512,20.48,2,robot,Equipo A,11.42,94.12,15184,no
512,20.48,3,robot,Equipo B,157.44,76.53,0,no
512,20.48,4,robot,Equipo B,146.23,66.13,0,no
512,20.48,0,balon,balon,66.44,70.47,0,no
513,20.52,1,robot,Equipo A,52.91,35.28,0,no
513,20.52,2,robot,Equipo A,11.01,93.38,14434,no
513,20.52,3,robot,Equipo B,157.44,76.53,0,no
513,20.52,4,robot,Equipo B,146.23,66.13,0,no
513,20.52,0,balon,balon,66.44,70.47,0,no
514,20.56,1,robot,Equipo A,52.91,35.28,0,no
514,20.56,2,robot,Equipo A,10.62,92.47,13696,no
514,20.56,3,robot,Equipo B,157.44,76.53,0,no
514,20.56,4,robot,Equipo B,146.23,66.13,0,no
514,20.56,0,balon,balon,66.44,70.47,0,no
520,20.8,1,robot,Equipo A,52.91,35.28,0,no
520,20.8,2,robot,Equipo A,10.62,92.47,0,no
520,20.8,3,robot,Equipo B,157.44,76.53,0,no
520,20.8,4,robot,Equipo B,146.23,66.13,9851,no
520,20.8,0,balon,balon,66.44,70.47,0,no
521,20.84,1,robot,Equipo A,52.91,35.28,0,no
521,20.84,2,robot,Equipo A,10.62,92.47,0,no
521,20.84,3,robot,Equipo B,157.44,76.53,0,no
521,20.84,4,robot,Equipo B,146.23,66.13,9822,no
521,20.84,0,balon,balon,66.44,70.47,0,no
522,20.88,1,robot,Equipo A,52.91,35.28,0,no
522,20.88,2,robot,Equipo A,10.62,92.47,0,no
522,20.88,3,robot,Equipo B,157.44,76.53,0,no
522,20.88,4,robot,Equipo B,146.76,65.96,9789,no
522,20.88,0,balon,balon,66.44,70.47,0,no
523,20.92,1,robot,Equipo A,52.91,35.28,0,no
523,20.92,2,robot,Equipo A,10.62,92.47,0,no
523,20.92,3,robot,Equipo B,157.44,76.53,0,no
523,20.92,4,robot,Equipo B,147.3,65.8,9748,no
523,20.92,0,balon,balon,66.44,70.47,0,no
524,20.96,1,robot,Equipo A,52.91,35.28,0,no
524,20.96,2,robot,Equipo A,10.62,92.47,0,no
524,20.96,3,robot,Equipo B,157.44,76.53,0,no
524,20.96,4,robot,Equipo B,147.85,65.64,9693,no
524,20.96,0,balon,balon,66.44,70.47,0,no
525,21.0,1,robot,Equipo A,52.91,35.28,0,no
525,21.0,2,robot,Equipo A,11.47,87.93,7153,no
525,21.0,3,robot,Equipo B,157.44,76.53,0,no
525,21.0,4,robot,Equipo B,147.85,65.64,9720,no
525,21.0,0,balon,balon,66.44,70.47,0,no
526,21.04,1,robot,Equipo A,52.91,35.28,0,no
526,21.04,2,robot,Equipo A,11.93,83.63,5012,no
526,21.04,3,robot,Equipo B,157.44,76.53,0,no
526,21.04,4,robot,Equipo B,147.85,65.64,9926,no
526,21.04,0,balon,balon,66.44,70.47,0,no
527,21.08,1,robot,Equipo A,52.91,35.28,0,no
527,21.08,2,robot,Equipo A,12.06,79.13,3860,no
527,21.08,3,robot,Equipo B,157.44,76.53,0,no
527,21.08,4,robot,Equipo B,147.85,65.64,9941,no
527,21.08,0,balon,balon,66.44,70.47,0,no
528,21.12,1,robot,Equipo A,52.91,35.28,0,no
528,21.12,2,robot,Equipo A,12.82,74.4,5570,no
528,21.12,3,robot,Equipo B,157.44,76.53,0,no
528,21.12,4,robot,Equipo B,148.03,66.2,9941,no
528,21.12,0,balon,balon,66.44,70.47,0,no
529,21.16,1,robot,Equipo A,52.91,35.28,0,no
529,21.16,2,robot,Equipo A,13.72,69.86,7314,no
529,21.16,3,robot,Equipo B,157.44,76.53,0,no
529,21.16,4,robot,Equipo B,148.17,66.89,9941,no
529,21.16,0,balon,balon,66.44,70.47,0,no
530,21.2,1,robot,Equipo A,52.91,35.28,0,no
530,21.2,2,robot,Equipo A,14.17,69.61,7085,no
530,21.2,3,robot,Equipo B,157.44,76.53,0,no
530,21.2,4,robot,Equipo B,148.43,66.45,9494,no
530,21.2,0,balon,balon,66.44,70.47,0,no
531,21.24,1,robot,Equipo A,52.91,35.28,0,no
531,21.24,2,robot,Equipo A,14.48,70.07,7280,no
531,21.24,3,robot,Equipo B,157.44,76.53,0,no
531,21.24,4,robot,Equipo B,148.43,66.45,8740,no
531,21.24,0,balon,balon,66.44,70.47,0,no
532,21.28,1,robot,Equipo A,52.91,35.28,0,no
532,21.28,2,robot,Equipo A,14.65,71.14,7280,no
532,21.28,3,robot,Equipo B,157.44,76.53,0,no
532,21.28,4,robot,Equipo B,148.43,66.45,7277,no
532,21.28,0,balon,balon,66.44,70.47,0,no
533,21.32,1,robot,Equipo A,52.91,35.28,0,no
533,21.32,2,robot,Equipo A,14.69,72.68,7280,no
533,21.32,3,robot,Equipo B,157.44,76.53,0,no
533,21.32,4,robot,Equipo B,148.55,65.87,6579,no
533,21.32,0,balon,balon,66.44,70.47,0,no
534,21.36,1,robot,Equipo A,52.91,35.28,0,no
534,21.36,2,robot,Equipo A,14.64,74.61,7280,no
534,21.36,3,robot,Equipo B,157.44,76.53,0,no
534,21.36,4,robot,Equipo B,148.67,65.3,6054,no
534,21.36,0,balon,balon,66.44,70.47,0,no
535,21.4,1,robot,Equipo A,52.91,35.28,0,no
535,21.4,2,robot,Equipo A,14.95,73.18,7936,no
535,21.4,3,robot,Equipo B,157.44,76.53,0,no
535,21.4,4,robot,Equipo B,148.67,65.3,9457,no
535,21.4,0,balon,balon,66.44,70.47,0,no
536,21.44,1,robot,Equipo A,52.91,35.28,0,no
536,21.44,2,robot,Equipo A,15.27,71.43,7936,no
536,21.44,3,robot,Equipo B,157.44,76.53,0,no
536,21.44,4,robot,Equipo B,148.67,65.3,9752,no
536,21.44,0,balon,balon,66.44,70.47,0,no
537,21.48,1,robot,Equipo A,52.91,35.28,0,no
537,21.48,2,robot,Equipo A,15.62,69.42,7936,no
537,21.48,3,robot,Equipo B,157.44,76.53,0,no
537,21.48,4,robot,Equipo B,148.67,65.3,9767,no
537,21.48,0,balon,balon,66.44,70.47,0,no
538,21.52,1,robot,Equipo A,52.91,35.28,0,no
538,21.52,2,robot,Equipo A,15.98,67.21,7936,no
538,21.52,3,robot,Equipo B,157.44,76.53,0,no
538,21.52,4,robot,Equipo B,148.67,65.3,9767,no
538,21.52,0,balon,balon,66.44,70.47,0,no
539,21.56,1,robot,Equipo A,52.91,35.28,0,no
539,21.56,2,robot,Equipo A,16.35,64.83,7936,no
539,21.56,3,robot,Equipo B,157.44,76.53,0,no
539,21.56,4,robot,Equipo B,148.69,65.84,9767,no
539,21.56,0,balon,balon,66.44,70.47,0,no
540,21.6,1,robot,Equipo A,52.91,35.28,0,no
540,21.6,2,robot,Equipo A,16.35,64.83,0,no
540,21.6,3,robot,Equipo B,157.44,76.53,0,no
540,21.6,4,robot,Equipo B,148.69,65.84,9952,no
540,21.6,0,balon,balon,66.44,70.47,0,no
541,21.64,1,robot,Equipo A,52.91,35.28,0,no
541,21.64,2,robot,Equipo A,16.35,64.83,0,no
541,21.64,3,robot,Equipo B,157.44,76.53,0,no
541,21.64,4,robot,Equipo B,148.69,65.84,9662,no
541,21.64,0,balon,balon,66.44,70.47,0,no
542,21.68,1,robot,Equipo A,52.91,35.28,0,no
542,21.68,2,robot,Equipo A,16.35,64.83,0,no
542,21.68,3,robot,Equipo B,157.44,76.53,0,no
542,21.68,4,robot,Equipo B,148.69,65.84,9233,no
542,21.68,0,balon,balon,66.44,70.47,0,no
543,21.72,1,robot,Equipo A,52.91,35.28,0,no
543,21.72,2,robot,Equipo A,16.35,64.83,0,no
543,21.72,3,robot,Equipo B,157.44,76.53,0,no
543,21.72,4,robot,Equipo B,148.69,65.84,8797,no
543,21.72,0,balon,balon,66.44,70.47,0,no
544,21.76,1,robot,Equipo A,52.91,35.28,0,no
544,21.76,2,robot,Equipo A,16.35,64.83,0,no
544,21.76,3,robot,Equipo B,157.44,76.53,0,no
544,21.76,4,robot,Equipo B,148.69,65.84,8356,no
544,21.76,0,balon,balon,66.44,70.47,0,no
545,21.8,1,robot,Equipo A,52.91,35.28,0,no
545,21.8,2,robot,Equipo A,16.35,64.83,0,no
545,21.8,3,robot,Equipo B,157.44,76.53,0,no
545,21.8,4,robot,Equipo B,148.69,65.84,10009,no
545,21.8,0,balon,balon,66.44,70.47,0,no
546,21.84,1,robot,Equipo A,52.91,35.28,0,no
546,21.84,2,robot,Equipo A,16.35,64.83,0,no
546,21.84,3,robot,Equipo B,157.44,76.53,0,no
546,21.84,4,robot,Equipo B,148.69,65.84,10029,no
546,21.84,0,balon,balon,66.44,70.47,0,no
547,21.88,1,robot,Equipo A,52.91,35.28,0,no
547,21.88,2,robot,Equipo A,16.35,64.83,0,no
547,21.88,3,robot,Equipo B,157.44,76.53,0,no
547,21.88,4,robot,Equipo B,148.69,65.84,10029,no
547,21.88,0,balon,balon,66.44,70.47,0,no
548,21.92,1,robot,Equipo A,52.91,35.28,0,no
548,21.92,2,robot,Equipo A,16.35,64.83,0,no
548,21.92,3,robot,Equipo B,157.44,76.53,0,no
548,21.92,4,robot,Equipo B,148.69,65.84,10029,no
548,21.92,0,balon,balon,66.44,70.47,0,no
549,21.96,1,robot,Equipo A,52.91,35.28,0,no
549,21.96,2,robot,Equipo A,16.35,64.83,0,no
549,21.96,3,robot,Equipo B,157.44,76.53,0,no
549,21.96,4,robot,Equipo B,148.69,65.84,10029,no
549,21.96,0,balon,balon,66.44,70.47,0,no
550,22.0,1,robot,Equipo A,49.41,38.95,2135,no
550,22.0,2,robot,Equipo A,16.35,64.83,0,no
550,22.0,3,robot,Equipo B,157.44,76.53,0,no
550,22.0,4,robot,Equipo B,148.69,65.84,10132,no
550,22.0,0,balon,balon,66.44,70.47,0,no
551,22.04,1,robot,Equipo A,47.43,41.96,2135,no
551,22.04,2,robot,Equipo A,16.35,64.83,0,no
551,22.04,3,robot,Equipo B,157.44,76.53,0,no
551,22.04,4,robot,Equipo B,148.69,65.84,10010,no
551,22.04,0,balon,balon,66.44,70.47,0,no
552,22.08,1,robot,Equipo A,46.67,44.46,2135,no
552,22.08,2,robot,Equipo A,16.35,64.83,0,no
552,22.08,3,robot,Equipo B,157.44,76.53,0,no
552,22.08,4,robot,Equipo B,148.69,65.84,9715,no
552,22.08,0,balon,balon,66.44,70.47,0,no
553,22.12,1,robot,Equipo A,46.89,46.55,2135,no
553,22.12,2,robot,Equipo A,16.35,64.83,0,no
553,22.12,3,robot,Equipo B,157.44,76.53,0,no
553,22.12,4,robot,Equipo B,148.69,65.84,9394,no
553,22.12,0,balon,balon,66.44,70.47,0,no
554,22.16,1,robot,Equipo A,47.88,48.3,2135,no
554,22.16,2,robot,Equipo A,16.35,64.83,0,no
554,22.16,3,robot,Equipo B,157.44,76.53,0,no
554,22.16,4,robot,Equipo B,148.69,65.84,9071,no
554,22.16,0,balon,balon,66.44,70.47,0,no
555,22.2,1,robot,Equipo A,47.88,48.3,0,no
555,22.2,2,robot,Equipo A,16.35,64.83,0,no
555,22.2,3,robot,Equipo B,159.56,73.61,1408,no
555,22.2,4,robot,Equipo B,148.69,65.84,10666,no
555,22.2,0,balon,balon,66.44,70.47,0,no
556,22.24,1,robot,Equipo A,47.88,48.3,0,no
556,22.24,2,robot,Equipo A,16.35,64.83,0,no
556,22.24,3,robot,Equipo B,159.56,73.61,0,no
556,22.24,4,robot,Equipo B,148.69,65.84,10721,no
556,22.24,0,balon,balon,66.44,70.47,0,no
557,22.28,1,robot,Equipo A,47.88,48.3,0,no
557,22.28,2,robot,Equipo A,16.35,64.83,0,no
557,22.28,3,robot,Equipo B,159.56,73.61,0,no
557,22.28,4,robot,Equipo B,148.69,65.84,10736,no
557,22.28,0,balon,balon,66.44,70.47,0,no
558,22.32,1,robot,Equipo A,47.88,48.3,0,no
558,22.32,2,robot,Equipo A,16.35,64.83,0,no
558,22.32,3,robot,Equipo B,159.56,73.61,0,no
558,22.32,4,robot,Equipo B,148.69,65.84,10736,no
558,22.32,0,balon,balon,66.44,70.47,0,no
559,22.36,1,robot,Equipo A,47.88,48.3,0,no
559,22.36,2,robot,Equipo A,16.35,64.83,0,no
559,22.36,3,robot,Equipo B,159.56,73.61,0,no
559,22.36,4,robot,Equipo B,148.69,65.84,10736,no
559,22.36,0,balon,balon,66.44,70.47,0,no
560,22.4,1,robot,Equipo A,47.88,48.3,0,no
560,22.4,2,robot,Equipo A,16.35,64.83,0,no
560,22.4,3,robot,Equipo B,159.56,73.61,0,no
560,22.4,4,robot,Equipo B,148.69,65.84,9800,no
560,22.4,0,balon,balon,66.44,70.47,0,no
561,22.44,1,robot,Equipo A,47.88,48.3,0,no
561,22.44,2,robot,Equipo A,16.35,64.83,0,no
561,22.44,3,robot,Equipo B,161.16,71.26,1690,no
561,22.44,4,robot,Equipo B,148.69,65.84,9647,no
561,22.44,0,balon,balon,66.44,70.47,0,no
562,22.48,1,robot,Equipo A,47.88,48.3,0,no
562,22.48,2,robot,Equipo A,16.35,64.83,0,no
562,22.48,3,robot,Equipo B,162.11,69.31,1310,no
562,22.48,4,robot,Equipo B,148.69,65.84,9329,no
562,22.48,0,balon,balon,66.44,70.47,0,no
563,22.52,1,robot,Equipo A,47.88,48.3,0,no
563,22.52,2,robot,Equipo A,16.35,64.83,0,no
563,22.52,3,robot,Equipo B,162.67,67.78,1387,no
563,22.52,4,robot,Equipo B,148.69,65.84,9006,no
563,22.52,0,balon,balon,66.44,70.47,0,no
564,22.56,1,robot,Equipo A,47.88,48.3,0,no
564,22.56,2,robot,Equipo A,16.35,64.83,0,no
564,22.56,3,robot,Equipo B,162.89,66.59,1461,no
564,22.56,4,robot,Equipo B,148.69,65.84,8680,no
564,22.56,0,balon,balon,66.44,70.47,0,no
565,22.6,1,robot,Equipo A,47.88,48.3,0,no
565,22.6,2,robot,Equipo A,16.35,64.83,0,no
565,22.6,3,robot,Equipo B,162.89,66.59,0,no
565,22.6,4,robot,Equipo B,148.69,65.84,9440,no
565,22.6,0,balon,balon,66.44,70.47,0,no
566,22.64,1,robot,Equipo A,47.88,48.3,0,no
566,22.64,2,robot,Equipo A,16.35,64.83,0,no
566,22.64,3,robot,Equipo B,162.89,66.59,0,no
566,22.64,4,robot,Equipo B,148.69,65.84,9484,no
566,22.64,0,balon,balon,66.44,70.47,0,no
567,22.68,1,robot,Equipo A,47.88,48.3,0,no
567,22.68,2,robot,Equipo A,16.35,64.83,0,no
567,22.68,3,robot,Equipo B,162.89,66.59,0,no
567,22.68,4,robot,Equipo B,148.69,65.84,9508,no
567,22.68,0,balon,balon,66.44,70.47,0,no
568,22.72,1,robot,Equipo A,47.88,48.3,0,no
568,22.72,2,robot,Equipo A,16.35,64.83,0,no
568,22.72,3,robot,Equipo B,162.89,66.59,0,no
568,22.72,4,robot,Equipo B,148.69,65.84,9514,no
568,22.72,0,balon,balon,66.44,70.47,0,no
569,22.76,1,robot,Equipo A,47.88,48.3,0,no
569,22.76,2,robot,Equipo A,16.35,64.83,0,no
569,22.76,3,robot,Equipo B,162.89,66.59,0,no
569,22.76,4,robot,Equipo B,148.69,65.84,9514,no
569,22.76,0,balon,balon,66.44,70.47,0,no
570,22.8,1,robot,Equipo A,47.88,48.3,0,no
570,22.8,2,robot,Equipo A,16.35,64.83,0,no
570,22.8,3,robot,Equipo B,162.89,66.59,0,no
570,22.8,4,robot,Equipo B,148.69,65.84,9266,no
570,22.8,0,balon,balon,66.44,70.47,0,no
571,22.84,1,robot,Equipo A,47.88,48.3,0,no
571,22.84,2,robot,Equipo A,16.35,64.83,0,no
571,22.84,3,robot,Equipo B,162.89,66.59,0,no
571,22.84,4,robot,Equipo B,148.69,65.84,9199,no
571,22.84,0,balon,balon,66.44,70.47,0,no
572,22.88,1,robot,Equipo A,47.88,48.3,0,no
572,22.88,2,robot,Equipo A,16.35,64.83,0,no
572,22.88,3,robot,Equipo B,162.89,66.59,0,no
572,22.88,4,robot,Equipo B,148.69,65.84,9092,no
572,22.88,0,balon,balon,66.44,70.47,0,no
573,22.92,1,robot,Equipo A,47.88,48.3,0,no
573,22.92,2,robot,Equipo A,16.35,64.83,0,no
573,22.92,3,robot,Equipo B,162.89,66.59,0,no
573,22.92,4,robot,Equipo B,148.69,65.84,8881,no
573,22.92,0,balon,balon,66.44,70.47,0,no
574,22.96,1,robot,Equipo A,47.88,48.3,0,no
574,22.96,2,robot,Equipo A,16.35,64.83,0,no
574,22.96,3,robot,Equipo B,162.89,66.59,0,no
574,22.96,4,robot,Equipo B,148.69,65.84,8668,no
574,22.96,0,balon,balon,66.44,70.47,0,no
575,23.0,1,robot,Equipo A,49.21,44.39,14245,no
575,23.0,2,robot,Equipo A,16.35,64.83,0,no
575,23.0,3,robot,Equipo B,162.89,66.59,0,no
575,23.0,4,robot,Equipo B,148.69,65.84,9438,no
575,23.0,0,balon,balon,66.44,70.47,0,no
576,23.04,1,robot,Equipo A,50.39,40.13,14245,no
576,23.04,2,robot,Equipo A,16.35,64.83,0,no
576,23.04,3,robot,Equipo B,162.89,66.59,0,no
576,23.04,4,robot,Equipo B,148.69,65.84,9474,no
576,23.04,0,balon,balon,66.44,70.47,0,no
577,23.08,1,robot,Equipo A,51.45,35.6,14245,no
577,23.08,2,robot,Equipo A,16.35,64.83,0,no
577,23.08,3,robot,Equipo B,162.89,66.59,0,no
577,23.08,4,robot,Equipo B,148.69,65.84,9492,no
577,23.08,0,balon,balon,66.44,70.47,0,no
578,23.12,1,robot,Equipo A,52.41,30.82,14432,no
578,23.12,2,robot,Equipo A,16.35,64.83,0,no
578,23.12,3,robot,Equipo B,162.89,66.59,0,no
578,23.12,4,robot,Equipo B,148.69,65.84,9492,no
578,23.12,0,balon,balon,66.44,70.47,0,no
579,23.16,1,robot,Equipo A,53.31,26.22,12005,no
579,23.16,2,robot,Equipo A,16.35,64.83,0,no
579,23.16,3,robot,Equipo B,162.89,66.59,0,no
579,23.16,4,robot,Equipo B,148.69,65.84,9492,no
579,23.16,0,balon,balon,66.44,70.47,0,no
580,23.2,1,robot,Equipo A,53.59,26.72,14236,no
580,23.2,2,robot,Equipo A,18.83,68.74,3576,no
580,23.2,3,robot,Equipo B,162.89,66.59,0,no
580,23.2,4,robot,Equipo B,148.69,65.84,9393,no
580,23.2,0,balon,balon,66.44,70.47,0,no
581,23.24,1,robot,Equipo A,53.72,28.02,14236,no
581,23.24,2,robot,Equipo A,21.05,70.99,3576,no
581,23.24,3,robot,Equipo B,162.89,66.59,0,no
581,23.24,4,robot,Equipo B,148.69,65.84,9312,no
581,23.24,0,balon,balon,66.44,70.47,0,no
582,23.28,1,robot,Equipo A,53.74,29.96,14236,no
582,23.28,2,robot,Equipo A,23.04,71.93,3576,no
582,23.28,3,robot,Equipo B,162.89,66.59,0,no
582,23.28,4,robot,Equipo B,148.69,65.84,9143,no
582,23.28,0,balon,balon,66.44,70.47,0,no
583,23.32,1,robot,Equipo A,53.68,32.4,14236,no
583,23.32,2,robot,Equipo A,24.86,71.82,3576,no
583,23.32,3,robot,Equipo B,162.89,66.59,0,no
583,23.32,4,robot,Equipo B,148.69,65.84,8931,no
583,23.32,0,balon,balon,66.44,70.47,0,no
584,23.36,1,robot,Equipo A,53.54,35.25,14236,no
584,23.36,2,robot,Equipo A,26.55,70.86,3576,no
584,23.36,3,robot,Equipo B,162.89,66.59,0,no
584,23.36,4,robot,Equipo B,148.69,65.84,8961,no
584,23.36,0,balon,balon,66.44,70.47,0,no
585,23.4,1,robot,Equipo A,53.74,33.92,14155,no
585,23.4,2,robot,Equipo A,28.44,69.17,16725,no
585,23.4,3,robot,Equipo B,162.89,66.59,0,no
585,23.4,4,robot,Equipo B,148.69,65.84,9328,no
585,23.4,0,balon,balon,66.44,70.47,0,no
586,23.44,1,robot,Equipo A,53.98,32.14,14155,no
586,23.44,2,robot,Equipo A,29.97,67.64,16725,no
586,23.44,3,robot,Equipo B,162.89,66.59,0,no
586,23.44,4,robot,Equipo B,148.69,65.84,9368,no
586,23.44,0,balon,balon,66.89,67.61,950,no
587,23.48,1,robot,Equipo A,54.27,29.98,14155,no
587,23.48,2,robot,Equipo A,31.23,66.25,16725,no
587,23.48,3,robot,Equipo B,162.89,66.59,0,no
587,23.48,4,robot,Equipo B,148.69,65.84,9385,no
587,23.48,0,balon,balon,67.13,66.05,959,no
588,23.52,1,robot,Equipo A,54.58,27.54,14155,no
588,23.52,2,robot,Equipo A,32.27,64.96,16725,no
588,23.52,3,robot,Equipo B,162.89,66.59,0,no
588,23.52,4,robot,Equipo B,148.69,65.84,9385,no
588,23.52,0,balon,balon,67.27,65.18,966,no
589,23.56,1,robot,Equipo A,54.91,24.87,14155,no
589,23.56,2,robot,Equipo A,33.12,63.75,16725,no
589,23.56,3,robot,Equipo B,162.89,66.59,0,no
589,23.56,4,robot,Equipo B,148.69,65.84,9385,no
589,23.56,0,balon,balon,67.34,64.71,957,no
590,23.6,1,robot,Equipo A,54.84,25.64,14209,no
590,23.6,2,robot,Equipo A,33.67,63.51,16285,no
590,23.6,3,robot,Equipo B,162.89,66.59,0,no
590,23.6,4,robot,Equipo B,148.69,65.84,9145,no
590,23.6,0,balon,balon,67.38,64.52,964,no
591,23.64,1,robot,Equipo A,54.69,26.84,14209,no
591,23.64,2,robot,Equipo A,33.67,63.51,16285,no
591,23.64,3,robot,Equipo B,162.89,66.59,0,no
591,23.64,4,robot,Equipo B,148.69,65.84,9073,no
591,23.64,0,balon,balon,67.4,64.41,964,no
592,23.68,1,robot,Equipo A,54.49,28.37,14209,no
592,23.68,2,robot,Equipo A,33.67,63.51,16285,no
592,23.68,3,robot,Equipo B,162.89,66.59,0,no
592,23.68,4,robot,Equipo B,148.69,65.84,8967,no
592,23.68,0,balon,balon,67.41,64.35,961,no
593,23.72,1,robot,Equipo A,54.25,30.18,14209,no
593,23.72,2,robot,Equipo A,33.67,63.51,16285,no
593,23.72,3,robot,Equipo B,162.89,66.59,0,no
593,23.72,4,robot,Equipo B,148.69,65.84,8801,no
593,23.72,0,balon,balon,67.42,64.32,959,no
594,23.76,1,robot,Equipo A,53.97,32.21,14209,no
594,23.76,2,robot,Equipo A,33.99,63.89,16285,no
594,23.76,3,robot,Equipo B,162.89,66.59,0,no
594,23.76,4,robot,Equipo B,148.69,65.84,8698,no
594,23.76,0,balon,balon,67.43,64.3,950,no
595,23.8,1,robot,Equipo A,54.08,31.51,14235,no
595,23.8,2,robot,Equipo A,34.41,63.62,16330,no
595,23.8,3,robot,Equipo B,162.89,66.59,0,no
595,23.8,4,robot,Equipo B,148.69,65.84,9177,no
595,23.8,0,balon,balon,67.49,64.29,941,no
596,23.84,1,robot,Equipo A,54.23,30.5,14235,no
596,23.84,2,robot,Equipo A,34.41,63.62,16330,no
596,23.84,3,robot,Equipo B,162.89,66.59,0,no
596,23.84,4,robot,Equipo B,148.69,65.84,9208,no
596,23.84,0,balon,balon,67.53,64.29,952,no
597,23.88,1,robot,Equipo A,54.4,29.22,14235,no
597,23.88,2,robot,Equipo A,34.81,63.18,16330,no
597,23.88,3,robot,Equipo B,162.89,66.59,0,no
597,23.88,4,robot,Equipo B,148.69,65.84,9216,no
597,23.88,0,balon,balon,67.55,64.28,968,no
598,23.92,1,robot,Equipo A,54.6,27.74,14235,no
598,23.92,2,robot,Equipo A,35.16,62.7,16330,no
598,23.92,3,robot,Equipo B,162.89,66.59,0,no
598,23.92,4,robot,Equipo B,148.69,65.84,9216,no
598,23.92,0,balon,balon,67.57,64.21,969,no
599,23.96,1,robot,Equipo A,54.82,26.09,14235,no
599,23.96,2,robot,Equipo A,35.47,62.21,16330,no
599,23.96,3,robot,Equipo B,162.89,66.59,0,no
599,23.96,4,robot,Equipo B,148.69,65.84,9216,no
599,23.96,0,balon,balon,67.57,64.18,964,no
600,24.0,1,robot,Equipo A,54.79,26.59,14064,no
600,24.0,2,robot,Equipo A,35.47,62.21,16486,no
600,24.0,3,robot,Equipo B,162.89,66.59,0,no
600,24.0,4,robot,Equipo B,148.69,65.84,9320,no
600,24.0,0,balon,balon,67.64,64.16,970,no
601,24.04,1,robot,Equipo A,54.74,27.37,14064,no
601,24.04,2,robot,Equipo A,35.47,62.21,16486,no
601,24.04,3,robot,Equipo B,162.89,66.59,0,no
601,24.04,4,robot,Equipo B,148.69,65.84,9236,no
601,24.04,0,balon,balon,67.68,64.14,972,no
602,24.08,1,robot,Equipo A,54.67,28.37,14064,no
602,24.08,2,robot,Equipo A,35.47,62.21,16486,no
602,24.08,3,robot,Equipo B,162.89,66.59,0,no
602,24.08,4,robot,Equipo B,148.69,65.84,9098,no
602,24.08,0,balon,balon,67.7,64.14,975,no
603,24.12,1,robot,Equipo A,54.59,29.54,14064,no
603,24.12,2,robot,Equipo A,35.47,62.21,16486,no
603,24.12,3,robot,Equipo B,162.89,66.59,0,no
603,24.12,4,robot,Equipo B,148.69,65.84,8907,no
603,24.12,0,balon,balon,67.64,64.13,967,no
604,24.16,1,robot,Equipo A,54.5,30.85,14064,no
604,24.16,2,robot,Equipo A,35.47,62.21,16486,no
604,24.16,3,robot,Equipo B,162.89,66.59,0,no
604,24.16,4,robot,Equipo B,148.69,65.84,8693,no
604,24.16,0,balon,balon,67.61,64.13,971,no
605,24.2,1,robot,Equipo A,54.5,30.85,14096,no
605,24.2,2,robot,Equipo A,35.47,62.21,16704,no
605,24.2,3,robot,Equipo B,162.89,66.59,0,no
605,24.2,4,robot,Equipo B,148.69,65.84,9129,no
605,24.2,0,balon,balon,67.6,64.13,974,no
606,24.24,1,robot,Equipo A,54.56,30.12,14096,no
606,24.24,2,robot,Equipo A,35.47,62.21,16704,no
606,24.24,3,robot,Equipo B,162.89,66.59,0,no
606,24.24,4,robot,Equipo B,148.69,65.84,9163,no
606,24.24,0,balon,balon,67.59,64.13,965,no
607,24.28,1,robot,Equipo A,54.64,29.23,14096,no
607,24.28,2,robot,Equipo A,35.47,62.21,16704,no
607,24.28,3,robot,Equipo B,162.89,66.59,0,no
607,24.28,4,robot,Equipo B,148.69,65.84,9189,no
607,24.28,0,balon,balon,67.59,64.13,954,no
608,24.32,1,robot,Equipo A,54.74,28.24,14096,no
608,24.32,2,robot,Equipo A,35.47,62.21,16704,no
608,24.32,3,robot,Equipo B,162.89,66.59,0,no
608,24.32,4,robot,Equipo B,148.69,65.84,9201,no
608,24.32,0,balon,balon,67.58,64.13,965,no
609,24.36,1,robot,Equipo A,54.84,27.16,14096,no
609,24.36,2,robot,Equipo A,35.47,62.21,16704,no
609,24.36,3,robot,Equipo B,160.17,66.36,9211,no
609,24.36,4,robot,Equipo B,148.69,65.84,0,no
609,24.36,0,balon,balon,67.58,64.13,952,no
610,24.4,1,robot,Equipo A,54.84,27.16,14110,no
610,24.4,2,robot,Equipo A,35.47,62.21,16633,no
610,24.4,3,robot,Equipo B,160.17,66.36,0,no
610,24.4,4,robot,Equipo B,148.69,65.84,9087,no
610,24.4,0,balon,balon,67.58,64.13,956,no
611,24.44,1,robot,Equipo A,54.78,27.68,14110,no
611,24.44,2,robot,Equipo A,35.47,62.21,16633,no
611,24.44,3,robot,Equipo B,160.17,66.36,0,no
611,24.44,4,robot,Equipo B,148.69,65.84,9043,no
611,24.44,0,balon,balon,67.58,64.13,961,no
612,24.48,1,robot,Equipo A,54.7,28.32,14110,no
612,24.48,2,robot,Equipo A,35.47,62.21,16633,no
612,24.48,3,robot,Equipo B,160.17,66.36,0,no
612,24.48,4,robot,Equipo B,148.69,65.84,9195,no
612,24.48,0,balon,balon,67.64,64.13,954,no
613,24.52,1,robot,Equipo A,54.61,29.07,14110,no
613,24.52,2,robot,Equipo A,35.47,62.21,16633,no
613,24.52,3,robot,Equipo B,160.17,66.36,0,no
613,24.52,4,robot,Equipo B,148.69,65.84,9997,no
613,24.52,0,balon,balon,67.68,64.13,974,no
614,24.56,1,robot,Equipo A,54.52,29.9,14110,no
614,24.56,2,robot,Equipo A,35.47,62.21,16633,no
614,24.56,3,robot,Equipo B,160.17,66.36,0,no
614,24.56,4,robot,Equipo B,147.65,65.01,13080,no
614,24.56,0,balon,balon,67.7,64.13,965,no
615,24.6,1,robot,Equipo A,54.52,29.9,14239,no
615,24.6,2,robot,Equipo A,35.47,62.21,16876,no
615,24.6,3,robot,Equipo B,160.17,66.36,0,no
615,24.6,4,robot,Equipo B,147.65,65.01,9111,no
615,24.6,0,balon,balon,67.71,64.2,965,no
616,24.64,1,robot,Equipo A,54.52,29.9,14239,no
616,24.64,2,robot,Equipo A,35.47,62.21,16876,no
616,24.64,3,robot,Equipo B,160.17,66.36,0,no
616,24.64,4,robot,Equipo B,147.65,65.01,9140,no
616,24.64,0,balon,balon,67.78,64.23,954,no
617,24.68,1,robot,Equipo A,54.61,29.32,14239,no
617,24.68,2,robot,Equipo A,35.47,62.21,16876,no
617,24.68,3,robot,Equipo B,160.17,66.36,0,no
617,24.68,4,robot,Equipo B,147.65,65.01,9160,no
617,24.68,0,balon,balon,67.81,64.26,955,no
618,24.72,1,robot,Equipo A,54.71,28.69,14239,no
618,24.72,2,robot,Equipo A,35.47,62.21,16876,no
618,24.72,3,robot,Equipo B,160.17,66.36,0,no
618,24.72,4,robot,Equipo B,147.65,65.01,9171,no
618,24.72,0,balon,balon,67.77,64.27,964,no
619,24.76,1,robot,Equipo A,54.82,28.01,14239,no
619,24.76,2,robot,Equipo A,35.47,62.21,16876,no
619,24.76,3,robot,Equipo B,160.17,66.36,0,no
619,24.76,4,robot,Equipo B,147.65,65.01,9178,no
619,24.76,0,balon,balon,67.69,64.27,950,no
620,24.8,1,robot,Equipo A,54.82,28.01,14245,no
620,24.8,2,robot,Equipo A,35.47,62.21,16778,no
620,24.8,3,robot,Equipo B,160.17,66.36,0,no
620,24.8,4,robot,Equipo B,147.65,65.01,9253,no
620,24.8,0,balon,balon,67.64,64.28,957,no
621,24.84,1,robot,Equipo A,54.82,28.01,14245,no
621,24.84,2,robot,Equipo A,35.47,62.21,16778,no
621,24.84,3,robot,Equipo B,160.17,66.36,0,no
621,24.84,4,robot,Equipo B,147.65,65.01,9219,no
621,24.84,0,balon,balon,67.54,64.28,958,no
622,24.88,1,robot,Equipo A,54.82,28.01,14245,no
622,24.88,2,robot,Equipo A,35.47,62.21,16778,no
622,24.88,3,robot,Equipo B,160.17,66.36,0,no
622,24.88,4,robot,Equipo B,147.65,65.01,9177,no
622,24.88,0,balon,balon,67.43,64.28,951,no
623,24.92,1,robot,Equipo A,54.68,28.59,14245,no
623,24.92,2,robot,Equipo A,35.47,62.21,16778,no
623,24.92,3,robot,Equipo B,160.17,66.36,0,no
623,24.92,4,robot,Equipo B,147.65,65.01,9384,no
623,24.92,0,balon,balon,67.24,64.21,954,no
624,24.96,1,robot,Equipo A,54.54,29.2,14245,no
624,24.96,2,robot,Equipo A,35.47,62.21,16778,no
624,24.96,3,robot,Equipo B,160.17,66.36,0,no
624,24.96,4,robot,Equipo B,147.65,65.01,9826,no
624,24.96,0,balon,balon,67.07,64.17,949,no
625,25.0,1,robot,Equipo A,54.54,29.2,14303,no
625,25.0,2,robot,Equipo A,35.47,62.21,16615,no
625,25.0,3,robot,Equipo B,160.17,66.36,0,no
625,25.0,4,robot,Equipo B,147.65,65.01,9279,no
625,25.0,0,balon,balon,66.91,64.09,957,no
626,25.04,1,robot,Equipo A,54.54,29.2,14303,no
626,25.04,2,robot,Equipo A,35.47,62.21,16615,no
626,25.04,3,robot,Equipo B,160.17,66.36,0,no
626,25.04,4,robot,Equipo B,147.65,65.01,9322,no
626,25.04,0,balon,balon,66.76,64.05,958,no
627,25.08,1,robot,Equipo A,54.54,29.2,14303,no
627,25.08,2,robot,Equipo A,35.47,62.21,16615,no
627,25.08,3,robot,Equipo B,160.17,66.36,0,no
627,25.08,4,robot,Equipo B,147.65,65.01,9358,no
627,25.08,0,balon,balon,66.62,63.95,936,no
628,25.12,1,robot,Equipo A,54.54,29.2,14303,no
628,25.12,2,robot,Equipo A,35.47,62.21,16615,no
628,25.12,3,robot,Equipo B,160.17,66.36,0,no
628,25.12,4,robot,Equipo B,147.65,65.01,9384,no
628,25.12,0,balon,balon,66.48,63.84,957,no
629,25.16,1,robot,Equipo A,54.37,28.61,14303,no
629,25.16,2,robot,Equipo A,35.47,62.21,16615,no
629,25.16,3,robot,Equipo B,160.17,66.36,0,no
629,25.16,4,robot,Equipo B,147.65,65.01,9398,no
629,25.16,0,balon,balon,66.33,63.71,948,no
630,25.2,1,robot,Equipo A,54.37,28.61,14188,no
630,25.2,2,robot,Equipo A,35.47,62.21,16913,no
630,25.2,3,robot,Equipo B,160.17,66.36,0,no
630,25.2,4,robot,Equipo B,147.65,65.01,8904,no
630,25.2,0,balon,balon,66.26,63.58,955,no
631,25.24,1,robot,Equipo A,54.37,28.61,14188,no
631,25.24,2,robot,Equipo A,35.47,62.21,16913,no
631,25.24,3,robot,Equipo B,160.17,66.36,0,no
631,25.24,4,robot,Equipo B,147.65,65.01,8692,no
631,25.24,0,balon,balon,66.28,63.5,952,no
632,25.28,1,robot,Equipo A,54.37,28.61,14188,no
632,25.28,2,robot,Equipo A,35.47,62.21,16913,no
632,25.28,3,robot,Equipo B,160.17,66.36,0,no
632,25.28,4,robot,Equipo B,147.65,65.01,8479,no
632,25.28,0,balon,balon,66.29,63.4,949,no
633,25.32,1,robot,Equipo A,54.37,28.61,14188,no
633,25.32,2,robot,Equipo A,35.47,62.21,16913,no
633,25.32,3,robot,Equipo B,160.17,66.36,0,no
633,25.32,4,robot,Equipo B,147.65,65.01,8265,no
633,25.32,0,balon,balon,66.42,63.27,948,no
634,25.36,1,robot,Equipo A,54.37,28.61,14188,no
634,25.36,2,robot,Equipo A,35.47,62.21,16913,no
634,25.36,3,robot,Equipo B,160.17,66.36,0,no
634,25.36,4,robot,Equipo B,147.65,65.01,8051,no
634,25.36,0,balon,balon,66.55,63.2,961,no
635,25.4,1,robot,Equipo A,54.37,28.61,14314,no
635,25.4,2,robot,Equipo A,35.47,62.21,17455,no
635,25.4,3,robot,Equipo B,160.17,66.36,0,no
635,25.4,4,robot,Equipo B,147.65,65.01,8760,no
635,25.4,0,balon,balon,66.7,63.17,960,no
636,25.44,1,robot,Equipo A,54.37,28.61,14314,no
636,25.44,2,robot,Equipo A,35.47,62.21,17455,no
636,25.44,3,robot,Equipo B,160.17,66.36,0,no
636,25.44,4,robot,Equipo B,147.65,65.01,8867,no
636,25.44,0,balon,balon,66.77,63.08,960,no
637,25.48,1,robot,Equipo A,54.37,28.61,14314,no
637,25.48,2,robot,Equipo A,35.47,62.21,17455,no
637,25.48,3,robot,Equipo B,160.17,66.36,0,no
637,25.48,4,robot,Equipo B,147.65,65.01,8974,no
637,25.48,0,balon,balon,66.88,63.04,964,no
638,25.52,1,robot,Equipo A,54.37,28.61,14314,no
638,25.52,2,robot,Equipo A,35.47,62.21,17455,no
638,25.52,3,robot,Equipo B,160.17,66.36,0,no
638,25.52,4,robot,Equipo B,147.65,65.01,9080,no
638,25.52,0,balon,balon,66.94,63.01,961,no
639,25.56,1,robot,Equipo A,54.37,28.61,14314,no
639,25.56,2,robot,Equipo A,35.47,62.21,17455,no
639,25.56,3,robot,Equipo B,160.17,66.36,0,no
639,25.56,4,robot,Equipo B,147.65,65.01,9186,no
639,25.56,0,balon,balon,66.97,63.06,966,no
640,25.6,1,robot,Equipo A,54.37,28.61,14311,no
640,25.6,2,robot,Equipo A,35.47,62.21,17460,no
640,25.6,3,robot,Equipo B,160.17,66.36,0,no
640,25.6,4,robot,Equipo B,147.65,65.01,8595,no
640,25.6,0,balon,balon,66.99,63.09,976,no
641,25.64,1,robot,Equipo A,54.37,28.61,14311,no
641,25.64,2,robot,Equipo A,35.47,62.21,17460,no
641,25.64,3,robot,Equipo B,160.17,66.36,0,no
641,25.64,4,robot,Equipo B,147.65,65.01,8488,no
641,25.64,0,balon,balon,67.0,63.1,966,no
642,25.68,1,robot,Equipo A,54.37,28.61,14311,no
642,25.68,2,robot,Equipo A,35.47,62.21,17460,no
642,25.68,3,robot,Equipo B,160.17,66.36,0,no
642,25.68,4,robot,Equipo B,147.65,65.01,8380,no
642,25.68,0,balon,balon,67.0,63.11,967,no
643,25.72,1,robot,Equipo A,54.37,28.61,14311,no
643,25.72,2,robot,Equipo A,35.47,62.21,17460,no
643,25.72,3,robot,Equipo B,160.17,66.36,0,no
643,25.72,4,robot,Equipo B,147.65,65.01,8272,no
643,25.72,0,balon,balon,67.01,63.11,961,no
644,25.76,1,robot,Equipo A,54.37,28.61,14311,no
644,25.76,2,robot,Equipo A,35.47,62.21,17460,no
644,25.76,3,robot,Equipo B,160.17,66.36,0,no
644,25.76,4,robot,Equipo B,147.65,65.01,8164,no
644,25.76,0,balon,balon,67.01,63.05,965,no
645,25.8,1,robot,Equipo A,54.37,28.61,14377,no
645,25.8,2,robot,Equipo A,35.47,62.21,17720,no
645,25.8,3,robot,Equipo B,160.17,66.36,0,no
645,25.8,4,robot,Equipo B,147.65,65.01,8625,no
645,25.8,0,balon,balon,66.95,63.02,958,no
646,25.84,1,robot,Equipo A,54.37,28.61,14377,no
646,25.84,2,robot,Equipo A,35.47,62.21,17720,no
646,25.84,3,robot,Equipo B,160.17,66.36,0,no
646,25.84,4,robot,Equipo B,147.65,65.01,8732,no
646,25.84,0,balon,balon,66.91,63.0,968,no
647,25.88,1,robot,Equipo A,54.37,28.61,14377,no
647,25.88,2,robot,Equipo A,35.47,62.21,17720,no
647,25.88,3,robot,Equipo B,160.17,66.36,0,no
647,25.88,4,robot,Equipo B,147.65,65.01,8839,no
647,25.88,0,balon,balon,66.96,62.99,967,no
648,25.92,1,robot,Equipo A,54.37,28.61,14377,no
648,25.92,2,robot,Equipo A,35.47,62.21,17720,no
648,25.92,3,robot,Equipo B,160.17,66.36,0,no
648,25.92,4,robot,Equipo B,147.65,65.01,8945,no
648,25.92,0,balon,balon,66.98,62.99,972,no
649,25.96,1,robot,Equipo A,54.37,28.61,14377,no
649,25.96,2,robot,Equipo A,35.47,62.21,17720,no
649,25.96,3,robot,Equipo B,160.17,66.36,0,no
649,25.96,4,robot,Equipo B,147.65,65.01,9051,no
649,25.96,0,balon,balon,66.99,62.98,979,no
650,26.0,1,robot,Equipo A,54.37,28.61,14286,no
650,26.0,2,robot,Equipo A,35.47,62.21,17611,no
650,26.0,3,robot,Equipo B,160.17,66.36,0,no
650,26.0,4,robot,Equipo B,147.65,65.01,8810,no
650,26.0,0,balon,balon,67.06,62.98,985,no
651,26.04,1,robot,Equipo A,54.37,28.61,14286,no
651,26.04,2,robot,Equipo A,35.47,62.21,17611,no
651,26.04,3,robot,Equipo B,160.17,66.36,0,no
651,26.04,4,robot,Equipo B,147.65,65.01,8702,no
651,26.04,0,balon,balon,67.1,62.98,982,no
652,26.08,1,robot,Equipo A,54.37,28.61,14286,no
652,26.08,2,robot,Equipo A,35.47,62.21,17611,no
652,26.08,3,robot,Equipo B,160.17,66.36,0,no
652,26.08,4,robot,Equipo B,147.65,65.01,8594,no
652,26.08,0,balon,balon,67.19,62.98,985,no
653,26.12,1,robot,Equipo A,54.37,28.61,14286,no
653,26.12,2,robot,Equipo A,35.47,62.21,17611,no
653,26.12,3,robot,Equipo B,160.17,66.36,0,no
653,26.12,4,robot,Equipo B,147.65,65.01,8486,no
653,26.12,0,balon,balon,67.3,62.98,971,no
654,26.16,1,robot,Equipo A,54.37,28.61,14286,no
654,26.16,2,robot,Equipo A,35.47,62.21,17611,no
654,26.16,3,robot,Equipo B,160.17,66.36,0,no
654,26.16,4,robot,Equipo B,147.65,65.01,8378,no
654,26.16,0,balon,balon,67.42,63.04,973,no
655,26.2,1,robot,Equipo A,54.37,28.61,14406,no
655,26.2,2,robot,Equipo A,35.47,62.21,17728,no
655,26.2,3,robot,Equipo B,160.17,66.36,0,no
655,26.2,4,robot,Equipo B,147.65,65.01,9186,no
655,26.2,0,balon,balon,67.56,63.15,985,no
656,26.24,1,robot,Equipo A,54.37,28.61,14406,no
656,26.24,2,robot,Equipo A,35.47,62.21,17728,no
656,26.24,3,robot,Equipo B,160.17,66.36,0,no
656,26.24,4,robot,Equipo B,147.65,65.01,9398,no
656,26.24,0,balon,balon,67.69,63.26,973,no
657,26.28,1,robot,Equipo A,54.37,28.61,14406,no
657,26.28,2,robot,Equipo A,35.47,62.21,17728,no
657,26.28,3,robot,Equipo B,160.17,66.36,0,no
657,26.28,4,robot,Equipo B,147.65,65.01,9499,no
657,26.28,0,balon,balon,67.83,63.46,971,no
658,26.32,1,robot,Equipo A,54.37,28.61,14406,no
658,26.32,2,robot,Equipo A,35.94,62.01,17728,no
658,26.32,3,robot,Equipo B,160.17,66.36,0,no
658,26.32,4,robot,Equipo B,147.65,65.01,9567,no
658,26.32,0,balon,balon,67.91,63.57,958,no
659,26.36,1,robot,Equipo A,54.37,28.61,14406,no
659,26.36,2,robot,Equipo A,35.94,62.01,17728,no
659,26.36,3,robot,Equipo B,160.17,66.36,0,no
659,26.36,4,robot,Equipo B,147.65,65.01,9596,no
659,26.36,0,balon,balon,67.95,63.69,969,no
660,26.4,1,robot,Equipo A,54.37,28.61,14348,no
660,26.4,2,robot,Equipo A,35.94,62.01,17504,no
660,26.4,3,robot,Equipo B,160.17,66.36,0,no
660,26.4,4,robot,Equipo B,147.65,65.01,9536,no
660,26.4,0,balon,balon,67.97,63.69,970,no
661,26.44,1,robot,Equipo A,54.37,28.61,14348,no
661,26.44,2,robot,Equipo A,35.94,62.01,17504,no
661,26.44,3,robot,Equipo B,160.17,66.36,0,no
661,26.44,4,robot,Equipo B,147.65,65.01,9483,no
661,26.44,0,balon,balon,67.98,63.63,969,no
662,26.48,1,robot,Equipo A,54.37,28.61,14348,no
662,26.48,2,robot,Equipo A,35.94,62.01,17504,no
662,26.48,3,robot,Equipo B,160.17,66.36,0,no
662,26.48,4,robot,Equipo B,147.65,65.01,9378,no
662,26.48,0,balon,balon,67.99,63.53,976,no
663,26.52,1,robot,Equipo A,54.37,28.61,14348,no
663,26.52,2,robot,Equipo A,35.94,62.01,17504,no
663,26.52,3,robot,Equipo B,160.17,66.36,0,no
663,26.52,4,robot,Equipo B,147.65,65.01,9271,no
663,26.52,0,balon,balon,68.12,63.41,957,no
664,26.56,1,robot,Equipo A,54.37,28.61,14348,no
664,26.56,2,robot,Equipo A,35.94,62.01,17504,no
664,26.56,3,robot,Equipo B,160.17,66.36,0,no
664,26.56,4,robot,Equipo B,147.65,65.01,9164,no
664,26.56,0,balon,balon,68.19,63.35,976,no
665,26.6,1,robot,Equipo A,54.37,28.61,14152,no
665,26.6,2,robot,Equipo A,35.3,58.28,2095,no
665,26.6,3,robot,Equipo B,160.17,66.36,0,no
665,26.6,4,robot,Equipo B,148.16,64.95,9248,no
665,26.6,0,balon,balon,68.3,63.25,982,no
666,26.64,1,robot,Equipo A,54.37,28.61,14152,no
666,26.64,2,robot,Equipo A,34.72,54.51,2095,no
666,26.64,3,robot,Equipo B,160.17,66.36,0,no
666,26.64,4,robot,Equipo B,148.16,64.95,9248,no
666,26.64,0,balon,balon,68.42,63.19,975,no
667,26.68,1,robot,Equipo A,54.37,28.61,14152,no
667,26.68,2,robot,Equipo A,34.21,50.71,2095,no
667,26.68,3,robot,Equipo B,160.17,66.36,0,no
667,26.68,4,robot,Equipo B,148.16,64.95,9248,no
667,26.68,0,balon,balon,68.49,63.1,976,no
668,26.72,1,robot,Equipo A,54.8,28.29,14152,no
668,26.72,2,robot,Equipo A,33.75,46.9,2095,no
668,26.72,3,robot,Equipo B,160.17,66.36,0,no
668,26.72,4,robot,Equipo B,148.16,64.95,9248,no
668,26.72,0,balon,balon,68.59,63.04,974,no
669,26.76,1,robot,Equipo A,54.8,28.29,14152,no
669,26.76,2,robot,Equipo A,33.31,43.06,2095,no
669,26.76,3,robot,Equipo B,160.17,66.36,0,no
669,26.76,4,robot,Equipo B,148.67,64.9,9248,no
669,26.76,0,balon,balon,68.64,63.01,980,no
670,26.8,1,robot,Equipo A,54.8,28.29,14202,no
670,26.8,2,robot,Equipo A,33.31,43.06,0,no
670,26.8,3,robot,Equipo B,160.17,66.36,0,no
670,26.8,4,robot,Equipo B,148.67,64.9,9043,no
670,26.8,0,balon,balon,68.67,62.93,984,no
671,26.84,1,robot,Equipo A,54.8,28.29,14202,no
671,26.84,2,robot,Equipo A,33.31,43.06,0,no
671,26.84,3,robot,Equipo B,160.17,66.36,0,no
671,26.84,4,robot,Equipo B,148.67,64.9,8934,no
671,26.84,0,balon,balon,68.75,62.89,978,no
672,26.88,1,robot,Equipo A,54.8,28.29,14202,no
672,26.88,2,robot,Equipo A,33.31,43.06,0,no
672,26.88,3,robot,Equipo B,160.17,66.36,0,no
672,26.88,4,robot,Equipo B,148.67,64.9,8825,no
672,26.88,0,balon,balon,68.8,62.8,976,no
673,26.92,1,robot,Equipo A,54.8,28.29,14202,no
673,26.92,2,robot,Equipo A,33.31,43.06,0,no
673,26.92,3,robot,Equipo B,160.17,66.36,0,no
673,26.92,4,robot,Equipo B,148.67,64.9,8716,no
673,26.92,0,balon,balon,68.82,62.75,981,no
674,26.96,1,robot,Equipo A,54.8,28.29,14202,no
674,26.96,2,robot,Equipo A,33.31,43.06,0,no
674,26.96,3,robot,Equipo B,160.17,66.36,0,no
674,26.96,4,robot,Equipo B,148.67,64.9,8607,no
674,26.96,0,balon,balon,68.77,62.72,990,no
675,27.0,1,robot,Equipo A,54.8,28.29,14347,no
675,27.0,2,robot,Equipo A,33.31,43.06,0,no
675,27.0,3,robot,Equipo B,160.17,66.36,0,no
675,27.0,4,robot,Equipo B,148.67,64.9,9040,no
675,27.0,0,balon,balon,68.68,62.71,972,no
676,27.04,1,robot,Equipo A,54.8,28.29,14347,no
676,27.04,2,robot,Equipo A,33.31,43.06,0,no
676,27.04,3,robot,Equipo B,160.17,66.36,0,no
676,27.04,4,robot,Equipo B,148.67,64.9,9148,no
676,27.04,0,balon,balon,68.56,62.76,974,no
677,27.08,1,robot,Equipo A,54.8,28.29,14347,no
677,27.08,2,robot,Equipo A,33.31,43.06,0,no
677,27.08,3,robot,Equipo B,160.17,66.36,0,no
677,27.08,4,robot,Equipo B,148.67,64.9,9256,no
677,27.08,0,balon,balon,68.44,62.86,974,no
678,27.12,1,robot,Equipo A,54.8,28.29,14347,no
678,27.12,2,robot,Equipo A,33.31,43.06,0,no
678,27.12,3,robot,Equipo B,160.17,66.36,0,no
678,27.12,4,robot,Equipo B,148.67,64.9,9364,no
678,27.12,0,balon,balon,68.3,63.04,972,no
679,27.16,1,robot,Equipo A,54.8,28.29,14347,no
679,27.16,2,robot,Equipo A,33.31,43.06,0,no
679,27.16,3,robot,Equipo B,160.17,66.36,0,no
679,27.16,4,robot,Equipo B,148.67,64.9,9471,no
679,27.16,0,balon,balon,68.17,63.21,975,no
680,27.2,1,robot,Equipo A,54.8,28.29,14390,no
680,27.2,2,robot,Equipo A,34.02,46.76,17565,no
680,27.2,3,robot,Equipo B,160.17,66.36,0,no
680,27.2,4,robot,Equipo B,148.67,64.9,9454,no
680,27.2,0,balon,balon,68.03,63.37,971,no
681,27.24,1,robot,Equipo A,54.8,28.29,14390,no
681,27.24,2,robot,Equipo A,34.58,49.71,17565,no
681,27.24,3,robot,Equipo B,160.17,66.36,0,no
681,27.24,4,robot,Equipo B,148.67,64.9,9488,no
681,27.24,0,balon,balon,67.89,63.52,973,no
682,27.28,1,robot,Equipo A,54.8,28.29,14390,no
682,27.28,2,robot,Equipo A,35.03,52.07,17565,no
682,27.28,3,robot,Equipo B,160.17,66.36,0,no
682,27.28,4,robot,Equipo B,148.67,64.9,9512,no
682,27.28,0,balon,balon,67.75,63.66,970,no
683,27.32,1,robot,Equipo A,54.8,28.29,14390,no
683,27.32,2,robot,Equipo A,35.39,53.97,17565,no
683,27.32,3,robot,Equipo B,160.17,66.36,0,no
683,27.32,4,robot,Equipo B,148.67,64.9,9525,no
683,27.32,0,balon,balon,67.67,63.81,965,no
684,27.36,1,robot,Equipo A,54.8,28.29,14390,no
684,27.36,2,robot,Equipo A,35.68,55.48,17565,no
684,27.36,3,robot,Equipo B,160.17,66.36,0,no
684,27.36,4,robot,Equipo B,148.67,64.9,9536,no
684,27.36,0,balon,balon,67.56,63.89,972,no
685,27.4,1,robot,Equipo A,54.8,28.29,14375,no
685,27.4,2,robot,Equipo A,35.71,56.83,16741,no
685,27.4,3,robot,Equipo B,160.17,66.36,0,no
685,27.4,4,robot,Equipo B,148.67,64.9,9293,no
685,27.4,0,balon,balon,67.5,64.0,967,no
686,27.44,1,robot,Equipo A,54.8,28.29,14375,no
686,27.44,2,robot,Equipo A,35.71,57.95,16741,no
686,27.44,3,robot,Equipo B,160.17,66.36,0,no
686,27.44,4,robot,Equipo B,148.67,64.9,9293,no
686,27.44,0,balon,balon,67.47,64.06,969,no
687,27.48,1,robot,Equipo A,54.8,28.29,14375,no
687,27.48,2,robot,Equipo A,35.68,58.87,16741,no
687,27.48,3,robot,Equipo B,160.17,66.36,0,no
687,27.48,4,robot,Equipo B,148.67,64.9,9293,no
687,27.48,0,balon,balon,67.45,64.03,968,no
688,27.52,1,robot,Equipo A,54.8,28.29,14375,no
688,27.52,2,robot,Equipo A,35.63,59.63,16741,no
688,27.52,3,robot,Equipo B,160.17,66.36,0,no
688,27.52,4,robot,Equipo B,148.67,64.9,9293,no
688,27.52,0,balon,balon,67.44,64.01,966,no
689,27.56,1,robot,Equipo A,54.8,28.29,14375,no
689,27.56,2,robot,Equipo A,35.56,60.27,16741,no
689,27.56,3,robot,Equipo B,160.17,66.36,0,no
689,27.56,4,robot,Equipo B,148.67,64.9,9293,no
689,27.56,0,balon,balon,67.5,63.93,969,no
690,27.6,1,robot,Equipo A,54.8,28.29,14306,no
690,27.6,2,robot,Equipo A,35.56,60.27,16953,no
690,27.6,3,robot,Equipo B,160.17,66.36,0,no
690,27.6,4,robot,Equipo B,148.67,64.9,9246,no
690,27.6,0,balon,balon,67.6,63.89,968,no
691,27.64,1,robot,Equipo A,54.8,28.29,14306,no
691,27.64,2,robot,Equipo A,35.56,60.27,16953,no
691,27.64,3,robot,Equipo B,160.17,66.36,0,no
691,27.64,4,robot,Equipo B,148.67,64.9,9246,no
691,27.64,0,balon,balon,67.65,63.81,974,no
692,27.68,1,robot,Equipo A,54.8,28.29,14306,no
692,27.68,2,robot,Equipo A,35.56,60.27,16953,no
692,27.68,3,robot,Equipo B,160.17,66.36,0,no
692,27.68,4,robot,Equipo B,148.67,64.9,9246,no
692,27.68,0,balon,balon,67.75,63.69,967,no
693,27.72,1,robot,Equipo A,54.8,28.29,14306,no
693,27.72,2,robot,Equipo A,35.56,60.27,16953,no
693,27.72,3,robot,Equipo B,160.17,66.36,0,no
693,27.72,4,robot,Equipo B,148.67,64.9,9246,no
693,27.72,0,balon,balon,67.86,63.57,957,no
694,27.76,1,robot,Equipo A,54.8,28.29,14306,no
694,27.76,2,robot,Equipo A,35.56,60.27,16953,no
694,27.76,3,robot,Equipo B,160.17,66.36,0,no
694,27.76,4,robot,Equipo B,148.67,64.9,9246,no
694,27.76,0,balon,balon,67.92,63.43,956,no
695,27.8,1,robot,Equipo A,54.8,28.29,14311,no
695,27.8,2,robot,Equipo A,35.56,60.27,17862,no
695,27.8,3,robot,Equipo B,160.17,66.36,0,no
695,27.8,4,robot,Equipo B,148.67,64.9,9180,no
695,27.8,0,balon,balon,67.96,63.29,955,no
696,27.84,1,robot,Equipo A,54.8,28.29,14311,no
696,27.84,2,robot,Equipo A,35.56,60.27,17862,no
696,27.84,3,robot,Equipo B,160.17,66.36,0,no
696,27.84,4,robot,Equipo B,148.67,64.9,9073,no
696,27.84,0,balon,balon,67.98,63.15,968,no
697,27.88,1,robot,Equipo A,54.8,28.29,14311,no
697,27.88,2,robot,Equipo A,35.56,60.27,17862,no
697,27.88,3,robot,Equipo B,160.17,66.36,0,no
697,27.88,4,robot,Equipo B,148.67,64.9,8966,no
697,27.88,0,balon,balon,67.99,63.01,973,no
698,27.92,1,robot,Equipo A,54.8,28.29,14311,no
698,27.92,2,robot,Equipo A,35.56,60.27,17862,no
698,27.92,3,robot,Equipo B,160.17,66.36,0,no
698,27.92,4,robot,Equipo B,148.67,64.9,8859,no
698,27.92,0,balon,balon,67.99,62.93,975,no
699,27.96,1,robot,Equipo A,54.8,28.29,14311,no
699,27.96,2,robot,Equipo A,35.56,60.27,17862,no
699,27.96,3,robot,Equipo B,160.17,66.36,0,no
699,27.96,4,robot,Equipo B,148.67,64.9,8751,no
699,27.96,0,balon,balon,67.93,62.82,968,no
700,28.0,1,robot,Equipo A,54.8,28.29,14346,no
700,28.0,2,robot,Equipo A,35.56,60.27,0,no
700,28.0,3,robot,Equipo B,160.17,66.36,0,no
700,28.0,4,robot,Equipo B,148.67,64.9,8994,no
700,28.0,0,balon,balon,67.9,62.76,963,no
701,28.04,1,robot,Equipo A,54.8,28.29,14346,no
701,28.04,2,robot,Equipo A,35.56,60.27,0,no
701,28.04,3,robot,Equipo B,160.17,66.36,0,no
701,28.04,4,robot,Equipo B,148.67,64.9,8994,no
701,28.04,0,balon,balon,67.88,62.73,972,no
702,28.08,1,robot,Equipo A,54.8,28.29,14346,no
702,28.08,2,robot,Equipo A,35.56,60.27,0,no
702,28.08,3,robot,Equipo B,160.17,66.36,0,no
702,28.08,4,robot,Equipo B,148.67,64.9,8994,no
702,28.08,0,balon,balon,67.81,62.71,977,no
703,28.12,1,robot,Equipo A,54.8,28.29,14346,no
703,28.12,2,robot,Equipo A,35.56,60.27,0,no
703,28.12,3,robot,Equipo B,160.17,66.36,0,no
703,28.12,4,robot,Equipo B,148.67,64.9,8994,no
703,28.12,0,balon,balon,67.77,62.7,973,no
704,28.16,1,robot,Equipo A,54.8,28.29,14346,no
704,28.16,2,robot,Equipo A,35.56,60.27,0,no
704,28.16,3,robot,Equipo B,160.17,66.36,0,no
704,28.16,4,robot,Equipo B,148.67,64.9,8994,no
704,28.16,0,balon,balon,67.81,62.7,960,no
705,28.2,1,robot,Equipo A,54.8,28.29,14352,no
705,28.2,2,robot,Equipo A,35.56,60.27,0,no
705,28.2,3,robot,Equipo B,160.17,66.36,0,no
705,28.2,4,robot,Equipo B,148.67,64.9,8988,no
705,28.2,0,balon,balon,67.83,62.69,969,no
706,28.24,1,robot,Equipo A,54.8,28.29,14352,no
706,28.24,2,robot,Equipo A,35.56,60.27,0,no
706,28.24,3,robot,Equipo B,160.17,66.36,0,no
706,28.24,4,robot,Equipo B,148.67,64.9,8988,no
706,28.24,0,balon,balon,67.84,62.75,967,no
707,28.28,1,robot,Equipo A,54.8,28.29,14352,no
707,28.28,2,robot,Equipo A,35.56,60.27,0,no
707,28.28,3,robot,Equipo B,160.17,66.36,0,no
707,28.28,4,robot,Equipo B,148.67,64.9,8988,no
707,28.28,0,balon,balon,67.85,62.79,979,no
708,28.32,1,robot,Equipo A,54.8,28.29,14352,no
708,28.32,2,robot,Equipo A,35.56,60.27,0,no
708,28.32,3,robot,Equipo B,160.17,66.36,0,no
708,28.32,4,robot,Equipo B,148.67,64.9,8988,no
708,28.32,0,balon,balon,67.86,62.81,971,no
709,28.36,1,robot,Equipo A,54.8,28.29,14352,no
709,28.36,2,robot,Equipo A,35.56,60.27,0,no
709,28.36,3,robot,Equipo B,160.17,66.36,0,no
709,28.36,4,robot,Equipo B,148.67,64.9,8988,no
709,28.36,0,balon,balon,67.86,62.89,971,no
710,28.4,1,robot,Equipo A,54.8,28.29,14322,no
710,28.4,2,robot,Equipo A,35.56,60.27,0,no
710,28.4,3,robot,Equipo B,160.17,66.36,0,no
710,28.4,4,robot,Equipo B,148.67,64.9,9082,no
710,28.4,0,balon,balon,67.92,62.86,972,no
711,28.44,1,robot,Equipo A,54.8,28.29,14322,no
711,28.44,2,robot,Equipo A,35.56,60.27,0,no
711,28.44,3,robot,Equipo B,160.17,66.36,0,no
711,28.44,4,robot,Equipo B,148.67,64.9,9082,no
711,28.44,0,balon,balon,68.02,62.85,966,no
712,28.48,1,robot,Equipo A,54.8,28.29,14322,no
712,28.48,2,robot,Equipo A,35.56,60.27,0,no
712,28.48,3,robot,Equipo B,160.17,66.36,0,no
712,28.48,4,robot,Equipo B,148.67,64.9,9082,no
712,28.48,0,balon,balon,68.14,62.78,971,no
713,28.52,1,robot,Equipo A,54.8,28.29,14322,no
713,28.52,2,robot,Equipo A,35.56,60.27,0,no
713,28.52,3,robot,Equipo B,160.17,66.36,0,no
713,28.52,4,robot,Equipo B,148.67,64.9,9082,no
713,28.52,0,balon,balon,68.26,62.67,971,no
714,28.56,1,robot,Equipo A,54.8,28.29,14322,no
714,28.56,2,robot,Equipo A,35.56,60.27,0,no
714,28.56,3,robot,Equipo B,160.17,66.36,0,no
714,28.56,4,robot,Equipo B,148.67,64.9,9082,no
714,28.56,0,balon,balon,68.4,62.55,969,no
715,28.6,1,robot,Equipo A,54.8,28.29,14263,no
715,28.6,2,robot,Equipo A,35.56,60.27,0,no
715,28.6,3,robot,Equipo B,160.17,66.36,0,no
715,28.6,4,robot,Equipo B,148.67,64.9,8732,no
715,28.6,0,balon,balon,68.54,62.42,967,no
716,28.64,1,robot,Equipo A,54.8,28.29,14263,no
716,28.64,2,robot,Equipo A,35.56,60.27,0,no
716,28.64,3,robot,Equipo B,160.17,66.36,0,no
716,28.64,4,robot,Equipo B,148.67,64.9,8623,no
716,28.64,0,balon,balon,68.68,62.35,972,no
717,28.68,1,robot,Equipo A,54.8,28.29,14263,no
717,28.68,2,robot,Equipo A,35.56,60.27,0,no
717,28.68,3,robot,Equipo B,160.17,66.36,0,no
717,28.68,4,robot,Equipo B,148.67,64.9,8513,no
717,28.68,0,balon,balon,68.76,62.24,973,no
718,28.72,1,robot,Equipo A,55.2,27.95,14263,no
718,28.72,2,robot,Equipo A,35.56,60.27,0,no
718,28.72,3,robot,Equipo B,160.17,66.36,0,no
718,28.72,4,robot,Equipo B,148.67,64.9,8403,no
718,28.72,0,balon,balon,68.8,62.18,970,no
719,28.76,1,robot,Equipo A,55.2,27.95,14263,no
719,28.76,2,robot,Equipo A,35.56,60.27,0,no
719,28.76,3,robot,Equipo B,160.17,66.36,0,no
719,28.76,4,robot,Equipo B,148.67,64.9,8292,no
719,28.76,0,balon,balon,68.82,62.15,977,no
720,28.8,1,robot,Equipo A,55.2,27.95,14264,no
720,28.8,2,robot,Equipo A,35.56,60.27,0,no
720,28.8,3,robot,Equipo B,160.17,66.36,0,no
720,28.8,4,robot,Equipo B,148.67,64.9,8397,no
720,28.8,0,balon,balon,68.83,62.13,982,no
721,28.84,1,robot,Equipo A,55.2,27.95,14264,no
721,28.84,2,robot,Equipo A,35.56,60.27,0,no
721,28.84,3,robot,Equipo B,160.17,66.36,0,no
721,28.84,4,robot,Equipo B,148.67,64.9,8397,no
721,28.84,0,balon,balon,68.9,62.06,964,no
722,28.88,1,robot,Equipo A,55.2,27.95,14264,no
722,28.88,2,robot,Equipo A,35.56,60.27,0,no
722,28.88,3,robot,Equipo B,160.17,66.36,0,no
722,28.88,4,robot,Equipo B,148.67,64.9,8397,no
722,28.88,0,balon,balon,68.94,62.02,979,no
723,28.92,1,robot,Equipo A,55.2,27.95,14264,no
723,28.92,2,robot,Equipo A,35.56,60.27,0,no
723,28.92,3,robot,Equipo B,160.17,66.36,0,no
723,28.92,4,robot,Equipo B,148.67,64.9,8397,no
723,28.92,0,balon,balon,68.96,62.0,971,no
724,28.96,1,robot,Equipo A,55.2,27.95,14264,no
724,28.96,2,robot,Equipo A,35.56,60.27,0,no
724,28.96,3,robot,Equipo B,160.17,66.36,0,no
724,28.96,4,robot,Equipo B,148.67,64.9,8397,no
724,28.96,0,balon,balon,69.04,61.98,969,no
725,29.0,1,robot,Equipo A,55.2,27.95,14255,no
725,29.0,2,robot,Equipo A,35.56,60.27,0,no
725,29.0,3,robot,Equipo B,160.17,66.36,0,no
725,29.0,4,robot,Equipo B,148.67,64.9,8382,no
725,29.0,0,balon,balon,69.14,61.98,959,no
726,29.04,1,robot,Equipo A,55.2,27.95,14255,no
726,29.04,2,robot,Equipo A,35.56,60.27,0,no
726,29.04,3,robot,Equipo B,160.17,66.36,0,no
726,29.04,4,robot,Equipo B,148.67,64.9,8270,no
726,29.04,0,balon,balon,69.2,61.97,976,no
727,29.08,1,robot,Equipo A,55.2,27.95,14255,no
727,29.08,2,robot,Equipo A,35.56,60.27,0,no
727,29.08,3,robot,Equipo B,160.17,66.36,0,no
727,29.08,4,robot,Equipo B,148.67,64.9,8158,no
727,29.08,0,balon,balon,69.3,62.04,965,no
728,29.12,1,robot,Equipo A,55.2,27.95,14255,no
728,29.12,2,robot,Equipo A,35.56,60.27,0,no
728,29.12,3,robot,Equipo B,160.17,66.36,0,no
728,29.12,4,robot,Equipo B,149.14,64.69,8046,no
728,29.12,0,balon,balon,69.35,62.14,972,no
729,29.16,1,robot,Equipo A,55.2,27.95,14255,no
729,29.16,2,robot,Equipo A,35.56,60.27,0,no
729,29.16,3,robot,Equipo B,160.17,66.36,0,no
729,29.16,4,robot,Equipo B,149.14,64.69,7933,no
729,29.16,0,balon,balon,69.32,62.26,954,no
730,29.2,1,robot,Equipo A,55.2,27.95,14159,no
730,29.2,2,robot,Equipo A,35.56,60.27,0,no
730,29.2,3,robot,Equipo B,160.17,66.36,0,no
730,29.2,4,robot,Equipo B,149.14,64.69,8701,no
730,29.2,0,balon,balon,69.3,62.45,955,no
731,29.24,1,robot,Equipo A,55.2,27.95,14159,no
731,29.24,2,robot,Equipo A,35.56,60.27,0,no
731,29.24,3,robot,Equipo B,160.17,66.36,0,no
731,29.24,4,robot,Equipo B,149.14,64.69,8920,no
731,29.24,0,balon,balon,69.22,62.62,966,no
732,29.28,1,robot,Equipo A,55.2,27.95,14159,no
732,29.28,2,robot,Equipo A,35.56,60.27,0,no
732,29.28,3,robot,Equipo B,160.17,66.36,0,no
732,29.28,4,robot,Equipo B,149.14,64.69,9137,no
732,29.28,0,balon,balon,69.05,62.78,955,no
733,29.32,1,robot,Equipo A,55.2,27.95,14159,no
733,29.32,2,robot,Equipo A,35.56,60.27,0,no
733,29.32,3,robot,Equipo B,160.17,66.36,0,no
733,29.32,4,robot,Equipo B,149.14,64.69,9306,no
733,29.32,0,balon,balon,68.9,62.93,966,no
734,29.36,1,robot,Equipo A,55.2,27.95,14159,no
734,29.36,2,robot,Equipo A,35.56,60.27,0,no
734,29.36,3,robot,Equipo B,160.17,66.36,0,no
734,29.36,4,robot,Equipo B,149.14,64.69,9399,no
734,29.36,0,balon,balon,68.68,63.09,965,no
735,29.4,1,robot,Equipo A,55.2,27.95,14135,no
735,29.4,2,robot,Equipo A,35.56,60.27,17555,no
735,29.4,3,robot,Equipo B,160.17,66.36,0,no
735,29.4,4,robot,Equipo B,149.14,64.69,9157,no
735,29.4,0,balon,balon,68.5,63.23,954,no
736,29.44,1,robot,Equipo A,55.2,27.95,14135,no
736,29.44,2,robot,Equipo A,35.56,60.27,17555,no
736,29.44,3,robot,Equipo B,160.17,66.36,0,no
736,29.44,4,robot,Equipo B,149.14,64.69,9051,no
736,29.44,0,balon,balon,68.28,63.38,972,no
737,29.48,1,robot,Equipo A,55.2,27.95,14135,no
737,29.48,2,robot,Equipo A,35.56,60.27,17555,no
737,29.48,3,robot,Equipo B,160.17,66.36,0,no
737,29.48,4,robot,Equipo B,149.14,64.69,8944,no
737,29.48,0,balon,balon,68.03,63.46,972,no
738,29.52,1,robot,Equipo A,55.2,27.95,14135,no
738,29.52,2,robot,Equipo A,35.56,60.27,17555,no
738,29.52,3,robot,Equipo B,160.17,66.36,0,no
738,29.52,4,robot,Equipo B,149.14,64.69,8836,no
738,29.52,0,balon,balon,67.76,63.51,965,no
739,29.56,1,robot,Equipo A,55.2,27.95,14135,no
739,29.56,2,robot,Equipo A,35.92,60.61,17555,no
739,29.56,3,robot,Equipo B,160.17,66.36,0,no
739,29.56,4,robot,Equipo B,149.14,64.69,8727,no
739,29.56,0,balon,balon,67.55,63.53,949,no
740,29.6,1,robot,Equipo A,55.2,27.95,14086,no
740,29.6,2,robot,Equipo A,35.92,60.61,16966,no
740,29.6,3,robot,Equipo B,160.17,66.36,0,no
740,29.6,4,robot,Equipo B,149.14,64.69,9042,no
740,29.6,0,balon,balon,67.31,63.48,960,no
741,29.64,1,robot,Equipo A,55.2,27.95,14086,no
741,29.64,2,robot,Equipo A,35.92,60.61,16966,no
741,29.64,3,robot,Equipo B,160.17,66.36,0,no
741,29.64,4,robot,Equipo B,149.14,64.69,9128,no
741,29.64,0,balon,balon,67.11,63.45,959,no
742,29.68,1,robot,Equipo A,55.2,27.95,14086,no
742,29.68,2,robot,Equipo A,35.92,60.61,16966,no
742,29.68,3,robot,Equipo B,160.17,66.36,0,no
742,29.68,4,robot,Equipo B,149.14,64.69,9178,no
742,29.68,0,balon,balon,66.93,63.37,949,no
743,29.72,1,robot,Equipo A,55.2,27.95,14086,no
743,29.72,2,robot,Equipo A,35.92,60.61,16966,no
743,29.72,3,robot,Equipo B,160.17,66.36,0,no
743,29.72,4,robot,Equipo B,149.14,64.69,9220,no
743,29.72,0,balon,balon,66.84,63.32,957,no
744,29.76,1,robot,Equipo A,55.2,27.95,14086,no
744,29.76,2,robot,Equipo A,35.92,60.61,16966,no
744,29.76,3,robot,Equipo B,160.17,66.36,0,no
744,29.76,4,robot,Equipo B,149.14,64.69,9257,no
744,29.76,0,balon,balon,66.85,63.3,964,no
745,29.8,1,robot,Equipo A,55.2,27.95,14035,no
745,29.8,2,robot,Equipo A,35.92,60.61,16991,no
745,29.8,3,robot,Equipo B,160.17,66.36,0,no
745,29.8,4,robot,Equipo B,149.14,64.69,8882,no
745,29.8,0,balon,balon,66.92,63.29,957,no
746,29.84,1,robot,Equipo A,55.2,27.95,14035,no
746,29.84,2,robot,Equipo A,35.92,60.61,16991,no
746,29.84,3,robot,Equipo B,160.17,66.36,0,no
746,29.84,4,robot,Equipo B,149.14,64.69,8776,no
746,29.84,0,balon,balon,67.03,63.28,947,no
747,29.88,1,robot,Equipo A,55.2,27.95,14035,no
747,29.88,2,robot,Equipo A,35.92,60.61,16991,no
747,29.88,3,robot,Equipo B,160.17,66.36,0,no
747,29.88,4,robot,Equipo B,149.14,64.69,8670,no
747,29.88,0,balon,balon,67.08,63.27,957,no
748,29.92,1,robot,Equipo A,55.2,27.95,14035,no
748,29.92,2,robot,Equipo A,35.92,60.61,16991,no
748,29.92,3,robot,Equipo B,160.17,66.36,0,no
748,29.92,4,robot,Equipo B,149.14,64.69,8564,no
748,29.92,0,balon,balon,67.18,63.21,951,no
749,29.96,1,robot,Equipo A,55.2,27.95,14035,no
749,29.96,2,robot,Equipo A,35.92,60.61,16991,no
749,29.96,3,robot,Equipo B,160.17,66.36,0,no
749,29.96,4,robot,Equipo B,149.14,64.69,8457,no
749,29.96,0,balon,balon,67.23,63.17,961,no
750,30.0,1,robot,Equipo A,55.2,27.95,14059,no
750,30.0,2,robot,Equipo A,35.92,60.61,17507,no
750,30.0,3,robot,Equipo B,160.17,66.36,0,no
750,30.0,4,robot,Equipo B,149.14,64.69,8741,no
750,30.0,0,balon,balon,67.19,63.08,950,no
751,30.04,1,robot,Equipo A,55.2,27.95,14059,no
751,30.04,2,robot,Equipo A,35.92,60.61,17507,no
751,30.04,3,robot,Equipo B,160.17,66.36,0,no
751,30.04,4,robot,Equipo B,149.14,64.69,8848,no
751,30.04,0,balon,balon,67.17,63.04,964,no
752,30.08,1,robot,Equipo A,55.2,27.95,14059,no
752,30.08,2,robot,Equipo A,35.92,60.61,17507,no
752,30.08,3,robot,Equipo B,160.17,66.36,0,no
752,30.08,4,robot,Equipo B,149.14,64.69,8954,no
752,30.08,0,balon,balon,67.16,63.01,951,no
753,30.12,1,robot,Equipo A,55.2,27.95,14059,no
753,30.12,2,robot,Equipo A,35.92,60.61,17507,no
753,30.12,3,robot,Equipo B,160.17,66.36,0,no
753,30.12,4,robot,Equipo B,149.14,64.69,9060,no
753,30.12,0,balon,balon,67.16,62.93,937,no
754,30.16,1,robot,Equipo A,55.2,27.95,14059,no
754,30.16,2,robot,Equipo A,35.92,60.61,17507,no
754,30.16,3,robot,Equipo B,160.17,66.36,0,no
754,30.16,4,robot,Equipo B,149.14,64.69,9165,no
754,30.16,0,balon,balon,67.15,62.82,948,no
755,30.2,1,robot,Equipo A,55.2,27.95,13863,no
755,30.2,2,robot,Equipo A,35.92,60.61,17364,no
755,30.2,3,robot,Equipo B,160.17,66.36,0,no
755,30.2,4,robot,Equipo B,149.14,64.69,8337,no
755,30.2,0,balon,balon,67.15,62.76,961,no
756,30.24,1,robot,Equipo A,55.2,27.95,13863,no
756,30.24,2,robot,Equipo A,35.92,60.61,17364,no
756,30.24,3,robot,Equipo B,160.17,66.36,0,no
756,30.24,4,robot,Equipo B,149.14,64.69,8123,no
756,30.24,0,balon,balon,67.09,62.6,956,no
757,30.28,1,robot,Equipo A,55.2,27.95,13863,no
757,30.28,2,robot,Equipo A,35.92,60.61,17364,no
757,30.28,3,robot,Equipo B,160.17,66.36,0,no
757,30.28,4,robot,Equipo B,149.14,64.69,7909,no
757,30.28,0,balon,balon,66.99,62.45,956,no
758,30.32,1,robot,Equipo A,55.2,27.95,13863,no
758,30.32,2,robot,Equipo A,35.92,60.61,17364,no
758,30.32,3,robot,Equipo B,160.17,66.36,0,no
758,30.32,4,robot,Equipo B,149.14,64.69,7155,no
758,30.32,0,balon,balon,66.87,62.3,950,no
759,30.36,1,robot,Equipo A,55.2,27.95,13863,no
759,30.36,2,robot,Equipo A,35.92,60.61,17364,no
759,30.36,3,robot,Equipo B,160.17,66.36,0,no
759,30.36,4,robot,Equipo B,149.14,64.69,6973,no
759,30.36,0,balon,balon,66.74,62.21,962,no
760,30.4,1,robot,Equipo A,55.2,27.95,14183,no
760,30.4,2,robot,Equipo A,35.92,60.61,17889,no
760,30.4,3,robot,Equipo B,160.17,66.36,0,no
760,30.4,4,robot,Equipo B,149.14,64.69,8188,no
760,30.4,0,balon,balon,66.67,62.23,963,no
761,30.44,1,robot,Equipo A,55.2,27.95,14183,no
761,30.44,2,robot,Equipo A,35.92,60.61,17889,no
761,30.44,3,robot,Equipo B,160.17,66.36,0,no
761,30.44,4,robot,Equipo B,149.14,64.69,8296,no
761,30.44,0,balon,balon,66.76,62.31,969,no
762,30.48,1,robot,Equipo A,54.84,27.59,14183,no
762,30.48,2,robot,Equipo A,35.92,60.61,17889,no
762,30.48,3,robot,Equipo B,160.17,66.36,0,no
762,30.48,4,robot,Equipo B,149.14,64.69,8404,no
762,30.48,0,balon,balon,66.87,62.48,973,no
763,30.52,1,robot,Equipo A,54.84,27.59,14183,no
763,30.52,2,robot,Equipo A,35.92,60.61,17889,no
763,30.52,3,robot,Equipo B,160.17,66.36,0,no
763,30.52,4,robot,Equipo B,149.14,64.69,8512,no
763,30.52,0,balon,balon,67.0,62.64,968,no
764,30.56,1,robot,Equipo A,54.84,27.59,14183,no
764,30.56,2,robot,Equipo A,35.92,60.61,17889,no
764,30.56,3,robot,Equipo B,160.17,66.36,0,no
764,30.56,4,robot,Equipo B,149.14,64.69,8620,no
764,30.56,0,balon,balon,67.13,62.85,969,no
765,30.6,1,robot,Equipo A,54.84,27.59,14268,no
765,30.6,2,robot,Equipo A,35.92,60.61,17455,no
765,30.6,3,robot,Equipo B,160.17,66.36,0,no
765,30.6,4,robot,Equipo B,149.14,64.69,9128,no
765,30.6,0,balon,balon,67.26,63.17,956,no
766,30.64,1,robot,Equipo A,54.84,27.59,14268,no
766,30.64,2,robot,Equipo A,35.92,60.61,17455,no
766,30.64,3,robot,Equipo B,160.17,66.36,0,no
766,30.64,4,robot,Equipo B,149.14,64.69,9235,no
766,30.64,0,balon,balon,67.41,63.41,965,no
767,30.68,1,robot,Equipo A,54.84,27.59,14268,no
767,30.68,2,robot,Equipo A,35.92,60.61,17455,no
767,30.68,3,robot,Equipo B,160.17,66.36,0,no
767,30.68,4,robot,Equipo B,149.14,64.69,9306,no
767,30.68,0,balon,balon,67.55,63.6,962,no
768,30.72,1,robot,Equipo A,54.84,27.59,14268,no
768,30.72,2,robot,Equipo A,36.3,61.05,17455,no
768,30.72,3,robot,Equipo B,160.17,66.36,0,no
768,30.72,4,robot,Equipo B,149.14,64.69,9359,no
768,30.72,0,balon,balon,67.63,63.71,959,no
769,30.76,1,robot,Equipo A,54.84,27.59,14268,no
769,30.76,2,robot,Equipo A,36.69,61.5,17455,no
769,30.76,3,robot,Equipo B,160.17,66.36,0,no
769,30.76,4,robot,Equipo B,149.14,64.69,9403,no
769,30.76,0,balon,balon,67.73,63.77,967,no
770,30.8,1,robot,Equipo A,54.84,27.59,14295,no
770,30.8,2,robot,Equipo A,36.69,61.5,17544,no
770,30.8,3,robot,Equipo B,160.17,66.36,0,no
770,30.8,4,robot,Equipo B,149.14,64.69,9246,no
770,30.8,0,balon,balon,67.73,63.74,965,no
771,30.84,1,robot,Equipo A,54.84,27.59,14295,no
771,30.84,2,robot,Equipo A,36.69,61.5,17544,no
771,30.84,3,robot,Equipo B,160.17,66.36,0,no
771,30.84,4,robot,Equipo B,149.14,64.69,9140,no
771,30.84,0,balon,balon,67.72,63.59,967,no
772,30.88,1,robot,Equipo A,54.84,27.59,14295,no
772,30.88,2,robot,Equipo A,36.69,61.5,17544,no
772,30.88,3,robot,Equipo B,160.17,66.36,0,no
772,30.88,4,robot,Equipo B,149.14,64.69,9033,no
772,30.88,0,balon,balon,67.66,63.38,957,no
773,30.92,1,robot,Equipo A,54.84,27.59,14295,no
773,30.92,2,robot,Equipo A,36.69,61.5,17544,no
773,30.92,3,robot,Equipo B,160.17,66.36,0,no
773,30.92,4,robot,Equipo B,149.14,64.69,8926,no
773,30.92,0,balon,balon,67.62,63.2,962,no
774,30.96,1,robot,Equipo A,54.84,27.59,14295,no
774,30.96,2,robot,Equipo A,36.69,61.5,17544,no
774,30.96,3,robot,Equipo B,160.17,66.36,0,no
774,30.96,4,robot,Equipo B,149.14,64.69,8819,no
774,30.96,0,balon,balon,67.54,62.97,966,no
775,31.0,1,robot,Equipo A,54.84,27.59,14418,no
775,31.0,2,robot,Equipo A,32.07,59.57,4011,no
775,31.0,3,robot,Equipo B,160.17,66.36,0,no
775,31.0,4,robot,Equipo B,149.14,64.69,8484,no
775,31.0,0,balon,balon,67.49,62.78,963,no
776,31.04,1,robot,Equipo A,54.84,27.59,14418,no
776,31.04,2,robot,Equipo A,27.59,57.65,4016,no
776,31.04,3,robot,Equipo B,160.17,66.36,0,no
776,31.04,4,robot,Equipo B,149.14,64.69,8484,no
776,31.04,0,balon,balon,67.4,62.61,944,no
777,31.08,1,robot,Equipo A,54.84,27.59,14418,no
777,31.08,2,robot,Equipo A,23.6,55.66,3186,no
777,31.08,3,robot,Equipo B,160.17,66.36,0,no
777,31.08,4,robot,Equipo B,149.14,64.69,8484,no
777,31.08,0,balon,balon,67.35,62.45,959,no
778,31.12,1,robot,Equipo A,54.84,27.59,14418,no
778,31.12,2,robot,Equipo A,19.95,53.6,2440,no
778,31.12,3,robot,Equipo B,160.17,66.36,0,no
778,31.12,4,robot,Equipo B,149.14,64.69,8484,no
778,31.12,0,balon,balon,67.32,62.3,967,no
779,31.16,1,robot,Equipo A,54.84,27.59,14418,no
779,31.16,2,robot,Equipo A,16.73,51.23,1491,no
779,31.16,3,robot,Equipo B,160.17,66.36,0,no
779,31.16,4,robot,Equipo B,149.14,64.69,8484,no
779,31.16,0,balon,balon,67.31,62.21,975,no
780,31.2,1,robot,Equipo A,54.84,27.59,14445,no
780,31.2,2,robot,Equipo A,16.73,51.23,0,no
780,31.2,3,robot,Equipo B,160.17,66.36,0,no
780,31.2,4,robot,Equipo B,149.14,64.69,8207,no
780,31.2,0,balon,balon,67.3,62.1,966,no
781,31.24,1,robot,Equipo A,54.84,27.59,14445,no
781,31.24,2,robot,Equipo A,16.73,51.23,0,no
781,31.24,3,robot,Equipo B,160.17,66.36,0,no
781,31.24,4,robot,Equipo B,149.14,64.69,8097,no
781,31.24,0,balon,balon,67.36,62.11,970,no
782,31.28,1,robot,Equipo A,54.84,27.59,14445,no
782,31.28,2,robot,Equipo A,16.73,51.23,0,no
782,31.28,3,robot,Equipo B,160.17,66.36,0,no
782,31.28,4,robot,Equipo B,149.14,64.69,7986,no
782,31.28,0,balon,balon,67.39,62.11,965,no
783,31.32,1,robot,Equipo A,54.84,27.59,14445,no
783,31.32,2,robot,Equipo A,16.73,51.23,0,no
783,31.32,3,robot,Equipo B,160.17,66.36,0,no
783,31.32,4,robot,Equipo B,149.14,64.69,7875,no
783,31.32,0,balon,balon,67.48,62.11,963,no
784,31.36,1,robot,Equipo A,54.84,27.59,14445,no
784,31.36,2,robot,Equipo A,16.73,51.23,0,no
784,31.36,3,robot,Equipo B,160.17,66.36,0,no
784,31.36,4,robot,Equipo B,149.14,64.69,7763,no
784,31.36,0,balon,balon,67.52,62.18,975,no
785,31.4,1,robot,Equipo A,54.84,27.59,0,no
785,31.4,2,robot,Equipo A,16.73,51.23,0,no
785,31.4,3,robot,Equipo B,160.17,66.36,0,no
785,31.4,4,robot,Equipo B,149.14,64.69,8346,no
785,31.4,0,balon,balon,67.61,62.28,966,no
786,31.44,1,robot,Equipo A,54.84,27.59,0,no
786,31.44,2,robot,Equipo A,16.73,51.23,0,no
786,31.44,3,robot,Equipo B,160.17,66.36,0,no
786,31.44,4,robot,Equipo B,149.14,64.69,8456,no
786,31.44,0,balon,balon,67.66,62.33,974,no
787,31.48,1,robot,Equipo A,54.84,27.59,0,no
787,31.48,2,robot,Equipo A,16.73,51.23,0,no
787,31.48,3,robot,Equipo B,160.17,66.36,0,no
787,31.48,4,robot,Equipo B,149.14,64.69,8565,no
787,31.48,0,balon,balon,67.69,62.36,968,no
788,31.52,1,robot,Equipo A,54.84,27.59,0,no
788,31.52,2,robot,Equipo A,16.73,51.23,0,no
788,31.52,3,robot,Equipo B,160.17,66.36,0,no
788,31.52,4,robot,Equipo B,149.14,64.69,8674,no
788,31.52,0,balon,balon,67.76,62.44,967,no
789,31.56,1,robot,Equipo A,54.84,27.59,0,no
789,31.56,2,robot,Equipo A,16.73,51.23,0,no
789,31.56,3,robot,Equipo B,160.17,66.36,0,no
789,31.56,4,robot,Equipo B,149.14,64.69,8783,no
789,31.56,0,balon,balon,67.74,62.49,968,no
790,31.6,1,robot,Equipo A,60.99,25.07,5505,no
790,31.6,2,robot,Equipo A,16.73,51.23,0,no
790,31.6,3,robot,Equipo B,160.17,66.36,0,no
790,31.6,4,robot,Equipo B,149.14,64.69,8407,no
790,31.6,0,balon,balon,67.73,62.51,969,no
791,31.64,1,robot,Equipo A,65.93,23.12,5540,no
791,31.64,2,robot,Equipo A,16.73,51.23,0,no
791,31.64,3,robot,Equipo B,160.17,66.36,0,no
791,31.64,4,robot,Equipo B,149.14,64.69,8297,no
791,31.64,0,balon,balon,67.73,62.52,967,no
792,31.68,1,robot,Equipo A,69.89,21.62,5582,no
792,31.68,2,robot,Equipo A,16.73,51.23,0,no
792,31.68,3,robot,Equipo B,160.17,66.36,0,no
792,31.68,4,robot,Equipo B,149.14,64.69,8186,no
792,31.68,0,balon,balon,67.66,62.47,954,no
793,31.72,1,robot,Equipo A,73.02,20.56,5498,no
793,31.72,2,robot,Equipo A,16.73,51.23,0,no
793,31.72,3,robot,Equipo B,160.17,66.36,0,no
793,31.72,4,robot,Equipo B,149.14,64.69,8075,no
793,31.72,0,balon,balon,67.62,62.44,958,no
794,31.76,1,robot,Equipo A,75.53,19.8,5498,no
794,31.76,2,robot,Equipo A,16.73,51.23,0,no
794,31.76,3,robot,Equipo B,160.17,66.36,0,no
794,31.76,4,robot,Equipo B,149.14,64.69,7964,no
794,31.76,0,balon,balon,67.54,62.36,967,no
795,31.8,1,robot,Equipo A,77.71,18.61,5310,no
795,31.8,2,robot,Equipo A,16.73,51.23,0,no
795,31.8,3,robot,Equipo B,160.17,66.36,0,no
795,31.8,4,robot,Equipo B,149.14,64.69,8187,no
795,31.8,0,balon,balon,67.43,62.25,953,no
796,31.84,1,robot,Equipo A,79.42,17.61,5264,no
796,31.84,2,robot,Equipo A,16.73,51.23,0,no
796,31.84,3,robot,Equipo B,160.17,66.36,0,no
796,31.84,4,robot,Equipo B,149.14,64.69,8187,no
796,31.84,0,balon,balon,67.36,62.18,959,no
797,31.88,1,robot,Equipo A,80.76,16.71,5233,no
797,31.88,2,robot,Equipo A,16.73,51.23,0,no
797,31.88,3,robot,Equipo B,160.17,66.36,0,no
797,31.88,4,robot,Equipo B,149.14,64.69,8187,no
797,31.88,0,balon,balon,67.33,62.15,956,no
798,31.92,1,robot,Equipo A,81.78,15.94,5195,no
798,31.92,2,robot,Equipo A,16.73,51.23,0,no
798,31.92,3,robot,Equipo B,160.17,66.36,0,no
798,31.92,4,robot,Equipo B,149.14,64.69,8187,no
798,31.92,0,balon,balon,67.25,62.13,974,no
799,31.96,1,robot,Equipo A,82.57,15.27,5153,no
799,31.96,2,robot,Equipo A,16.73,51.23,0,no
799,31.96,3,robot,Equipo B,160.17,66.36,0,no
799,31.96,4,robot,Equipo B,149.14,64.69,8187,no
799,31.96,0,balon,balon,67.2,62.19,969,no
800,32.0,1,robot,Equipo A,82.57,14.47,3737,no
800,32.0,2,robot,Equipo A,16.73,51.23,0,no
800,32.0,3,robot,Equipo B,160.17,66.36,0,no
800,32.0,4,robot,Equipo B,149.14,64.69,8357,no
800,32.0,0,balon,balon,67.18,62.22,964,no
801,32.04,1,robot,Equipo A,82.41,13.83,3755,no
801,32.04,2,robot,Equipo A,16.73,51.23,0,no
801,32.04,3,robot,Equipo B,160.17,66.36,0,no
801,32.04,4,robot,Equipo B,149.14,64.69,8357,no
801,32.04,0,balon,balon,67.17,62.3,963,no
802,32.08,1,robot,Equipo A,82.13,13.34,3773,no
802,32.08,2,robot,Equipo A,16.73,51.23,0,no
802,32.08,3,robot,Equipo B,160.17,66.36,0,no
802,32.08,4,robot,Equipo B,149.14,64.69,8357,no
802,32.08,0,balon,balon,67.22,62.41,951,no
803,32.12,1,robot,Equipo A,81.74,12.99,3783,no
803,32.12,2,robot,Equipo A,16.73,51.23,0,no
803,32.12,3,robot,Equipo B,160.17,66.36,0,no
803,32.12,4,robot,Equipo B,149.14,64.69,8357,no
803,32.12,0,balon,balon,67.25,62.54,954,no
804,32.16,1,robot,Equipo A,81.26,12.73,3791,no
804,32.16,2,robot,Equipo A,16.73,51.23,0,no
804,32.16,3,robot,Equipo B,160.17,66.36,0,no
804,32.16,4,robot,Equipo B,149.14,64.69,8357,no
804,32.16,0,balon,balon,67.27,62.67,969,no
805,32.2,1,robot,Equipo A,75.86,15.62,14444,no
805,32.2,2,robot,Equipo A,16.73,51.23,0,no
805,32.2,3,robot,Equipo B,160.17,66.36,0,no
805,32.2,4,robot,Equipo B,149.14,64.69,8755,no
805,32.2,0,balon,balon,67.28,62.74,981,no
806,32.24,1,robot,Equipo A,71.54,17.93,14444,no
806,32.24,2,robot,Equipo A,16.73,51.23,0,no
806,32.24,3,robot,Equipo B,160.17,66.36,0,no
806,32.24,4,robot,Equipo B,149.14,64.69,8863,no
806,32.24,0,balon,balon,67.28,62.85,962,no
807,32.28,1,robot,Equipo A,68.08,19.77,14444,no
807,32.28,2,robot,Equipo A,16.73,51.23,0,no
807,32.28,3,robot,Equipo B,160.17,66.36,0,no
807,32.28,4,robot,Equipo B,149.14,64.69,8971,no
807,32.28,0,balon,balon,67.35,62.91,972,no
808,32.32,1,robot,Equipo A,65.32,21.25,14444,no
808,32.32,2,robot,Equipo A,16.73,51.23,0,no
808,32.32,3,robot,Equipo B,160.17,66.36,0,no
808,32.32,4,robot,Equipo B,149.14,64.69,9079,no
808,32.32,0,balon,balon,67.39,62.94,966,no
809,32.36,1,robot,Equipo A,63.11,22.43,14444,no
809,32.36,2,robot,Equipo A,16.73,51.23,0,no
809,32.36,3,robot,Equipo B,160.17,66.36,0,no
809,32.36,4,robot,Equipo B,149.14,64.69,9186,no
809,32.36,0,balon,balon,67.47,62.96,968,no
810,32.4,1,robot,Equipo A,61.39,23.43,14377,no
810,32.4,2,robot,Equipo A,16.73,51.23,0,no
810,32.4,3,robot,Equipo B,160.17,66.36,0,no
810,32.4,4,robot,Equipo B,149.14,64.69,8983,no
810,32.4,0,balon,balon,67.52,63.03,969,no
811,32.44,1,robot,Equipo A,60.02,24.23,14377,no
811,32.44,2,robot,Equipo A,16.73,51.23,0,no
811,32.44,3,robot,Equipo B,160.17,66.36,0,no
811,32.44,4,robot,Equipo B,149.14,64.69,8983,no
811,32.44,0,balon,balon,67.55,63.07,980,no
812,32.48,1,robot,Equipo A,58.93,24.88,14377,no
812,32.48,2,robot,Equipo A,16.73,51.23,0,no
812,32.48,3,robot,Equipo B,160.17,66.36,0,no
812,32.48,4,robot,Equipo B,149.14,64.69,8983,no
812,32.48,0,balon,balon,67.56,63.09,970,no
813,32.52,1,robot,Equipo A,58.05,25.39,14377,no
813,32.52,2,robot,Equipo A,16.73,51.23,0,no
813,32.52,3,robot,Equipo B,160.17,66.36,0,no
813,32.52,4,robot,Equipo B,149.14,64.69,8983,no
813,32.52,0,balon,balon,67.57,63.17,970,no
814,32.56,1,robot,Equipo A,57.35,25.8,14377,no
814,32.56,2,robot,Equipo A,16.73,51.23,0,no
814,32.56,3,robot,Equipo B,160.17,66.36,0,no
814,32.56,4,robot,Equipo B,149.14,64.69,8983,no
814,32.56,0,balon,balon,67.57,63.28,972,no
815,32.6,1,robot,Equipo A,56.79,26.19,14422,no
815,32.6,2,robot,Equipo A,16.73,51.23,0,no
815,32.6,3,robot,Equipo B,160.17,66.36,0,no
815,32.6,4,robot,Equipo B,149.14,64.69,9164,no
815,32.6,0,balon,balon,67.51,63.34,966,no
816,32.64,1,robot,Equipo A,56.34,26.52,14422,no
816,32.64,2,robot,Equipo A,16.73,51.23,0,no
816,32.64,3,robot,Equipo B,160.17,66.36,0,no
816,32.64,4,robot,Equipo B,149.14,64.69,9164,no
816,32.64,0,balon,balon,67.47,63.44,971,no
817,32.68,1,robot,Equipo A,56.34,26.52,14422,no
817,32.68,2,robot,Equipo A,16.73,51.23,0,no
817,32.68,3,robot,Equipo B,160.17,66.36,0,no
817,32.68,4,robot,Equipo B,149.14,64.69,9164,no
817,32.68,0,balon,balon,67.45,63.49,971,no
818,32.72,1,robot,Equipo A,56.34,26.52,14422,no
818,32.72,2,robot,Equipo A,16.73,51.23,0,no
818,32.72,3,robot,Equipo B,160.17,66.36,0,no
818,32.72,4,robot,Equipo B,149.14,64.69,9164,no
818,32.72,0,balon,balon,67.44,63.59,978,no
819,32.76,1,robot,Equipo A,55.98,26.88,14422,no
819,32.76,2,robot,Equipo A,16.73,51.23,0,no
819,32.76,3,robot,Equipo B,160.17,66.36,0,no
819,32.76,4,robot,Equipo B,149.14,64.69,9164,no
819,32.76,0,balon,balon,67.44,63.7,974,no
820,32.8,1,robot,Equipo A,55.98,26.88,14456,no
820,32.8,2,robot,Equipo A,20.61,53.4,17151,no
820,32.8,3,robot,Equipo B,160.17,66.36,0,no
820,32.8,4,robot,Equipo B,149.14,64.69,9363,no
820,32.8,0,balon,balon,67.43,63.76,972,no
821,32.84,1,robot,Equipo A,55.98,26.88,14456,no
821,32.84,2,robot,Equipo A,23.71,55.14,17151,no
821,32.84,3,robot,Equipo B,160.17,66.36,0,no
821,32.84,4,robot,Equipo B,149.14,64.69,9400,no
821,32.84,0,balon,balon,67.43,63.87,979,no
822,32.88,1,robot,Equipo A,55.98,26.88,14456,no
822,32.88,2,robot,Equipo A,26.19,56.54,17151,no
822,32.88,3,robot,Equipo B,160.17,66.36,0,no
822,32.88,4,robot,Equipo B,149.14,64.69,9426,no
822,32.88,0,balon,balon,67.43,63.92,972,no
823,32.92,1,robot,Equipo A,55.98,26.88,14456,no
823,32.92,2,robot,Equipo A,28.18,57.65,17151,no
823,32.92,3,robot,Equipo B,160.17,66.36,0,no
823,32.92,4,robot,Equipo B,149.14,64.69,9442,no
823,32.92,0,balon,balon,67.43,64.02,978,no
824,32.96,1,robot,Equipo A,55.98,26.88,14456,no
824,32.96,2,robot,Equipo A,29.77,58.54,17151,no
824,32.96,3,robot,Equipo B,160.17,66.36,0,no
824,32.96,4,robot,Equipo B,149.14,64.69,9456,no
824,32.96,0,balon,balon,67.5,64.07,965,no
825,33.0,1,robot,Equipo A,55.98,26.88,14343,no
825,33.0,2,robot,Equipo A,31.01,59.31,16676,no
825,33.0,3,robot,Equipo B,160.17,66.36,0,no
825,33.0,4,robot,Equipo B,149.14,64.69,9583,no
825,33.0,0,balon,balon,67.53,64.16,967,no
826,33.04,1,robot,Equipo A,55.98,26.88,14343,no
826,33.04,2,robot,Equipo A,32.0,59.96,16676,no
826,33.04,3,robot,Equipo B,160.17,66.36,0,no
826,33.04,4,robot,Equipo B,149.14,64.69,9583,no
826,33.04,0,balon,balon,67.56,64.22,978,no
827,33.08,1,robot,Equipo A,55.98,26.88,14343,no
827,33.08,2,robot,Equipo A,32.8,60.51,16676,no
827,33.08,3,robot,Equipo B,160.17,66.36,0,no
827,33.08,4,robot,Equipo B,149.14,64.69,9583,no
827,33.08,0,balon,balon,67.63,64.24,977,no
828,33.12,1,robot,Equipo A,55.72,27.31,14343,no
828,33.12,2,robot,Equipo A,33.43,60.97,16676,no
828,33.12,3,robot,Equipo B,160.17,66.36,0,no
828,33.12,4,robot,Equipo B,149.14,64.69,9583,no
828,33.12,0,balon,balon,67.67,64.19,980,no
829,33.16,1,robot,Equipo A,55.72,27.31,14343,no
829,33.16,2,robot,Equipo A,33.94,61.37,16676,no
829,33.16,3,robot,Equipo B,160.17,66.36,0,no
829,33.16,4,robot,Equipo B,149.14,64.69,9583,no
829,33.16,0,balon,balon,67.69,64.1,977,no
830,33.2,1,robot,Equipo A,55.72,27.31,14331,no
830,33.2,2,robot,Equipo A,33.94,61.37,16876,no
830,33.2,3,robot,Equipo B,160.17,66.36,0,no
830,33.2,4,robot,Equipo B,149.14,64.69,9443,no
830,33.2,0,balon,balon,67.64,63.98,963,no
831,33.24,1,robot,Equipo A,55.72,27.31,14331,no
831,33.24,2,robot,Equipo A,34.44,61.46,16876,no
831,33.24,3,robot,Equipo B,160.17,66.36,0,no
831,33.24,4,robot,Equipo B,149.14,64.69,9443,no
831,33.24,0,balon,balon,67.61,63.86,967,no
832,33.28,1,robot,Equipo A,55.72,27.31,14331,no
832,33.28,2,robot,Equipo A,34.44,61.46,16876,no
832,33.28,3,robot,Equipo B,160.17,66.36,0,no
832,33.28,4,robot,Equipo B,149.14,64.69,9443,no
832,33.28,0,balon,balon,67.6,63.66,958,no
833,33.32,1,robot,Equipo A,55.72,27.31,14331,no
833,33.32,2,robot,Equipo A,34.44,61.46,16876,no
833,33.32,3,robot,Equipo B,160.17,66.36,0,no
833,33.32,4,robot,Equipo B,149.14,64.69,9443,no
833,33.32,0,balon,balon,67.59,63.48,959,no
834,33.36,1,robot,Equipo A,55.72,27.31,14331,no
834,33.36,2,robot,Equipo A,34.44,61.46,16876,no
834,33.36,3,robot,Equipo B,160.17,66.36,0,no
834,33.36,4,robot,Equipo B,149.14,64.69,9443,no
834,33.36,0,balon,balon,67.59,63.32,955,no
835,33.4,1,robot,Equipo A,55.72,27.31,14239,no
835,33.4,2,robot,Equipo A,34.44,61.46,17831,no
835,33.4,3,robot,Equipo B,160.17,66.36,0,no
835,33.4,4,robot,Equipo B,149.14,64.69,9008,no
835,33.4,0,balon,balon,67.58,63.17,966,no
836,33.44,1,robot,Equipo A,55.72,27.31,14239,no
836,33.44,2,robot,Equipo A,34.44,61.46,17831,no
836,33.44,3,robot,Equipo B,160.17,66.36,0,no
836,33.44,4,robot,Equipo B,149.14,64.69,8901,no
836,33.44,0,balon,balon,67.58,63.08,968,no
837,33.48,1,robot,Equipo A,55.72,27.31,14239,no
837,33.48,2,robot,Equipo A,34.44,61.46,17831,no
837,33.48,3,robot,Equipo B,160.17,66.36,0,no
837,33.48,4,robot,Equipo B,149.14,64.69,8794,no
837,33.48,0,balon,balon,67.58,63.04,961,no
838,33.52,1,robot,Equipo A,55.72,27.31,14239,no
838,33.52,2,robot,Equipo A,34.44,61.46,17831,no
838,33.52,3,robot,Equipo B,160.17,66.36,0,no
838,33.52,4,robot,Equipo B,149.14,64.69,8685,no
838,33.52,0,balon,balon,67.64,63.01,958,no
839,33.56,1,robot,Equipo A,55.72,27.31,14239,no
839,33.56,2,robot,Equipo A,34.44,61.46,17831,no
839,33.56,3,robot,Equipo B,160.17,66.36,0,no
839,33.56,4,robot,Equipo B,149.14,64.69,8576,no
839,33.56,0,balon,balon,67.68,63.0,986,no
840,33.6,1,robot,Equipo A,55.72,27.31,14368,no
840,33.6,2,robot,Equipo A,34.44,61.46,17862,no
840,33.6,3,robot,Equipo B,160.17,66.36,0,no
840,33.6,4,robot,Equipo B,149.14,64.69,9219,no
840,33.6,0,balon,balon,67.76,63.05,961,no
841,33.64,1,robot,Equipo A,55.72,27.31,14368,no
841,33.64,2,robot,Equipo A,34.95,61.39,17862,no
841,33.64,3,robot,Equipo B,160.17,66.36,0,no
841,33.64,4,robot,Equipo B,149.14,64.69,9325,no
841,33.64,0,balon,balon,67.8,63.08,971,no
842,33.68,1,robot,Equipo A,55.72,27.31,14368,no
842,33.68,2,robot,Equipo A,34.95,61.39,17862,no
842,33.68,3,robot,Equipo B,160.17,66.36,0,no
842,33.68,4,robot,Equipo B,149.14,64.69,9411,no
842,33.68,0,balon,balon,67.96,63.17,959,no
843,33.72,1,robot,Equipo A,55.72,27.31,14368,no
843,33.72,2,robot,Equipo A,34.95,61.39,17862,no
843,33.72,3,robot,Equipo B,160.17,66.36,0,no
843,33.72,4,robot,Equipo B,149.14,64.69,9464,no
843,33.72,0,balon,balon,68.1,63.21,973,no
844,33.76,1,robot,Equipo A,55.72,27.31,14368,no
844,33.76,2,robot,Equipo A,34.95,61.39,17862,no
844,33.76,3,robot,Equipo B,160.17,66.36,0,no
844,33.76,4,robot,Equipo B,149.14,64.69,9506,no
844,33.76,0,balon,balon,68.24,63.3,967,no
845,33.8,1,robot,Equipo A,55.72,27.31,14275,no
845,33.8,2,robot,Equipo A,35.52,61.36,17844,no
845,33.8,3,robot,Equipo B,160.17,66.36,0,no
845,33.8,4,robot,Equipo B,149.14,64.69,9552,no
845,33.8,0,balon,balon,68.39,63.35,967,no
846,33.84,1,robot,Equipo A,55.72,27.31,14275,no
846,33.84,2,robot,Equipo A,35.52,61.36,17844,no
846,33.84,3,robot,Equipo B,160.17,66.36,0,no
846,33.84,4,robot,Equipo B,149.14,64.69,9552,no
846,33.84,0,balon,balon,68.53,63.38,969,no
847,33.88,1,robot,Equipo A,55.72,27.31,14275,no
847,33.88,2,robot,Equipo A,35.52,61.36,17844,no
847,33.88,3,robot,Equipo B,160.17,66.36,0,no
847,33.88,4,robot,Equipo B,149.14,64.69,9552,no
847,33.88,0,balon,balon,68.61,63.39,967,no
848,33.92,1,robot,Equipo A,55.72,27.31,14275,no
848,33.92,2,robot,Equipo A,35.52,61.36,17844,no
848,33.92,3,robot,Equipo B,160.17,66.36,0,no
848,33.92,4,robot,Equipo B,149.14,64.69,9552,no
848,33.92,0,balon,balon,68.72,63.4,971,no
849,33.96,1,robot,Equipo A,55.72,27.31,14275,no
849,33.96,2,robot,Equipo A,35.52,61.36,17844,no
849,33.96,3,robot,Equipo B,160.17,66.36,0,no
849,33.96,4,robot,Equipo B,149.14,64.69,9552,no
849,33.96,0,balon,balon,68.78,63.4,970,no
850,34.0,1,robot,Equipo A,55.72,27.31,14283,no
850,34.0,2,robot,Equipo A,36.07,61.34,17853,no
850,34.0,3,robot,Equipo B,160.17,66.36,0,no
850,34.0,4,robot,Equipo B,149.14,64.69,9456,no
850,34.0,0,balon,balon,68.87,63.41,985,no
851,34.04,1,robot,Equipo A,55.72,27.31,14283,no
851,34.04,2,robot,Equipo A,36.07,61.34,17853,no
851,34.04,3,robot,Equipo B,160.17,66.36,0,no
851,34.04,4,robot,Equipo B,149.14,64.69,9456,no
851,34.04,0,balon,balon,68.99,63.41,960,no
852,34.08,1,robot,Equipo A,55.72,27.31,14283,no
852,34.08,2,robot,Equipo A,36.07,61.34,17853,no
852,34.08,3,robot,Equipo B,160.17,66.36,0,no
852,34.08,4,robot,Equipo B,149.14,64.69,9456,no
852,34.08,0,balon,balon,69.05,63.48,972,no
853,34.12,1,robot,Equipo A,55.72,27.31,14283,no
853,34.12,2,robot,Equipo A,36.07,61.34,17853,no
853,34.12,3,robot,Equipo B,160.17,66.36,0,no
853,34.12,4,robot,Equipo B,149.14,64.69,9456,no
853,34.12,0,balon,balon,69.09,63.51,973,no
854,34.16,1,robot,Equipo A,55.72,27.31,14283,no
854,34.16,2,robot,Equipo A,36.07,61.34,17853,no
854,34.16,3,robot,Equipo B,160.17,66.36,0,no
854,34.16,4,robot,Equipo B,149.14,64.69,9456,no
854,34.16,0,balon,balon,69.11,63.6,975,no
855,34.2,1,robot,Equipo A,55.72,27.31,14196,no
855,34.2,2,robot,Equipo A,36.07,61.34,0,no
855,34.2,3,robot,Equipo B,160.17,66.36,0,no
855,34.2,4,robot,Equipo B,149.14,64.69,9738,no
855,34.2,0,balon,balon,69.12,63.64,966,no
856,34.24,1,robot,Equipo A,55.72,27.31,14196,no
856,34.24,2,robot,Equipo A,36.07,61.34,0,no
856,34.24,3,robot,Equipo B,160.17,66.36,0,no
856,34.24,4,robot,Equipo B,149.14,64.69,9754,no
856,34.24,0,balon,balon,69.12,63.73,966,no
857,34.28,1,robot,Equipo A,55.72,27.31,14196,no
857,34.28,2,robot,Equipo A,36.07,61.34,0,no
857,34.28,3,robot,Equipo B,160.17,66.36,0,no
857,34.28,4,robot,Equipo B,149.14,64.69,9767,no
857,34.28,0,balon,balon,69.13,63.78,972,no
858,34.32,1,robot,Equipo A,55.72,27.31,14196,no
858,34.32,2,robot,Equipo A,36.07,61.34,0,no
858,34.32,3,robot,Equipo B,160.17,66.36,0,no
858,34.32,4,robot,Equipo B,149.14,64.69,9777,no
858,34.32,0,balon,balon,69.13,63.87,969,no
859,34.36,1,robot,Equipo A,55.72,27.31,14196,no
859,34.36,2,robot,Equipo A,36.07,61.34,0,no
859,34.36,3,robot,Equipo B,160.17,66.36,0,no
859,34.36,4,robot,Equipo B,149.6,64.93,9783,no
859,34.36,0,balon,balon,69.13,63.93,976,no
860,34.4,1,robot,Equipo A,55.72,27.31,14228,no
860,34.4,2,robot,Equipo A,36.07,61.34,0,no
860,34.4,3,robot,Equipo B,160.17,66.36,0,no
860,34.4,4,robot,Equipo B,149.6,64.93,9803,no
860,34.4,0,balon,balon,69.13,63.96,973,no
861,34.44,1,robot,Equipo A,55.72,27.31,14228,no
861,34.44,2,robot,Equipo A,36.07,61.34,0,no
861,34.44,3,robot,Equipo B,160.17,66.36,0,no
861,34.44,4,robot,Equipo B,149.6,64.93,9791,no
861,34.44,0,balon,balon,69.07,63.97,967,no
862,34.48,1,robot,Equipo A,55.72,27.31,14228,no
862,34.48,2,robot,Equipo A,36.07,61.34,0,no
862,34.48,3,robot,Equipo B,160.17,66.36,0,no
862,34.48,4,robot,Equipo B,149.6,64.93,9776,no
862,34.48,0,balon,balon,69.03,63.98,981,no
863,34.52,1,robot,Equipo A,55.72,27.31,14228,no
863,34.52,2,robot,Equipo A,36.07,61.34,0,no
863,34.52,3,robot,Equipo B,160.17,66.36,0,no
863,34.52,4,robot,Equipo B,149.6,64.93,9758,no
863,34.52,0,balon,balon,69.01,63.98,971,no
864,34.56,1,robot,Equipo A,55.72,27.31,14228,no
864,34.56,2,robot,Equipo A,36.07,61.34,0,no
864,34.56,3,robot,Equipo B,160.17,66.36,0,no
864,34.56,4,robot,Equipo B,149.6,64.93,9733,no
864,34.56,0,balon,balon,68.94,63.99,974,no
865,34.6,1,robot,Equipo A,55.72,27.31,14192,no
865,34.6,2,robot,Equipo A,36.07,61.34,0,no
865,34.6,3,robot,Equipo B,160.17,66.36,0,no
865,34.6,4,robot,Equipo B,149.6,64.93,9718,no
865,34.6,0,balon,balon,68.9,63.92,970,no
866,34.64,1,robot,Equipo A,55.72,27.31,14192,no
866,34.64,2,robot,Equipo A,36.07,61.34,0,no
866,34.64,3,robot,Equipo B,160.17,66.36,0,no
866,34.64,4,robot,Equipo B,149.6,64.93,9729,no
866,34.64,0,balon,balon,68.81,63.88,971,no
867,34.68,1,robot,Equipo A,55.72,27.31,14192,no
867,34.68,2,robot,Equipo A,36.07,61.34,0,no
867,34.68,3,robot,Equipo B,160.17,66.36,0,no
867,34.68,4,robot,Equipo B,149.6,64.93,9736,no
867,34.68,0,balon,balon,68.81,63.88,0,no
868,34.72,1,robot,Equipo A,55.72,27.31,14192,no
868,34.72,2,robot,Equipo A,36.07,61.34,0,no
868,34.72,3,robot,Equipo B,160.17,66.36,0,no
868,34.72,4,robot,Equipo B,149.6,64.93,9736,no
868,34.72,0,balon,balon,68.81,63.88,0,no
869,34.76,1,robot,Equipo A,55.72,27.31,14192,no
869,34.76,2,robot,Equipo A,36.07,61.34,0,no
869,34.76,3,robot,Equipo B,160.17,66.36,0,no
869,34.76,4,robot,Equipo B,149.6,64.93,9736,no
869,34.76,0,balon,balon,68.81,63.88,0,no
870,34.8,1,robot,Equipo A,55.72,27.31,14160,no
870,34.8,2,robot,Equipo A,36.07,61.34,0,no
870,34.8,3,robot,Equipo B,160.17,66.36,0,no
870,34.8,4,robot,Equipo B,149.6,64.93,9606,no
870,34.8,0,balon,balon,68.81,63.88,0,no
871,34.84,1,robot,Equipo A,55.72,27.31,14160,no
871,34.84,2,robot,Equipo A,36.07,61.34,0,no
871,34.84,3,robot,Equipo B,160.17,66.36,0,no
871,34.84,4,robot,Equipo B,149.6,64.93,9590,no
871,34.84,0,balon,balon,68.81,63.88,0,no
872,34.88,1,robot,Equipo A,55.72,27.31,14160,no
872,34.88,2,robot,Equipo A,36.07,61.34,0,no
872,34.88,3,robot,Equipo B,160.17,66.36,0,no
872,34.88,4,robot,Equipo B,149.6,64.93,9567,no
872,34.88,0,balon,balon,68.81,63.88,0,no
873,34.92,1,robot,Equipo A,55.72,27.31,14160,no
873,34.92,2,robot,Equipo A,36.07,61.34,0,no
873,34.92,3,robot,Equipo B,160.17,66.36,0,no
873,34.92,4,robot,Equipo B,149.6,64.93,9534,no
873,34.92,0,balon,balon,68.81,63.88,0,no
874,34.96,1,robot,Equipo A,55.72,27.31,14160,no
874,34.96,2,robot,Equipo A,36.07,61.34,0,no
874,34.96,3,robot,Equipo B,160.17,66.36,0,no
874,34.96,4,robot,Equipo B,149.6,64.93,9494,no
874,34.96,0,balon,balon,68.81,63.88,0,no
875,35.0,1,robot,Equipo A,55.72,27.31,14173,no
875,35.0,2,robot,Equipo A,36.07,61.34,0,no
875,35.0,3,robot,Equipo B,160.17,66.36,0,no
875,35.0,4,robot,Equipo B,149.6,64.93,9608,no
875,35.0,0,balon,balon,68.81,63.88,0,no
876,35.04,1,robot,Equipo A,55.72,27.31,14173,no
876,35.04,2,robot,Equipo A,36.07,61.34,0,no
876,35.04,3,robot,Equipo B,160.17,66.36,0,no
876,35.04,4,robot,Equipo B,149.6,64.93,9621,no
876,35.04,0,balon,balon,68.81,63.88,0,no
877,35.08,1,robot,Equipo A,55.72,27.31,14173,no
877,35.08,2,robot,Equipo A,36.07,61.34,0,no
877,35.08,3,robot,Equipo B,160.17,66.36,0,no
877,35.08,4,robot,Equipo B,149.6,64.93,9631,no
877,35.08,0,balon,balon,68.81,63.88,0,no
878,35.12,1,robot,Equipo A,55.72,27.31,14173,no
878,35.12,2,robot,Equipo A,33.33,67.41,2024,no
878,35.12,3,robot,Equipo B,160.17,66.36,0,no
878,35.12,4,robot,Equipo B,149.6,64.93,9638,no
878,35.12,0,balon,balon,68.81,63.88,0,no
879,35.16,1,robot,Equipo A,55.72,27.31,14173,no
879,35.16,2,robot,Equipo A,31.57,71.9,2024,no
879,35.16,3,robot,Equipo B,160.17,66.36,0,no
879,35.16,4,robot,Equipo B,149.6,64.93,9638,no
879,35.16,0,balon,balon,68.81,63.88,0,no
880,35.2,1,robot,Equipo A,55.72,27.31,0,no
880,35.2,2,robot,Equipo A,28.54,66.5,14483,no
880,35.2,3,robot,Equipo B,160.17,66.36,0,no
880,35.2,4,robot,Equipo B,149.6,64.93,9662,no
880,35.2,0,balon,balon,68.81,63.88,0,no
881,35.24,1,robot,Equipo A,55.72,27.31,0,no
881,35.24,2,robot,Equipo A,25.35,61.49,14483,no
881,35.24,3,robot,Equipo B,160.17,66.36,0,no
881,35.24,4,robot,Equipo B,149.6,64.93,9662,no
881,35.24,0,balon,balon,68.81,63.88,0,no
882,35.28,1,robot,Equipo A,55.72,27.31,0,no
882,35.28,2,robot,Equipo A,22.1,56.79,14215,no
882,35.28,3,robot,Equipo B,160.17,66.36,0,no
882,35.28,4,robot,Equipo B,149.6,64.93,9662,no
882,35.28,0,balon,balon,68.81,63.88,0,no
883,35.32,1,robot,Equipo A,55.72,27.31,0,no
883,35.32,2,robot,Equipo A,19.06,52.48,11321,no
883,35.32,3,robot,Equipo B,160.17,66.36,0,no
883,35.32,4,robot,Equipo B,149.6,64.93,9662,no
883,35.32,0,balon,balon,68.81,63.88,0,no
884,35.36,1,robot,Equipo A,55.72,27.31,0,no
884,35.36,2,robot,Equipo A,16.24,48.51,8512,no
884,35.36,3,robot,Equipo B,160.17,66.36,0,no
884,35.36,4,robot,Equipo B,149.6,64.93,9662,no
884,35.36,0,balon,balon,68.81,63.88,0,no
885,35.4,1,robot,Equipo A,55.72,27.31,0,no
885,35.4,2,robot,Equipo A,16.31,47.68,15467,no
885,35.4,3,robot,Equipo B,160.17,66.36,0,no
885,35.4,4,robot,Equipo B,149.6,64.93,9643,no
885,35.4,0,balon,balon,68.81,63.88,0,no
886,35.44,1,robot,Equipo A,55.72,27.31,0,no
886,35.44,2,robot,Equipo A,16.99,47.53,15467,no
886,35.44,3,robot,Equipo B,160.17,66.36,0,no
886,35.44,4,robot,Equipo B,149.6,64.93,9643,no
886,35.44,0,balon,balon,68.81,63.88,0,no
887,35.48,1,robot,Equipo A,55.72,27.31,0,no
887,35.48,2,robot,Equipo A,18.15,47.93,15467,no
887,35.48,3,robot,Equipo B,160.17,66.36,0,no
887,35.48,4,robot,Equipo B,150.02,65.26,9643,no
887,35.48,0,balon,balon,68.81,63.88,0,no
888,35.52,1,robot,Equipo A,55.72,27.31,0,no
888,35.52,2,robot,Equipo A,19.62,48.98,16644,no
888,35.52,3,robot,Equipo B,160.17,66.36,0,no
888,35.52,4,robot,Equipo B,150.02,65.26,9643,no
888,35.52,0,balon,balon,68.81,63.88,0,no
889,35.56,1,robot,Equipo A,55.72,27.31,0,no
889,35.56,2,robot,Equipo A,21.31,50.04,14670,no
889,35.56,3,robot,Equipo B,160.17,66.36,0,no
889,35.56,4,robot,Equipo B,150.42,65.58,9643,no
889,35.56,0,balon,balon,68.81,63.88,0,no
890,35.6,1,robot,Equipo A,55.72,27.31,0,no
890,35.6,2,robot,Equipo A,21.29,55.29,2036,no
890,35.6,3,robot,Equipo B,160.17,66.36,0,no
890,35.6,4,robot,Equipo B,150.42,65.58,9661,no
890,35.6,0,balon,balon,68.81,63.88,0,no
891,35.64,1,robot,Equipo A,55.72,27.31,0,no
891,35.64,2,robot,Equipo A,21.0,60.01,2136,no
891,35.64,3,robot,Equipo B,160.17,66.36,0,no
891,35.64,4,robot,Equipo B,150.42,65.58,9661,no
891,35.64,0,balon,balon,68.81,63.88,0,no
892,35.68,1,robot,Equipo A,55.72,27.31,0,no
892,35.68,2,robot,Equipo A,20.49,64.33,2136,no
892,35.68,3,robot,Equipo B,160.17,66.36,0,no
892,35.68,4,robot,Equipo B,150.42,65.58,9661,no
892,35.68,0,balon,balon,68.81,63.88,0,no
893,35.72,1,robot,Equipo A,55.72,27.31,0,no
893,35.72,2,robot,Equipo A,19.79,68.33,2136,no
893,35.72,3,robot,Equipo B,160.17,66.36,0,no
893,35.72,4,robot,Equipo B,150.42,65.58,9655,no
893,35.72,0,balon,balon,68.81,63.88,0,no
894,35.76,1,robot,Equipo A,55.72,27.31,0,no
894,35.76,2,robot,Equipo A,18.95,72.09,2136,no
894,35.76,3,robot,Equipo B,160.17,66.36,0,no
894,35.76,4,robot,Equipo B,150.42,65.58,9645,no
894,35.76,0,balon,balon,68.81,63.88,0,no
895,35.8,1,robot,Equipo A,55.72,27.31,0,no
895,35.8,2,robot,Equipo A,17.88,76.88,8072,no
895,35.8,3,robot,Equipo B,160.17,66.36,0,no
895,35.8,4,robot,Equipo B,150.42,65.58,9811,no
895,35.8,0,balon,balon,68.81,63.88,0,no
896,35.84,1,robot,Equipo A,55.72,27.31,0,no
896,35.84,2,robot,Equipo A,16.8,80.8,8072,no
896,35.84,3,robot,Equipo B,160.17,66.36,0,no
896,35.84,4,robot,Equipo B,150.42,65.58,9811,no
896,35.84,0,balon,balon,68.81,63.88,0,no
897,35.88,1,robot,Equipo A,55.72,27.31,0,no
897,35.88,2,robot,Equipo A,15.7,84.03,8072,no
897,35.88,3,robot,Equipo B,160.17,66.36,0,no
897,35.88,4,robot,Equipo B,150.42,65.58,9811,no
897,35.88,0,balon,balon,68.81,63.88,0,no
898,35.92,1,robot,Equipo A,55.72,27.31,0,no
898,35.92,2,robot,Equipo A,14.55,86.69,8240,no
898,35.92,3,robot,Equipo B,160.17,66.36,0,no
898,35.92,4,robot,Equipo B,150.42,65.58,9811,no
898,35.92,0,balon,balon,68.81,63.88,0,no
899,35.96,1,robot,Equipo A,55.72,27.31,0,no
899,35.96,2,robot,Equipo A,13.48,88.88,7932,no
899,35.96,3,robot,Equipo B,160.17,66.36,0,no
899,35.96,4,robot,Equipo B,150.42,65.58,9811,no
899,35.96,0,balon,balon,68.81,63.88,0,no
900,36.0,1,robot,Equipo A,55.72,27.31,0,no
900,36.0,2,robot,Equipo A,13.65,89.91,12327,no
900,36.0,3,robot,Equipo B,160.17,66.36,0,no
900,36.0,4,robot,Equipo B,150.42,65.58,9645,no
900,36.0,0,balon,balon,68.81,63.88,0,no
901,36.04,1,robot,Equipo A,55.72,27.31,0,no
901,36.04,2,robot,Equipo A,14.12,90.51,12327,no
901,36.04,3,robot,Equipo B,160.17,66.36,0,no
901,36.04,4,robot,Equipo B,150.42,65.58,9645,no
901,36.04,0,balon,balon,68.81,63.88,0,no
902,36.08,1,robot,Equipo A,55.72,27.31,0,no
902,36.08,2,robot,Equipo A,14.84,90.75,12327,no
902,36.08,3,robot,Equipo B,160.17,66.36,0,no
902,36.08,4,robot,Equipo B,150.42,65.58,9645,no
902,36.08,0,balon,balon,68.81,63.88,0,no
903,36.12,1,robot,Equipo A,55.72,27.31,0,no
903,36.12,2,robot,Equipo A,15.75,90.71,12327,no
903,36.12,3,robot,Equipo B,160.17,66.36,0,no
903,36.12,4,robot,Equipo B,150.42,65.58,9640,no
903,36.12,0,balon,balon,68.81,63.88,0,no
904,36.16,1,robot,Equipo A,55.72,27.31,0,no
904,36.16,2,robot,Equipo A,16.82,90.45,12327,no
904,36.16,3,robot,Equipo B,161.57,68.77,3667,no
904,36.16,4,robot,Equipo B,150.42,65.58,9632,no
904,36.16,0,balon,balon,68.81,63.88,0,no
905,36.2,1,robot,Equipo A,55.72,27.31,0,no
905,36.2,2,robot,Equipo A,16.29,91.23,12592,no
905,36.2,3,robot,Equipo B,161.57,68.77,0,no
905,36.2,4,robot,Equipo B,150.42,65.58,9792,no
905,36.2,0,balon,balon,68.81,63.88,0,no
906,36.24,1,robot,Equipo A,55.72,27.31,0,no
906,36.24,2,robot,Equipo A,15.53,92.19,12592,no
906,36.24,3,robot,Equipo B,161.57,68.77,0,no
906,36.24,4,robot,Equipo B,150.42,65.58,9792,no
906,36.24,0,balon,balon,68.81,63.88,0,no
907,36.28,1,robot,Equipo A,55.72,27.31,0,no
907,36.28,2,robot,Equipo A,14.52,93.34,12920,no
907,36.28,3,robot,Equipo B,161.57,68.77,0,no
907,36.28,4,robot,Equipo B,150.42,65.58,10003,no
907,36.28,0,balon,balon,68.81,63.88,0,no
908,36.32,1,robot,Equipo A,55.72,27.31,0,no
908,36.32,2,robot,Equipo A,13.48,94.58,12357,no
908,36.32,3,robot,Equipo B,161.57,68.77,0,no
908,36.32,4,robot,Equipo B,150.42,65.58,10202,no
908,36.32,0,balon,balon,68.81,63.88,0,no
909,36.36,1,robot,Equipo A,55.72,27.31,0,no
909,36.36,2,robot,Equipo A,12.46,95.85,11406,no
909,36.36,3,robot,Equipo B,161.57,68.77,0,no
909,36.36,4,robot,Equipo B,150.42,65.58,10489,no
909,36.36,0,balon,balon,68.81,63.88,0,no
910,36.4,1,robot,Equipo A,55.72,27.31,0,no
910,36.4,2,robot,Equipo A,12.46,95.85,8168,no
910,36.4,3,robot,Equipo B,161.57,68.77,0,no
910,36.4,4,robot,Equipo B,150.42,65.58,9692,no
910,36.4,0,balon,balon,68.81,63.88,0,no
911,36.44,1,robot,Equipo A,55.72,27.31,0,no
911,36.44,2,robot,Equipo A,12.46,95.85,8168,no
911,36.44,3,robot,Equipo B,161.57,68.77,0,no
911,36.44,4,robot,Equipo B,150.42,65.58,9692,no
911,36.44,0,balon,balon,68.81,63.88,0,no
912,36.48,1,robot,Equipo A,55.72,27.31,0,no
912,36.48,2,robot,Equipo A,12.52,95.35,8168,no
912,36.48,3,robot,Equipo B,161.57,68.77,0,no
912,36.48,4,robot,Equipo B,150.42,65.58,9692,no
912,36.48,0,balon,balon,68.81,63.88,0,no
913,36.52,1,robot,Equipo A,55.72,27.31,0,no
913,36.52,2,robot,Equipo A,12.56,94.59,8168,no
913,36.52,3,robot,Equipo B,159.49,68.25,9692,no
913,36.52,4,robot,Equipo B,150.42,65.58,0,no
913,36.52,0,balon,balon,68.81,63.88,0,no
914,36.56,1,robot,Equipo A,55.72,27.31,0,no
914,36.56,2,robot,Equipo A,12.6,93.64,8168,no
914,36.56,3,robot,Equipo B,157.82,67.8,9692,no
914,36.56,4,robot,Equipo B,150.42,65.58,0,no
914,36.56,0,balon,balon,68.81,63.88,0,no
915,36.6,1,robot,Equipo A,55.72,27.31,0,no
915,36.6,2,robot,Equipo A,12.49,97.39,12882,no
915,36.6,3,robot,Equipo B,157.82,67.8,0,no
915,36.6,4,robot,Equipo B,150.42,65.58,9658,no
915,36.6,0,balon,balon,68.81,63.88,0,no
916,36.64,1,robot,Equipo A,55.72,27.31,0,no
916,36.64,2,robot,Equipo A,12.37,101.28,12882,no
916,36.64,3,robot,Equipo B,157.82,67.8,0,no
916,36.64,4,robot,Equipo B,150.42,65.58,9658,no
916,36.64,0,balon,balon,68.81,63.88,0,no
917,36.68,1,robot,Equipo A,55.72,27.31,0,no
917,36.68,2,robot,Equipo A,12.31,105.24,12410,no
917,36.68,3,robot,Equipo B,157.82,67.8,0,no
917,36.68,4,robot,Equipo B,150.42,65.58,9658,no
917,36.68,0,balon,balon,68.81,63.88,0,no
918,36.72,1,robot,Equipo A,55.72,27.31,0,no
918,36.72,2,robot,Equipo A,12.34,108.92,9661,no
918,36.72,3,robot,Equipo B,156.49,67.62,9658,no
918,36.72,4,robot,Equipo B,150.42,65.58,0,no
918,36.72,0,balon,balon,68.81,63.88,0,no
919,36.76,1,robot,Equipo A,55.72,27.31,0,no
919,36.76,2,robot,Equipo A,12.5,112.35,6242,no
919,36.76,3,robot,Equipo B,155.43,67.5,9658,no
919,36.76,4,robot,Equipo B,150.42,65.58,0,no
919,36.76,0,balon,balon,68.81,63.88,0,no
920,36.8,1,robot,Equipo A,55.72,27.31,0,no
920,36.8,2,robot,Equipo A,12.5,112.35,0,no
920,36.8,3,robot,Equipo B,155.43,67.5,0,no
920,36.8,4,robot,Equipo B,150.42,65.58,9556,no
920,36.8,0,balon,balon,68.81,63.88,0,no
921,36.84,1,robot,Equipo A,55.72,27.31,0,no
921,36.84,2,robot,Equipo A,12.5,112.35,0,no
921,36.84,3,robot,Equipo B,155.43,67.5,0,no
921,36.84,4,robot,Equipo B,150.42,65.58,9556,no
921,36.84,0,balon,balon,68.81,63.88,0,no
922,36.88,1,robot,Equipo A,55.72,27.31,0,no
922,36.88,2,robot,Equipo A,12.67,105.51,3053,no
922,36.88,3,robot,Equipo B,155.43,67.5,0,no
922,36.88,4,robot,Equipo B,150.42,65.58,9556,no
922,36.88,0,balon,balon,68.81,63.88,0,no
923,36.92,1,robot,Equipo A,55.72,27.31,0,no
923,36.92,2,robot,Equipo A,12.17,100.38,2913,no
923,36.92,3,robot,Equipo B,155.43,67.5,0,no
923,36.92,4,robot,Equipo B,150.42,65.58,9550,no
923,36.92,0,balon,balon,68.81,63.88,0,no
924,36.96,1,robot,Equipo A,55.72,27.31,0,no
924,36.96,2,robot,Equipo A,11.18,96.63,2675,no
924,36.96,3,robot,Equipo B,155.43,67.5,0,no
924,36.96,4,robot,Equipo B,150.42,65.58,9541,no
924,36.96,0,balon,balon,68.81,63.88,0,no
925,37.0,1,robot,Equipo A,55.72,27.31,0,no
925,37.0,2,robot,Equipo A,13.22,92.01,2793,no
925,37.0,3,robot,Equipo B,155.43,67.5,0,no
925,37.0,4,robot,Equipo B,150.42,65.58,9560,no
925,37.0,0,balon,balon,68.81,63.88,0,no
926,37.04,1,robot,Equipo A,55.72,27.31,0,no
926,37.04,2,robot,Equipo A,13.22,92.01,0,no
926,37.04,3,robot,Equipo B,155.43,67.5,0,no
926,37.04,4,robot,Equipo B,150.42,65.58,9560,no
926,37.04,0,balon,balon,68.81,63.88,0,no
927,37.08,1,robot,Equipo A,55.72,27.31,0,no
927,37.08,2,robot,Equipo A,13.22,92.01,0,no
927,37.08,3,robot,Equipo B,155.43,67.5,0,no
927,37.08,4,robot,Equipo B,150.42,65.58,9560,no
927,37.08,0,balon,balon,68.81,63.88,0,no
928,37.12,1,robot,Equipo A,55.72,27.31,0,no
928,37.12,2,robot,Equipo A,13.22,92.01,0,no
928,37.12,3,robot,Equipo B,155.43,67.5,0,no
928,37.12,4,robot,Equipo B,150.42,65.58,9560,no
928,37.12,0,balon,balon,68.81,63.88,0,no
929,37.16,1,robot,Equipo A,55.72,27.31,0,no
929,37.16,2,robot,Equipo A,13.22,92.01,0,no
929,37.16,3,robot,Equipo B,155.43,67.5,0,no
929,37.16,4,robot,Equipo B,150.42,65.58,9560,no
929,37.16,0,balon,balon,68.81,63.88,0,no
930,37.2,1,robot,Equipo A,55.72,27.31,0,no
930,37.2,2,robot,Equipo A,13.22,92.01,0,no
930,37.2,3,robot,Equipo B,155.43,67.5,0,no
930,37.2,4,robot,Equipo B,150.42,65.58,9584,no
930,37.2,0,balon,balon,68.81,63.88,0,no
931,37.24,1,robot,Equipo A,55.72,27.31,0,no
931,37.24,2,robot,Equipo A,13.22,92.01,0,no
931,37.24,3,robot,Equipo B,155.43,67.5,0,no
931,37.24,4,robot,Equipo B,150.42,65.58,9584,no
931,37.24,0,balon,balon,68.81,63.88,0,no
932,37.28,1,robot,Equipo A,55.72,27.31,0,no
932,37.28,2,robot,Equipo A,13.22,92.01,0,no
932,37.28,3,robot,Equipo B,155.43,67.5,0,no
932,37.28,4,robot,Equipo B,150.42,65.58,9584,no
932,37.28,0,balon,balon,68.81,63.88,0,no
933,37.32,1,robot,Equipo A,55.72,27.31,0,no
933,37.32,2,robot,Equipo A,13.22,92.01,0,no
933,37.32,3,robot,Equipo B,155.43,67.5,0,no
933,37.32,4,robot,Equipo B,150.42,65.58,9584,no
933,37.32,0,balon,balon,68.81,63.88,0,no
934,37.36,1,robot,Equipo A,55.72,27.31,0,no
934,37.36,2,robot,Equipo A,13.22,92.01,0,no
934,37.36,3,robot,Equipo B,155.43,67.5,0,no
934,37.36,4,robot,Equipo B,150.42,65.58,9584,no
934,37.36,0,balon,balon,68.81,63.88,0,no
935,37.4,1,robot,Equipo A,55.72,27.31,0,no
935,37.4,2,robot,Equipo A,14.97,89.29,1959,no
935,37.4,3,robot,Equipo B,155.43,67.5,0,no
935,37.4,4,robot,Equipo B,150.42,65.58,9554,no
935,37.4,0,balon,balon,68.81,63.88,0,no
936,37.44,1,robot,Equipo A,55.72,27.31,0,no
936,37.44,2,robot,Equipo A,16.34,87.09,2148,no
936,37.44,3,robot,Equipo B,155.43,67.5,0,no
936,37.44,4,robot,Equipo B,150.42,65.58,9554,no
936,37.44,0,balon,balon,68.81,63.88,0,no
937,37.48,1,robot,Equipo A,55.72,27.31,0,no
937,37.48,2,robot,Equipo A,17.44,85.33,2155,no
937,37.48,3,robot,Equipo B,155.43,67.5,0,no
937,37.48,4,robot,Equipo B,150.42,65.58,9699,no
937,37.48,0,balon,balon,68.81,63.88,0,no
938,37.52,1,robot,Equipo A,55.72,27.31,0,no
938,37.52,2,robot,Equipo A,18.31,83.92,2155,no
938,37.52,3,robot,Equipo B,155.43,67.5,0,no
938,37.52,4,robot,Equipo B,150.42,65.58,10342,no
938,37.52,0,balon,balon,68.81,63.88,0,no
939,37.56,1,robot,Equipo A,55.72,27.31,0,no
939,37.56,2,robot,Equipo A,19.01,82.8,2155,no
939,37.56,3,robot,Equipo B,155.43,67.5,0,no
939,37.56,4,robot,Equipo B,150.42,65.58,10913,no
939,37.56,0,balon,balon,68.81,63.88,0,no
940,37.6,1,robot,Equipo A,55.72,27.31,0,no
940,37.6,2,robot,Equipo A,19.01,82.8,0,no
940,37.6,3,robot,Equipo B,155.43,67.5,0,no
940,37.6,4,robot,Equipo B,150.42,65.58,9518,no
940,37.6,0,balon,balon,68.81,63.88,0,no
941,37.64,1,robot,Equipo A,55.72,27.31,0,no
941,37.64,2,robot,Equipo A,19.01,82.8,0,no
941,37.64,3,robot,Equipo B,155.43,67.5,0,no
941,37.64,4,robot,Equipo B,150.42,65.58,9518,no
941,37.64,0,balon,balon,68.81,63.88,0,no
942,37.68,1,robot,Equipo A,55.72,27.31,0,no
942,37.68,2,robot,Equipo A,19.01,82.8,0,no
942,37.68,3,robot,Equipo B,155.43,67.5,0,no
942,37.68,4,robot,Equipo B,150.42,65.58,9510,no
942,37.68,0,balon,balon,69.09,63.99,961,no
943,37.72,1,robot,Equipo A,55.72,27.31,0,no
943,37.72,2,robot,Equipo A,19.01,82.8,0,no
943,37.72,3,robot,Equipo B,155.43,67.5,0,no
943,37.72,4,robot,Equipo B,150.42,65.58,9497,no
943,37.72,0,balon,balon,69.24,64.06,961,no
944,37.76,1,robot,Equipo A,55.72,27.31,0,no
944,37.76,2,robot,Equipo A,19.01,82.8,0,no
944,37.76,3,robot,Equipo B,155.43,67.5,0,no
944,37.76,4,robot,Equipo B,150.42,65.58,9482,no
944,37.76,0,balon,balon,69.32,64.09,970,no
945,37.8,1,robot,Equipo A,55.72,27.31,14304,no
945,37.8,2,robot,Equipo A,19.01,82.8,0,no
945,37.8,3,robot,Equipo B,155.43,67.5,0,no
945,37.8,4,robot,Equipo B,150.42,65.58,9519,no
945,37.8,0,balon,balon,69.36,64.11,974,no
946,37.84,1,robot,Equipo A,55.72,27.31,14304,no
946,37.84,2,robot,Equipo A,18.36,75.89,9913,no
946,37.84,3,robot,Equipo B,155.43,67.5,0,no
946,37.84,4,robot,Equipo B,150.42,65.58,9519,no
946,37.84,0,balon,balon,69.32,64.12,954,no
947,37.88,1,robot,Equipo A,55.72,27.31,14304,no
947,37.88,2,robot,Equipo A,17.32,70.5,9913,no
947,37.88,3,robot,Equipo B,155.43,67.5,0,no
947,37.88,4,robot,Equipo B,150.42,65.58,9519,no
947,37.88,0,balon,balon,69.3,64.19,961,no
948,37.92,1,robot,Equipo A,55.72,27.31,14304,no
948,37.92,2,robot,Equipo A,16.04,66.34,9687,no
948,37.92,3,robot,Equipo B,155.43,67.5,0,no
948,37.92,4,robot,Equipo B,150.42,65.58,9658,no
948,37.92,0,balon,balon,69.29,64.23,964,no
949,37.96,1,robot,Equipo A,55.72,27.31,14304,no
949,37.96,2,robot,Equipo A,14.64,63.1,9005,no
949,37.96,3,robot,Equipo B,155.43,67.5,0,no
949,37.96,4,robot,Equipo B,150.42,65.58,10051,no
949,37.96,0,balon,balon,69.28,64.25,955,no
950,38.0,1,robot,Equipo A,55.72,27.31,13659,no
950,38.0,2,robot,Equipo A,15.43,60.44,6439,no
950,38.0,3,robot,Equipo B,155.43,67.5,0,no
950,38.0,4,robot,Equipo B,150.42,65.58,9571,no
950,38.0,0,balon,balon,69.21,64.27,964,no
951,38.04,1,robot,Equipo A,55.72,27.31,13659,no
951,38.04,2,robot,Equipo A,16.48,58.29,6439,no
951,38.04,3,robot,Equipo B,155.43,67.5,0,no
951,38.04,4,robot,Equipo B,150.42,65.58,9571,no
951,38.04,0,balon,balon,69.17,64.27,962,no
952,38.08,1,robot,Equipo A,55.72,27.31,13659,no
952,38.08,2,robot,Equipo A,17.74,56.54,6439,no
952,38.08,3,robot,Equipo B,155.43,67.5,0,no
952,38.08,4,robot,Equipo B,150.42,65.58,9565,no
952,38.08,0,balon,balon,69.15,64.28,968,no
953,38.12,1,robot,Equipo A,55.72,27.31,13659,no
953,38.12,2,robot,Equipo A,19.18,55.11,6439,no
953,38.12,3,robot,Equipo B,155.43,67.5,0,no
953,38.12,4,robot,Equipo B,150.42,65.58,9555,no
953,38.12,0,balon,balon,69.14,64.28,959,no
954,38.16,1,robot,Equipo A,55.72,27.31,13659,no
954,38.16,2,robot,Equipo A,20.76,53.94,6439,no
954,38.16,3,robot,Equipo B,155.43,67.5,0,no
954,38.16,4,robot,Equipo B,150.42,65.58,9542,no
954,38.16,0,balon,balon,69.14,64.28,962,no
955,38.2,1,robot,Equipo A,55.72,27.31,13641,no
955,38.2,2,robot,Equipo A,20.2,53.12,7070,no
955,38.2,3,robot,Equipo B,155.43,67.5,0,no
955,38.2,4,robot,Equipo B,150.42,65.58,9529,no
955,38.2,0,balon,balon,69.13,64.28,954,no
956,38.24,1,robot,Equipo A,55.72,27.31,13641,no
956,38.24,2,robot,Equipo A,19.39,52.49,7070,no
956,38.24,3,robot,Equipo B,155.43,67.5,0,no
956,38.24,4,robot,Equipo B,150.42,65.58,9529,no
956,38.24,0,balon,balon,69.07,64.28,956,no
957,38.28,1,robot,Equipo A,55.72,27.31,13641,no
957,38.28,2,robot,Equipo A,18.38,52.02,7070,no
957,38.28,3,robot,Equipo B,155.43,67.5,0,no
957,38.28,4,robot,Equipo B,150.42,65.58,9529,no
957,38.28,0,balon,balon,69.03,64.28,955,no
958,38.32,1,robot,Equipo A,55.72,27.31,13641,no
958,38.32,2,robot,Equipo A,17.11,51.67,7336,no
958,38.32,3,robot,Equipo B,155.43,67.5,0,no
958,38.32,4,robot,Equipo B,150.42,65.58,9529,no
958,38.32,0,balon,balon,69.01,64.28,966,no
959,38.36,1,robot,Equipo A,55.72,27.31,13641,no
959,38.36,2,robot,Equipo A,15.9,51.42,6807,no
959,38.36,3,robot,Equipo B,155.43,67.5,0,no
959,38.36,4,robot,Equipo B,150.42,65.58,9529,no
959,38.36,0,balon,balon,69.0,64.28,965,no
960,38.4,1,robot,Equipo A,55.72,27.31,13585,no
960,38.4,2,robot,Equipo A,16.46,51.19,5724,no
960,38.4,3,robot,Equipo B,155.43,67.5,0,no
960,38.4,4,robot,Equipo B,150.42,65.58,9524,no
960,38.4,0,balon,balon,69.06,64.28,955,no
961,38.44,1,robot,Equipo A,55.72,27.31,13585,no
961,38.44,2,robot,Equipo A,17.22,51.0,5724,no
961,38.44,3,robot,Equipo B,155.43,67.5,0,no
961,38.44,4,robot,Equipo B,150.42,65.58,9524,no
961,38.44,0,balon,balon,69.09,64.28,951,no
962,38.48,1,robot,Equipo A,55.72,27.31,13585,no
962,38.48,2,robot,Equipo A,18.14,50.86,5724,no
962,38.48,3,robot,Equipo B,155.43,67.5,0,no
962,38.48,4,robot,Equipo B,150.42,65.58,9516,no
962,38.48,0,balon,balon,69.11,64.28,955,no
963,38.52,1,robot,Equipo A,55.72,27.31,13585,no
963,38.52,2,robot,Equipo A,19.19,50.74,5724,no
963,38.52,3,robot,Equipo B,155.43,67.5,0,no
963,38.52,4,robot,Equipo B,150.42,65.58,9504,no
963,38.52,0,balon,balon,69.06,64.28,951,no
964,38.56,1,robot,Equipo A,55.72,27.31,13585,no
964,38.56,2,robot,Equipo A,20.34,50.65,5724,no
964,38.56,3,robot,Equipo B,155.43,67.5,0,no
964,38.56,4,robot,Equipo B,150.42,65.58,9535,no
964,38.56,0,balon,balon,69.09,64.28,953,no
965,38.6,1,robot,Equipo A,55.72,27.31,13568,no
965,38.6,2,robot,Equipo A,20.34,50.65,6016,no
965,38.6,3,robot,Equipo B,155.43,67.5,0,no
965,38.6,4,robot,Equipo B,150.42,65.58,9493,no
965,38.6,0,balon,balon,69.11,64.28,955,no
966,38.64,1,robot,Equipo A,55.72,27.31,13568,no
966,38.64,2,robot,Equipo A,19.75,50.57,6016,no
966,38.64,3,robot,Equipo B,155.43,67.5,0,no
966,38.64,4,robot,Equipo B,150.42,65.58,9493,no
966,38.64,0,balon,balon,69.12,64.28,947,no
967,38.68,1,robot,Equipo A,55.72,27.31,13568,no
967,38.68,2,robot,Equipo A,19.03,50.51,6016,no
967,38.68,3,robot,Equipo B,155.43,67.5,0,no
967,38.68,4,robot,Equipo B,150.42,65.58,9493,no
967,38.68,0,balon,balon,69.12,64.28,954,no
968,38.72,1,robot,Equipo A,55.72,27.31,13568,no
968,38.72,2,robot,Equipo A,18.2,50.46,6016,no
968,38.72,3,robot,Equipo B,155.43,67.5,0,no
968,38.72,4,robot,Equipo B,150.42,65.58,9493,no
968,38.72,0,balon,balon,69.13,64.28,950,no
969,38.76,1,robot,Equipo A,55.72,27.31,13568,no
969,38.76,2,robot,Equipo A,17.28,50.42,6016,no
969,38.76,3,robot,Equipo B,155.43,67.5,0,no
969,38.76,4,robot,Equipo B,150.42,65.58,9493,no
969,38.76,0,balon,balon,69.06,64.28,955,no
970,38.8,1,robot,Equipo A,55.72,27.31,13594,no
970,38.8,2,robot,Equipo A,17.28,50.42,5384,no
970,38.8,3,robot,Equipo B,155.43,67.5,0,no
970,38.8,4,robot,Equipo B,150.42,65.58,9544,no
970,38.8,0,balon,balon,69.03,64.28,959,no
971,38.84,1,robot,Equipo A,55.72,27.31,13594,no
971,38.84,2,robot,Equipo A,17.85,50.42,5384,no
971,38.84,3,robot,Equipo B,155.43,67.5,0,no
971,38.84,4,robot,Equipo B,150.42,65.58,9535,no
971,38.84,0,balon,balon,69.01,64.28,970,no
972,38.88,1,robot,Equipo A,55.72,27.31,13594,no
972,38.88,2,robot,Equipo A,18.53,50.42,5384,no
972,38.88,3,robot,Equipo B,155.43,67.5,0,no
972,38.88,4,robot,Equipo B,150.42,65.58,9522,no
972,38.88,0,balon,balon,69.0,64.28,972,no
973,38.92,1,robot,Equipo A,55.72,27.31,13594,no
973,38.92,2,robot,Equipo A,19.3,50.42,5384,no
973,38.92,3,robot,Equipo B,155.43,67.5,0,no
973,38.92,4,robot,Equipo B,150.42,65.58,9506,no
973,38.92,0,balon,balon,69.0,64.28,965,no
974,38.96,1,robot,Equipo A,55.72,27.31,13594,no
974,38.96,2,robot,Equipo A,20.14,50.42,5384,no
974,38.96,3,robot,Equipo B,155.43,67.5,0,no
974,38.96,4,robot,Equipo B,150.42,65.58,9489,no
974,38.96,0,balon,balon,68.93,64.28,955,no
975,39.0,1,robot,Equipo A,55.72,27.31,13579,no
975,39.0,2,robot,Equipo A,20.14,50.42,4397,no
975,39.0,3,robot,Equipo B,155.43,67.5,0,no
975,39.0,4,robot,Equipo B,150.42,65.58,9651,no
975,39.0,0,balon,balon,68.89,64.28,960,no
976,39.04,1,robot,Equipo A,55.72,27.31,13579,no
976,39.04,2,robot,Equipo A,19.46,50.59,4397,no
976,39.04,3,robot,Equipo B,155.43,67.5,0,no
976,39.04,4,robot,Equipo B,150.42,65.58,9660,no
976,39.04,0,balon,balon,68.87,64.28,952,no
977,39.08,1,robot,Equipo A,55.72,27.31,13579,no
977,39.08,2,robot,Equipo A,18.68,50.75,4397,no
977,39.08,3,robot,Equipo B,155.43,67.5,0,no
977,39.08,4,robot,Equipo B,150.42,65.58,9660,no
977,39.08,0,balon,balon,68.8,64.28,955,no
978,39.12,1,robot,Equipo A,55.72,27.31,13579,no
978,39.12,2,robot,Equipo A,17.84,50.92,4397,no
978,39.12,3,robot,Equipo B,155.43,67.5,0,no
978,39.12,4,robot,Equipo B,150.42,65.58,9660,no
978,39.12,0,balon,balon,68.76,64.28,955,no
979,39.16,1,robot,Equipo A,55.72,27.31,13579,no
979,39.16,2,robot,Equipo A,16.93,51.08,4397,no
979,39.16,3,robot,Equipo B,155.43,67.5,0,no
979,39.16,4,robot,Equipo B,150.42,65.58,9660,no
979,39.16,0,balon,balon,68.74,64.34,968,no
980,39.2,1,robot,Equipo A,55.72,27.31,13719,no
980,39.2,2,robot,Equipo A,16.93,51.08,4850,no
980,39.2,3,robot,Equipo B,155.43,67.5,0,no
980,39.2,4,robot,Equipo B,150.42,65.58,9715,no
980,39.2,0,balon,balon,68.73,64.38,964,no
981,39.24,1,robot,Equipo A,55.72,27.31,13719,no
981,39.24,2,robot,Equipo A,16.93,51.08,4850,no
981,39.24,3,robot,Equipo B,155.43,67.5,0,no
981,39.24,4,robot,Equipo B,150.42,65.58,9701,no
981,39.24,0,balon,balon,68.66,64.4,964,no
982,39.28,1,robot,Equipo A,55.72,27.31,13719,no
982,39.28,2,robot,Equipo A,17.48,51.03,4850,no
982,39.28,3,robot,Equipo B,155.43,67.5,0,no
982,39.28,4,robot,Equipo B,150.42,65.58,9684,no
982,39.28,0,balon,balon,68.55,64.41,952,no
983,39.32,1,robot,Equipo A,55.72,27.31,13719,no
983,39.32,2,robot,Equipo A,18.1,50.96,4850,no
983,39.32,3,robot,Equipo B,155.43,67.5,0,no
983,39.32,4,robot,Equipo B,150.42,65.58,9666,no
983,39.32,0,balon,balon,68.49,64.41,950,no
984,39.36,1,robot,Equipo A,55.72,27.31,13719,no
984,39.36,2,robot,Equipo A,18.75,50.88,4850,no
984,39.36,3,robot,Equipo B,155.43,67.5,0,no
984,39.36,4,robot,Equipo B,150.42,65.58,9638,no
984,39.36,0,balon,balon,68.4,64.48,961,no
985,39.4,1,robot,Equipo A,55.72,27.31,13832,no
985,39.4,2,robot,Equipo A,18.75,50.88,5462,no
985,39.4,3,robot,Equipo B,155.43,67.5,0,no
985,39.4,4,robot,Equipo B,150.42,65.58,9622,no
985,39.4,0,balon,balon,68.34,64.52,963,no
986,39.44,1,robot,Equipo A,55.72,27.31,13832,no
986,39.44,2,robot,Equipo A,18.23,50.96,5462,no
986,39.44,3,robot,Equipo B,155.43,67.5,0,no
986,39.44,4,robot,Equipo B,150.42,65.58,9627,no
986,39.44,0,balon,balon,68.25,64.54,966,no
987,39.48,1,robot,Equipo A,55.72,27.31,13832,no
987,39.48,2,robot,Equipo A,17.62,51.05,5462,no
987,39.48,3,robot,Equipo B,155.43,67.5,0,no
987,39.48,4,robot,Equipo B,150.42,65.58,9627,no
987,39.48,0,balon,balon,68.2,64.62,942,no
988,39.52,1,robot,Equipo A,55.72,27.31,13832,no
988,39.52,2,robot,Equipo A,16.93,51.16,5462,no
988,39.52,3,robot,Equipo B,155.43,67.5,0,no
988,39.52,4,robot,Equipo B,150.42,65.58,9627,no
988,39.52,0,balon,balon,68.11,64.66,960,no
989,39.56,1,robot,Equipo A,55.72,27.31,13832,no
989,39.56,2,robot,Equipo A,16.18,51.27,5462,no
989,39.56,3,robot,Equipo B,155.43,67.5,0,no
989,39.56,4,robot,Equipo B,150.42,65.58,9627,no
989,39.56,0,balon,balon,68.06,64.68,949,no
990,39.6,1,robot,Equipo A,55.72,27.31,13905,no
990,39.6,2,robot,Equipo A,16.18,51.27,4769,no
990,39.6,3,robot,Equipo B,155.43,67.5,0,no
990,39.6,4,robot,Equipo B,150.42,65.58,9487,no
990,39.6,0,balon,balon,67.97,64.69,963,no
991,39.64,1,robot,Equipo A,55.72,27.31,13905,no
991,39.64,2,robot,Equipo A,16.18,51.27,4769,no
991,39.64,3,robot,Equipo B,155.43,67.5,0,no
991,39.64,4,robot,Equipo B,150.42,65.58,9476,no
991,39.64,0,balon,balon,67.92,64.7,960,no
992,39.68,1,robot,Equipo A,55.72,27.31,13905,no
992,39.68,2,robot,Equipo A,16.18,51.27,4769,no
992,39.68,3,robot,Equipo B,155.43,67.5,0,no
992,39.68,4,robot,Equipo B,150.42,65.58,9462,no
992,39.68,0,balon,balon,67.89,64.71,964,no
993,39.72,1,robot,Equipo A,55.72,27.31,13905,no
993,39.72,2,robot,Equipo A,16.68,51.24,4769,no
993,39.72,3,robot,Equipo B,155.43,67.5,0,no
993,39.72,4,robot,Equipo B,150.42,65.58,9445,no
993,39.72,0,balon,balon,67.88,64.71,968,no
994,39.76,1,robot,Equipo A,55.72,27.31,13905,no
994,39.76,2,robot,Equipo A,17.23,51.19,4769,no
994,39.76,3,robot,Equipo B,155.43,67.5,0,no
994,39.76,4,robot,Equipo B,150.42,65.58,9426,no
994,39.76,0,balon,balon,67.87,64.71,969,no
995,39.8,1,robot,Equipo A,55.72,27.31,13918,no
995,39.8,2,robot,Equipo A,17.23,51.19,5616,no
995,39.8,3,robot,Equipo B,155.43,67.5,0,no
995,39.8,4,robot,Equipo B,150.42,65.58,9679,no
995,39.8,0,balon,balon,67.87,64.71,973,no
996,39.84,1,robot,Equipo A,55.72,27.31,13918,no
996,39.84,2,robot,Equipo A,17.23,51.19,5627,no
996,39.84,3,robot,Equipo B,155.43,67.5,0,no
996,39.84,4,robot,Equipo B,150.42,65.58,9688,no
996,39.84,0,balon,balon,67.86,64.71,966,no
997,39.88,1,robot,Equipo A,55.72,27.31,13918,no
997,39.88,2,robot,Equipo A,17.23,51.19,5627,no
997,39.88,3,robot,Equipo B,155.43,67.5,0,no
997,39.88,4,robot,Equipo B,150.42,65.58,9694,no
997,39.88,0,balon,balon,67.86,64.78,964,no
998,39.92,1,robot,Equipo A,55.72,27.31,13918,no
998,39.92,2,robot,Equipo A,16.3,51.12,6852,no
998,39.92,3,robot,Equipo B,155.43,67.5,0,no
998,39.92,4,robot,Equipo B,150.42,65.58,9694,no
998,39.92,0,balon,balon,67.86,64.81,965,no
999,39.96,1,robot,Equipo A,55.72,27.31,13918,no
999,39.96,2,robot,Equipo A,15.82,51.3,5616,no
999,39.96,3,robot,Equipo B,154.29,67.23,9694,no
999,39.96,4,robot,Equipo B,150.42,65.58,0,no
999,39.96,0,balon,balon,67.86,64.9,965,no
1000,40.0,1,robot,Equipo A,55.72,27.31,13913,no
1000,40.0,2,robot,Equipo A,15.82,51.3,0,no
1000,40.0,3,robot,Equipo B,154.29,67.23,0,no
1000,40.0,4,robot,Equipo B,150.42,65.58,9620,no
1000,40.0,0,balon,balon,67.86,64.94,952,no
1001,40.04,1,robot,Equipo A,55.72,27.31,13913,no
1001,40.04,2,robot,Equipo A,15.82,51.3,0,no
1001,40.04,3,robot,Equipo B,154.29,67.23,0,no
1001,40.04,4,robot,Equipo B,150.42,65.58,9613,no
1001,40.04,0,balon,balon,67.8,65.03,953,no
1002,40.08,1,robot,Equipo A,55.57,27.8,13913,no
1002,40.08,2,robot,Equipo A,15.82,51.3,0,no
1002,40.08,3,robot,Equipo B,154.29,67.23,0,no
1002,40.08,4,robot,Equipo B,150.42,65.58,9602,no
1002,40.08,0,balon,balon,67.76,65.08,963,no
1003,40.12,1,robot,Equipo A,55.57,27.8,13913,no
1003,40.12,2,robot,Equipo A,15.82,51.3,0,no
1003,40.12,3,robot,Equipo B,154.29,67.23,0,no
1003,40.12,4,robot,Equipo B,150.42,65.58,9588,no
1003,40.12,0,balon,balon,67.74,65.11,963,no
1004,40.16,1,robot,Equipo A,55.57,27.8,13913,no
1004,40.16,2,robot,Equipo A,15.82,51.3,0,no
1004,40.16,3,robot,Equipo B,154.29,67.23,0,no
1004,40.16,4,robot,Equipo B,150.42,65.58,9572,no
1004,40.16,0,balon,balon,67.67,65.12,964,no
1005,40.2,1,robot,Equipo A,55.57,27.8,13926,no
1005,40.2,2,robot,Equipo A,15.82,51.3,0,no
1005,40.2,3,robot,Equipo B,154.29,67.23,0,no
1005,40.2,4,robot,Equipo B,150.42,65.58,9631,no
1005,40.2,0,balon,balon,67.56,65.13,963,no
1006,40.24,1,robot,Equipo A,55.57,27.8,13926,no
1006,40.24,2,robot,Equipo A,15.82,51.3,0,no
1006,40.24,3,robot,Equipo B,154.29,67.23,0,no
1006,40.24,4,robot,Equipo B,150.42,65.58,9631,no
1006,40.24,0,balon,balon,67.44,65.07,949,no
1007,40.28,1,robot,Equipo A,55.57,27.8,13926,no
1007,40.28,2,robot,Equipo A,15.82,51.3,0,no
1007,40.28,3,robot,Equipo B,154.29,67.23,0,no
1007,40.28,4,robot,Equipo B,150.42,65.58,9631,no
1007,40.28,0,balon,balon,67.31,65.04,954,no
1008,40.32,1,robot,Equipo A,55.57,27.8,13926,no
1008,40.32,2,robot,Equipo A,15.82,51.3,0,no
1008,40.32,3,robot,Equipo B,154.29,67.23,0,no
1008,40.32,4,robot,Equipo B,150.42,65.58,9631,no
1008,40.32,0,balon,balon,67.17,64.96,963,no
1009,40.36,1,robot,Equipo A,55.57,27.8,13926,no
1009,40.36,2,robot,Equipo A,15.82,51.3,0,no
1009,40.36,3,robot,Equipo B,154.29,67.23,0,no
1009,40.36,4,robot,Equipo B,150.42,65.58,9631,no
1009,40.36,0,balon,balon,67.04,64.91,950,no
1010,40.4,1,robot,Equipo A,55.57,27.8,13957,no
1010,40.4,2,robot,Equipo A,15.82,51.3,0,no
1010,40.4,3,robot,Equipo B,154.29,67.23,0,no
1010,40.4,4,robot,Equipo B,150.42,65.58,9539,no
1010,40.4,0,balon,balon,66.89,64.82,960,no
1011,40.44,1,robot,Equipo A,55.57,27.8,13957,no
1011,40.44,2,robot,Equipo A,15.82,51.3,0,no
1011,40.44,3,robot,Equipo B,154.29,67.23,0,no
1011,40.44,4,robot,Equipo B,150.42,65.58,9522,no
1011,40.44,0,balon,balon,66.75,64.77,964,no
1012,40.48,1,robot,Equipo A,55.57,27.8,13957,no
1012,40.48,2,robot,Equipo A,15.82,51.3,0,no
1012,40.48,3,robot,Equipo B,154.29,67.23,0,no
1012,40.48,4,robot,Equipo B,150.42,65.58,9496,no
1012,40.48,0,balon,balon,66.68,64.74,962,no
1013,40.52,1,robot,Equipo A,55.57,27.8,13957,no
1013,40.52,2,robot,Equipo A,15.82,51.3,0,no
1013,40.52,3,robot,Equipo B,154.29,67.23,0,no
1013,40.52,4,robot,Equipo B,150.42,65.58,9460,no
1013,40.52,0,balon,balon,66.63,64.67,960,no
1014,40.56,1,robot,Equipo A,55.57,27.8,13957,no
1014,40.56,2,robot,Equipo A,15.82,51.3,0,no
1014,40.56,3,robot,Equipo B,154.29,67.23,0,no
1014,40.56,4,robot,Equipo B,150.42,65.58,9416,no
1014,40.56,0,balon,balon,66.61,64.62,959,no
1015,40.6,1,robot,Equipo A,55.57,27.8,13991,no
1015,40.6,2,robot,Equipo A,15.82,51.3,0,no
1015,40.6,3,robot,Equipo B,154.29,67.23,0,no
1015,40.6,4,robot,Equipo B,150.42,65.58,9544,no
1015,40.6,0,balon,balon,66.6,64.6,958,no
1016,40.64,1,robot,Equipo A,55.57,27.8,13991,no
1016,40.64,2,robot,Equipo A,15.82,51.3,0,no
1016,40.64,3,robot,Equipo B,154.29,67.23,0,no
1016,40.64,4,robot,Equipo B,150.42,65.58,9575,no
1016,40.64,0,balon,balon,66.59,64.59,965,no
1017,40.68,1,robot,Equipo A,55.57,27.8,13991,no
1017,40.68,2,robot,Equipo A,15.82,51.3,0,no
1017,40.68,3,robot,Equipo B,154.29,67.23,0,no
1017,40.68,4,robot,Equipo B,150.42,65.58,9591,no
1017,40.68,0,balon,balon,66.65,64.58,963,no
1018,40.72,1,robot,Equipo A,55.57,27.8,13991,no
1018,40.72,2,robot,Equipo A,15.82,51.3,0,no
1018,40.72,3,robot,Equipo B,154.29,67.23,0,no
1018,40.72,4,robot,Equipo B,150.42,65.58,9604,no
1018,40.72,0,balon,balon,66.68,64.57,953,no
1019,40.76,1,robot,Equipo A,55.57,27.8,13991,no
1019,40.76,2,robot,Equipo A,15.82,51.3,0,no
1019,40.76,3,robot,Equipo B,154.29,67.23,0,no
1019,40.76,4,robot,Equipo B,150.42,65.58,9614,no
1019,40.76,0,balon,balon,66.77,64.57,959,no
1020,40.8,1,robot,Equipo A,55.57,27.8,13951,no
1020,40.8,2,robot,Equipo A,15.82,51.3,0,no
1020,40.8,3,robot,Equipo B,154.29,67.23,0,no
1020,40.8,4,robot,Equipo B,150.42,65.58,9564,no
1020,40.8,0,balon,balon,66.88,64.57,959,no
1021,40.84,1,robot,Equipo A,55.57,27.8,13951,no
1021,40.84,2,robot,Equipo A,15.82,51.3,0,no
1021,40.84,3,robot,Equipo B,154.29,67.23,0,no
1021,40.84,4,robot,Equipo B,150.42,65.58,9526,no
1021,40.84,0,balon,balon,67.0,64.57,968,no
1022,40.88,1,robot,Equipo A,55.57,27.8,13951,no
1022,40.88,2,robot,Equipo A,15.82,51.3,0,no
1022,40.88,3,robot,Equipo B,154.29,67.23,0,no
1022,40.88,4,robot,Equipo B,150.42,65.58,9482,no
1022,40.88,0,balon,balon,67.13,64.63,954,no
1023,40.92,1,robot,Equipo A,55.57,27.8,13951,no
1023,40.92,2,robot,Equipo A,15.82,51.3,0,no
1023,40.92,3,robot,Equipo B,154.29,67.23,0,no
1023,40.92,4,robot,Equipo B,150.42,65.58,9420,no
1023,40.92,0,balon,balon,67.2,64.67,956,no
1024,40.96,1,robot,Equipo A,55.57,27.8,13951,no
1024,40.96,2,robot,Equipo A,15.82,51.3,0,no
1024,40.96,3,robot,Equipo B,154.29,67.23,0,no
1024,40.96,4,robot,Equipo B,150.42,65.58,9315,no
1024,40.96,0,balon,balon,67.3,64.69,966,no
1025,41.0,1,robot,Equipo A,55.57,27.8,13911,no
1025,41.0,2,robot,Equipo A,15.82,51.3,0,no
1025,41.0,3,robot,Equipo B,154.29,67.23,0,no
1025,41.0,4,robot,Equipo B,150.42,65.58,9542,no
1025,41.0,0,balon,balon,67.36,64.76,967,no
1026,41.04,1,robot,Equipo A,55.57,27.8,13911,no
1026,41.04,2,robot,Equipo A,15.82,51.3,0,no
1026,41.04,3,robot,Equipo B,154.29,67.23,0,no
1026,41.04,4,robot,Equipo B,150.42,65.58,9557,no
1026,41.04,0,balon,balon,67.39,64.81,969,no
1027,41.08,1,robot,Equipo A,55.57,27.8,13911,no
1027,41.08,2,robot,Equipo A,15.82,51.3,0,no
1027,41.08,3,robot,Equipo B,154.29,67.23,0,no
1027,41.08,4,robot,Equipo B,150.42,65.58,9568,no
1027,41.08,0,balon,balon,67.41,64.89,967,no
1028,41.12,1,robot,Equipo A,55.57,27.8,13911,no
1028,41.12,2,robot,Equipo A,15.82,51.3,0,no
1028,41.12,3,robot,Equipo B,154.29,67.23,0,no
1028,41.12,4,robot,Equipo B,150.42,65.58,9576,no
1028,41.12,0,balon,balon,67.36,64.94,957,no
1029,41.16,1,robot,Equipo A,55.57,27.8,13911,no
1029,41.16,2,robot,Equipo A,15.82,51.3,0,no
1029,41.16,3,robot,Equipo B,154.29,67.23,0,no
1029,41.16,4,robot,Equipo B,150.42,65.58,9576,no
1029,41.16,0,balon,balon,67.33,64.97,963,no
1030,41.2,1,robot,Equipo A,55.57,27.8,13913,no
1030,41.2,2,robot,Equipo A,15.82,51.3,4056,no
1030,41.2,3,robot,Equipo B,154.29,67.23,0,no
1030,41.2,4,robot,Equipo B,150.42,65.58,9620,no
1030,41.2,0,balon,balon,67.25,64.92,959,no
1031,41.24,1,robot,Equipo A,55.57,27.8,13913,no
1031,41.24,2,robot,Equipo A,15.82,51.3,4056,no
1031,41.24,3,robot,Equipo B,154.29,67.23,0,no
1031,41.24,4,robot,Equipo B,150.42,65.58,9603,no
1031,41.24,0,balon,balon,67.2,64.89,961,no
1032,41.28,1,robot,Equipo A,55.57,27.8,13913,no
1032,41.28,2,robot,Equipo A,15.82,51.3,4056,no
1032,41.28,3,robot,Equipo B,154.29,67.23,0,no
1032,41.28,4,robot,Equipo B,150.42,65.58,9577,no
1032,41.28,0,balon,balon,67.18,64.81,952,no
1033,41.32,1,robot,Equipo A,55.22,28.19,13913,no
1033,41.32,2,robot,Equipo A,15.82,51.3,4056,no
1033,41.32,3,robot,Equipo B,154.29,67.23,0,no
1033,41.32,4,robot,Equipo B,150.42,65.58,9541,no
1033,41.32,0,balon,balon,67.1,64.77,954,no
1034,41.36,1,robot,Equipo A,55.22,28.19,13913,no
1034,41.36,2,robot,Equipo A,15.82,51.3,4056,no
1034,41.36,3,robot,Equipo B,154.29,67.23,0,no
1034,41.36,4,robot,Equipo B,150.42,65.58,9497,no
1034,41.36,0,balon,balon,67.06,64.68,964,no
1035,41.4,1,robot,Equipo A,55.22,28.19,13942,no
1035,41.4,2,robot,Equipo A,15.82,51.3,0,no
1035,41.4,3,robot,Equipo B,154.29,67.23,0,no
1035,41.4,4,robot,Equipo B,150.42,65.58,9396,no
1035,41.4,0,balon,balon,67.04,64.63,964,no
1036,41.44,1,robot,Equipo A,55.22,28.19,13942,no
1036,41.44,2,robot,Equipo A,15.82,51.3,0,no
1036,41.44,3,robot,Equipo B,154.29,67.23,0,no
1036,41.44,4,robot,Equipo B,150.42,65.58,9396,no
1036,41.44,0,balon,balon,67.03,64.6,964,no
1037,41.48,1,robot,Equipo A,55.22,28.19,13942,no
1037,41.48,2,robot,Equipo A,15.82,51.3,0,no
1037,41.48,3,robot,Equipo B,154.29,67.23,0,no
1037,41.48,4,robot,Equipo B,150.42,65.58,9396,no
1037,41.48,0,balon,balon,67.02,64.52,964,no
1038,41.52,1,robot,Equipo A,55.22,28.19,13942,no
1038,41.52,2,robot,Equipo A,15.82,51.3,0,no
1038,41.52,3,robot,Equipo B,154.29,67.23,0,no
1038,41.52,4,robot,Equipo B,150.42,65.58,9396,no
1038,41.52,0,balon,balon,67.01,64.48,952,no
1039,41.56,1,robot,Equipo A,55.22,28.19,13942,no
1039,41.56,2,robot,Equipo A,15.82,51.3,0,no
1039,41.56,3,robot,Equipo B,154.29,67.23,0,no
1039,41.56,4,robot,Equipo B,150.42,65.58,9396,no
1039,41.56,0,balon,balon,67.08,64.45,962,no
1040,41.6,1,robot,Equipo A,55.22,28.19,13989,no
1040,41.6,2,robot,Equipo A,15.82,51.3,0,no
1040,41.6,3,robot,Equipo B,154.29,67.23,0,no
1040,41.6,4,robot,Equipo B,150.42,65.58,9324,no
1040,41.6,0,balon,balon,67.17,64.44,959,no
1041,41.64,1,robot,Equipo A,55.22,28.19,13989,no
1041,41.64,2,robot,Equipo A,15.82,51.3,0,no
1041,41.64,3,robot,Equipo B,154.29,67.23,0,no
1041,41.64,4,robot,Equipo B,150.42,65.58,9324,no
1041,41.64,0,balon,balon,67.23,64.43,967,no
1042,41.68,1,robot,Equipo A,55.22,28.19,13989,no
1042,41.68,2,robot,Equipo A,15.82,51.3,0,no
1042,41.68,3,robot,Equipo B,154.29,67.23,0,no
1042,41.68,4,robot,Equipo B,150.42,65.58,9324,no
1042,41.68,0,balon,balon,67.32,64.49,968,no
1043,41.72,1,robot,Equipo A,55.22,28.19,13989,no
1043,41.72,2,robot,Equipo A,15.82,51.3,0,no
1043,41.72,3,robot,Equipo B,154.29,67.23,0,no
1043,41.72,4,robot,Equipo B,150.42,65.58,9324,no
1043,41.72,0,balon,balon,67.37,64.53,963,no
1044,41.76,1,robot,Equipo A,55.22,28.19,13989,no
1044,41.76,2,robot,Equipo A,15.82,51.3,0,no
1044,41.76,3,robot,Equipo B,154.29,67.23,0,no
1044,41.76,4,robot,Equipo B,150.42,65.58,9324,no
1044,41.76,0,balon,balon,67.46,64.61,955,no
1045,41.8,1,robot,Equipo A,55.22,28.19,13914,no
1045,41.8,2,robot,Equipo A,15.82,51.3,0,no
1045,41.8,3,robot,Equipo B,154.29,67.23,0,no
1045,41.8,4,robot,Equipo B,150.42,65.58,9384,no
1045,41.8,0,balon,balon,67.52,64.65,961,no
1046,41.84,1,robot,Equipo A,55.22,28.19,13914,no
1046,41.84,2,robot,Equipo A,15.82,51.3,0,no
1046,41.84,3,robot,Equipo B,154.29,67.23,0,no
1046,41.84,4,robot,Equipo B,150.42,65.58,9384,no
1046,41.84,0,balon,balon,67.54,64.68,962,no
1047,41.88,1,robot,Equipo A,55.22,28.19,13914,no
1047,41.88,2,robot,Equipo A,15.82,51.3,0,no
1047,41.88,3,robot,Equipo B,154.29,67.23,0,no
1047,41.88,4,robot,Equipo B,150.42,65.58,9384,no
1047,41.88,0,balon,balon,67.56,64.76,964,no
1048,41.92,1,robot,Equipo A,55.22,28.19,13914,no
1048,41.92,2,robot,Equipo A,15.82,51.3,0,no
1048,41.92,3,robot,Equipo B,154.29,67.23,0,no
1048,41.92,4,robot,Equipo B,150.42,65.58,9384,no
1048,41.92,0,balon,balon,67.57,64.81,963,no
1049,41.96,1,robot,Equipo A,55.22,28.19,13914,no
1049,41.96,2,robot,Equipo A,15.82,51.3,0,no
1049,41.96,3,robot,Equipo B,154.29,67.23,0,no
1049,41.96,4,robot,Equipo B,150.42,65.58,9384,no
1049,41.96,0,balon,balon,67.57,64.76,950,no
1050,42.0,1,robot,Equipo A,55.22,28.19,13910,no
1050,42.0,2,robot,Equipo A,15.82,51.3,0,no
1050,42.0,3,robot,Equipo B,154.29,67.23,0,no
1050,42.0,4,robot,Equipo B,150.42,65.58,9383,no
1050,42.0,0,balon,balon,67.51,64.74,960,no
1051,42.04,1,robot,Equipo A,55.22,28.19,13910,no
1051,42.04,2,robot,Equipo A,15.82,51.3,0,no
1051,42.04,3,robot,Equipo B,154.29,67.23,0,no
1051,42.04,4,robot,Equipo B,150.42,65.58,9383,no
1051,42.04,0,balon,balon,67.47,64.73,961,no
1052,42.08,1,robot,Equipo A,55.22,28.19,13910,no
1052,42.08,2,robot,Equipo A,15.82,51.3,0,no
1052,42.08,3,robot,Equipo B,154.29,67.23,0,no
1052,42.08,4,robot,Equipo B,150.42,65.58,9383,no
1052,42.08,0,balon,balon,67.45,64.66,963,no
1053,42.12,1,robot,Equipo A,55.22,28.19,13910,no
1053,42.12,2,robot,Equipo A,15.82,51.3,0,no
1053,42.12,3,robot,Equipo B,154.29,67.23,0,no
1053,42.12,4,robot,Equipo B,150.42,65.58,9383,no
1053,42.12,0,balon,balon,67.44,64.62,966,no
1054,42.16,1,robot,Equipo A,55.22,28.19,13910,no
1054,42.16,2,robot,Equipo A,15.82,51.3,0,no
1054,42.16,3,robot,Equipo B,154.29,67.23,0,no
1054,42.16,4,robot,Equipo B,150.42,65.58,9383,no
1054,42.16,0,balon,balon,67.44,64.53,962,no
1055,42.2,1,robot,Equipo A,55.22,28.19,13883,no
1055,42.2,2,robot,Equipo A,16.28,51.55,2419,no
1055,42.2,3,robot,Equipo B,154.29,67.23,0,no
1055,42.2,4,robot,Equipo B,150.42,65.58,9203,no
1055,42.2,0,balon,balon,67.5,64.48,959,no
1056,42.24,1,robot,Equipo A,55.22,28.19,13883,no
1056,42.24,2,robot,Equipo A,16.77,51.73,2419,no
1056,42.24,3,robot,Equipo B,154.29,67.23,0,no
1056,42.24,4,robot,Equipo B,150.42,65.58,9203,no
1056,42.24,0,balon,balon,67.54,64.39,961,no
1057,42.28,1,robot,Equipo A,55.22,28.19,13883,no
1057,42.28,2,robot,Equipo A,17.27,51.84,2419,no
1057,42.28,3,robot,Equipo B,154.29,67.23,0,no
1057,42.28,4,robot,Equipo B,150.42,65.58,9203,no
1057,42.28,0,balon,balon,67.62,64.27,961,no
1058,42.32,1,robot,Equipo A,55.22,28.19,13883,no
1058,42.32,2,robot,Equipo A,17.78,51.9,2419,no
1058,42.32,3,robot,Equipo B,154.29,67.23,0,no
1058,42.32,4,robot,Equipo B,150.42,65.58,9203,no
1058,42.32,0,balon,balon,67.66,64.15,962,no
1059,42.36,1,robot,Equipo A,55.22,28.19,13883,no
1059,42.36,2,robot,Equipo A,18.3,51.92,2419,no
1059,42.36,3,robot,Equipo B,154.29,67.23,0,no
1059,42.36,4,robot,Equipo B,150.42,65.58,9203,no
1059,42.36,0,balon,balon,67.69,64.01,965,no
1060,42.4,1,robot,Equipo A,55.22,28.19,13862,no
1060,42.4,2,robot,Equipo A,18.3,51.92,0,no
1060,42.4,3,robot,Equipo B,154.29,67.23,0,no
1060,42.4,4,robot,Equipo B,150.42,65.58,9111,no
1060,42.4,0,balon,balon,67.7,63.93,962,no
1061,42.44,1,robot,Equipo A,55.22,28.19,13862,no
1061,42.44,2,robot,Equipo A,18.3,51.92,0,no
1061,42.44,3,robot,Equipo B,154.29,67.23,0,no
1061,42.44,4,robot,Equipo B,150.42,65.58,9032,no
1061,42.44,0,balon,balon,67.71,63.89,962,no
1062,42.48,1,robot,Equipo A,55.22,28.19,13862,no
1062,42.48,2,robot,Equipo A,18.3,51.92,0,no
1062,42.48,3,robot,Equipo B,154.29,67.23,0,no
1062,42.48,4,robot,Equipo B,150.42,65.58,8945,no
1062,42.48,0,balon,balon,67.71,63.87,964,no
1063,42.52,1,robot,Equipo A,55.22,28.19,13862,no
1063,42.52,2,robot,Equipo A,18.3,51.92,0,no
1063,42.52,3,robot,Equipo B,154.29,67.23,0,no
1063,42.52,4,robot,Equipo B,150.42,65.58,8856,no
1063,42.52,0,balon,balon,67.72,63.86,972,no
1064,42.56,1,robot,Equipo A,55.22,28.19,13862,no
1064,42.56,2,robot,Equipo A,18.3,51.92,0,no
1064,42.56,3,robot,Equipo B,154.29,67.23,0,no
1064,42.56,4,robot,Equipo B,150.42,65.58,8748,no
1064,42.56,0,balon,balon,67.72,63.85,963,no
1065,42.6,1,robot,Equipo A,55.22,28.19,13894,no
1065,42.6,2,robot,Equipo A,18.3,51.92,0,no
1065,42.6,3,robot,Equipo B,154.29,67.23,0,no
1065,42.6,4,robot,Equipo B,150.42,65.58,8966,no
1065,42.6,0,balon,balon,67.72,63.84,969,no
1066,42.64,1,robot,Equipo A,55.22,28.19,13894,no
1066,42.64,2,robot,Equipo A,18.3,51.92,0,no
1066,42.64,3,robot,Equipo B,154.29,67.23,0,no
1066,42.64,4,robot,Equipo B,150.42,65.58,9043,no
1066,42.64,0,balon,balon,67.72,63.84,967,no
1067,42.68,1,robot,Equipo A,55.22,28.19,13894,no
1067,42.68,2,robot,Equipo A,18.3,51.92,0,no
1067,42.68,3,robot,Equipo B,154.29,67.23,0,no
1067,42.68,4,robot,Equipo B,150.42,65.58,9094,no
1067,42.68,0,balon,balon,67.66,63.91,957,no
1068,42.72,1,robot,Equipo A,55.22,28.19,13894,no
1068,42.72,2,robot,Equipo A,18.3,51.92,0,no
1068,42.72,3,robot,Equipo B,154.29,67.23,0,no
1068,42.72,4,robot,Equipo B,150.42,65.58,9135,no
1068,42.72,0,balon,balon,67.62,63.95,965,no
1069,42.76,1,robot,Equipo A,55.22,28.19,13894,no
1069,42.76,2,robot,Equipo A,18.3,51.92,0,no
1069,42.76,3,robot,Equipo B,154.29,67.23,0,no
1069,42.76,4,robot,Equipo B,150.42,65.58,9170,no
1069,42.76,0,balon,balon,67.6,64.03,962,no
1070,42.8,1,robot,Equipo A,55.22,28.19,13921,no
1070,42.8,2,robot,Equipo A,18.3,51.92,0,no
1070,42.8,3,robot,Equipo B,154.29,67.23,0,no
1070,42.8,4,robot,Equipo B,150.42,65.58,9117,no
1070,42.8,0,balon,balon,67.53,64.07,953,no
1071,42.84,1,robot,Equipo A,55.22,28.19,13921,no
1071,42.84,2,robot,Equipo A,18.3,51.92,0,no
1071,42.84,3,robot,Equipo B,154.29,67.23,0,no
1071,42.84,4,robot,Equipo B,150.42,65.58,9117,no
1071,42.84,0,balon,balon,67.48,64.17,960,no
1072,42.88,1,robot,Equipo A,55.22,28.19,13921,no
1072,42.88,2,robot,Equipo A,18.3,51.92,0,no
1072,42.88,3,robot,Equipo B,154.29,67.23,0,no
1072,42.88,4,robot,Equipo B,150.42,65.58,9117,no
1072,42.88,0,balon,balon,67.46,64.28,965,no
1073,42.92,1,robot,Equipo A,55.22,28.19,13921,no
1073,42.92,2,robot,Equipo A,18.3,51.92,0,no
1073,42.92,3,robot,Equipo B,154.29,67.23,0,no
1073,42.92,4,robot,Equipo B,150.42,65.58,9117,no
1073,42.92,0,balon,balon,67.45,64.34,956,no
1074,42.96,1,robot,Equipo A,55.22,28.19,13921,no
1074,42.96,2,robot,Equipo A,18.3,51.92,0,no
1074,42.96,3,robot,Equipo B,154.29,67.23,0,no
1074,42.96,4,robot,Equipo B,150.42,65.58,9117,no
1074,42.96,0,balon,balon,67.38,64.38,961,no
1075,43.0,1,robot,Equipo A,55.22,28.19,13899,no
1075,43.0,2,robot,Equipo A,18.3,51.92,0,no
1075,43.0,3,robot,Equipo B,154.29,67.23,0,no
1075,43.0,4,robot,Equipo B,150.42,65.58,9109,no
1075,43.0,0,balon,balon,67.34,64.4,963,no
1076,43.04,1,robot,Equipo A,55.22,28.19,13899,no
1076,43.04,2,robot,Equipo A,18.3,51.92,0,no
1076,43.04,3,robot,Equipo B,154.29,67.23,0,no
1076,43.04,4,robot,Equipo B,150.42,65.58,9109,no
1076,43.04,0,balon,balon,67.32,64.41,961,no
1077,43.08,1,robot,Equipo A,55.22,28.19,13899,no
1077,43.08,2,robot,Equipo A,18.3,51.92,0,no
1077,43.08,3,robot,Equipo B,154.29,67.23,0,no
1077,43.08,4,robot,Equipo B,150.42,65.58,9109,no
1077,43.08,0,balon,balon,67.3,64.41,966,no
1078,43.12,1,robot,Equipo A,55.22,28.19,13899,no
1078,43.12,2,robot,Equipo A,18.3,51.92,0,no
1078,43.12,3,robot,Equipo B,154.29,67.23,0,no
1078,43.12,4,robot,Equipo B,150.42,65.58,9109,no
1078,43.12,0,balon,balon,67.3,64.35,968,no
1079,43.16,1,robot,Equipo A,55.22,28.19,13899,no
1079,43.16,2,robot,Equipo A,18.3,51.92,0,no
1079,43.16,3,robot,Equipo B,154.29,67.23,0,no
1079,43.16,4,robot,Equipo B,150.42,65.58,9109,no
1079,43.16,0,balon,balon,67.29,64.38,963,no
1080,43.2,1,robot,Equipo A,55.22,28.19,13909,no
1080,43.2,2,robot,Equipo A,18.3,51.92,0,no
1080,43.2,3,robot,Equipo B,154.29,67.23,0,no
1080,43.2,4,robot,Equipo B,150.42,65.58,9127,no
1080,43.2,0,balon,balon,67.29,64.4,954,no
1081,43.24,1,robot,Equipo A,55.22,28.19,13909,no
1081,43.24,2,robot,Equipo A,18.3,51.92,0,no
1081,43.24,3,robot,Equipo B,154.29,67.23,0,no
1081,43.24,4,robot,Equipo B,150.42,65.58,9127,no
1081,43.24,0,balon,balon,67.29,64.41,958,no
1082,43.28,1,robot,Equipo A,55.22,28.19,13909,no
1082,43.28,2,robot,Equipo A,18.3,51.92,0,no
1082,43.28,3,robot,Equipo B,154.29,67.23,0,no
1082,43.28,4,robot,Equipo B,150.42,65.58,9127,no
1082,43.28,0,balon,balon,67.35,64.41,959,no
1083,43.32,1,robot,Equipo A,55.22,28.19,13909,no
1083,43.32,2,robot,Equipo A,18.3,51.92,0,no
1083,43.32,3,robot,Equipo B,154.29,67.23,0,no
1083,43.32,4,robot,Equipo B,150.42,65.58,9127,no
1083,43.32,0,balon,balon,67.39,64.35,969,no
1084,43.36,1,robot,Equipo A,55.22,28.19,13909,no
1084,43.36,2,robot,Equipo A,18.3,51.92,0,no
1084,43.36,3,robot,Equipo B,154.29,67.23,0,no
1084,43.36,4,robot,Equipo B,150.42,65.58,9127,no
1084,43.36,0,balon,balon,67.41,64.32,970,no
1085,43.4,1,robot,Equipo A,55.22,28.19,13909,no
1085,43.4,2,robot,Equipo A,18.3,51.92,0,no
1085,43.4,3,robot,Equipo B,154.29,67.23,0,no
1085,43.4,4,robot,Equipo B,150.42,65.58,9145,no
1085,43.4,0,balon,balon,67.42,64.3,971,no
1086,43.44,1,robot,Equipo A,55.22,28.19,13909,no
1086,43.44,2,robot,Equipo A,18.3,51.92,0,no
1086,43.44,3,robot,Equipo B,154.29,67.23,0,no
1086,43.44,4,robot,Equipo B,150.42,65.58,9145,no
1086,43.44,0,balon,balon,67.42,64.29,967,no
1087,43.48,1,robot,Equipo A,55.22,28.19,13909,no
1087,43.48,2,robot,Equipo A,18.3,51.92,0,no
1087,43.48,3,robot,Equipo B,154.29,67.23,0,no
1087,43.48,4,robot,Equipo B,150.42,65.58,9145,no
1087,43.48,0,balon,balon,67.43,64.29,967,no
1088,43.52,1,robot,Equipo A,55.22,28.19,13909,no
1088,43.52,2,robot,Equipo A,18.3,51.92,0,no
1088,43.52,3,robot,Equipo B,154.29,67.23,0,no
1088,43.52,4,robot,Equipo B,150.42,65.58,9145,no
1088,43.52,0,balon,balon,67.43,64.28,962,no
1089,43.56,1,robot,Equipo A,55.22,28.19,13909,no
1089,43.56,2,robot,Equipo A,18.3,51.92,0,no
1089,43.56,3,robot,Equipo B,154.29,67.23,0,no
1089,43.56,4,robot,Equipo B,150.42,65.58,9145,no
1089,43.56,0,balon,balon,67.43,64.21,969,no
1090,43.6,1,robot,Equipo A,55.22,28.19,13924,no
1090,43.6,2,robot,Equipo A,18.3,51.92,0,no
1090,43.6,3,robot,Equipo B,154.29,67.23,0,no
1090,43.6,4,robot,Equipo B,150.42,65.58,9205,no
1090,43.6,0,balon,balon,67.43,64.18,969,no
1091,43.64,1,robot,Equipo A,55.22,28.19,13924,no
1091,43.64,2,robot,Equipo A,18.3,51.92,0,no
1091,43.64,3,robot,Equipo B,154.29,67.23,0,no
1091,43.64,4,robot,Equipo B,150.42,65.58,9205,no
1091,43.64,0,balon,balon,67.43,64.16,972,no
1092,43.68,1,robot,Equipo A,55.22,28.19,13924,no
1092,43.68,2,robot,Equipo A,18.3,51.92,0,no
1092,43.68,3,robot,Equipo B,154.29,67.23,0,no
1092,43.68,4,robot,Equipo B,150.42,65.58,9205,no
1092,43.68,0,balon,balon,67.43,64.08,970,no
1093,43.72,1,robot,Equipo A,55.22,28.19,13924,no
1093,43.72,2,robot,Equipo A,18.3,51.92,0,no
1093,43.72,3,robot,Equipo B,154.29,67.23,0,no
1093,43.72,4,robot,Equipo B,150.42,65.58,9205,no
1093,43.72,0,balon,balon,67.5,64.04,954,no
1094,43.76,1,robot,Equipo A,55.22,28.19,13924,no
1094,43.76,2,robot,Equipo A,18.3,51.92,0,no
1094,43.76,3,robot,Equipo B,154.29,67.23,0,no
1094,43.76,4,robot,Equipo B,150.42,65.58,9205,no
1094,43.76,0,balon,balon,67.53,64.02,958,no
1095,43.8,1,robot,Equipo A,55.22,28.19,13922,no
1095,43.8,2,robot,Equipo A,18.3,51.92,0,no
1095,43.8,3,robot,Equipo B,154.29,67.23,0,no
1095,43.8,4,robot,Equipo B,150.42,65.58,9292,no
1095,43.8,0,balon,balon,67.56,64.01,955,no
1096,43.84,1,robot,Equipo A,55.22,28.19,13922,no
1096,43.84,2,robot,Equipo A,18.3,51.92,0,no
1096,43.84,3,robot,Equipo B,154.29,67.23,0,no
1096,43.84,4,robot,Equipo B,150.42,65.58,9292,no
1096,43.84,0,balon,balon,67.57,64.0,953,no
1097,43.88,1,robot,Equipo A,55.22,28.19,13922,no
1097,43.88,2,robot,Equipo A,18.3,51.92,0,no
1097,43.88,3,robot,Equipo B,154.29,67.23,0,no
1097,43.88,4,robot,Equipo B,150.42,65.58,9292,no
1097,43.88,0,balon,balon,67.5,63.99,954,no
1098,43.92,1,robot,Equipo A,55.22,28.19,13922,no
1098,43.92,2,robot,Equipo A,18.3,51.92,0,no
1098,43.92,3,robot,Equipo B,154.29,67.23,0,no
1098,43.92,4,robot,Equipo B,150.42,65.58,9292,no
1098,43.92,0,balon,balon,67.47,63.99,966,no
1099,43.96,1,robot,Equipo A,55.22,28.19,13922,no
1099,43.96,2,robot,Equipo A,18.3,51.92,0,no
1099,43.96,3,robot,Equipo B,154.29,67.23,0,no
1099,43.96,4,robot,Equipo B,150.42,65.58,9292,no
1099,43.96,0,balon,balon,67.52,63.99,960,no
1100,44.0,1,robot,Equipo A,55.22,28.19,13909,no
1100,44.0,2,robot,Equipo A,18.3,51.92,0,no
1100,44.0,3,robot,Equipo B,154.29,67.23,0,no
1100,44.0,4,robot,Equipo B,150.42,65.58,9329,no
1100,44.0,0,balon,balon,67.55,63.99,954,no
1101,44.04,1,robot,Equipo A,55.22,28.19,13909,no
1101,44.04,2,robot,Equipo A,18.3,51.92,0,no
1101,44.04,3,robot,Equipo B,154.29,67.23,0,no
1101,44.04,4,robot,Equipo B,150.42,65.58,9329,no
1101,44.04,0,balon,balon,67.56,63.99,968,no
1102,44.08,1,robot,Equipo A,55.22,28.19,13909,no
1102,44.08,2,robot,Equipo A,18.3,51.92,0,no
1102,44.08,3,robot,Equipo B,154.29,67.23,0,no
1102,44.08,4,robot,Equipo B,150.42,65.58,9329,no
1102,44.08,0,balon,balon,67.57,63.99,965,no
1103,44.12,1,robot,Equipo A,55.22,28.19,13909,no
1103,44.12,2,robot,Equipo A,18.3,51.92,0,no
1103,44.12,3,robot,Equipo B,154.29,67.23,0,no
1103,44.12,4,robot,Equipo B,150.42,65.58,9329,no
1103,44.12,0,balon,balon,67.57,63.99,973,no
1104,44.16,1,robot,Equipo A,55.22,28.19,13909,no
1104,44.16,2,robot,Equipo A,18.3,51.92,0,no
1104,44.16,3,robot,Equipo B,154.29,67.23,0,no
1104,44.16,4,robot,Equipo B,150.42,65.58,9329,no
1104,44.16,0,balon,balon,67.58,63.99,966,no
1105,44.2,1,robot,Equipo A,55.22,28.19,13965,no
1105,44.2,2,robot,Equipo A,18.3,51.92,0,no
1105,44.2,3,robot,Equipo B,154.29,67.23,0,no
1105,44.2,4,robot,Equipo B,150.42,65.58,9204,no
1105,44.2,0,balon,balon,67.58,63.99,966,no
1106,44.24,1,robot,Equipo A,55.22,28.19,13965,no
1106,44.24,2,robot,Equipo A,18.3,51.92,0,no
1106,44.24,3,robot,Equipo B,154.29,67.23,0,no
1106,44.24,4,robot,Equipo B,150.42,65.58,9204,no
1106,44.24,0,balon,balon,67.58,64.05,969,no
1107,44.28,1,robot,Equipo A,55.22,28.19,13965,no
1107,44.28,2,robot,Equipo A,18.3,51.92,0,no
1107,44.28,3,robot,Equipo B,154.29,67.23,0,no
1107,44.28,4,robot,Equipo B,150.42,65.58,9204,no
1107,44.28,0,balon,balon,67.58,64.09,966,no
1108,44.32,1,robot,Equipo A,55.22,28.19,13965,no
1108,44.32,2,robot,Equipo A,18.3,51.92,0,no
1108,44.32,3,robot,Equipo B,154.29,67.23,0,no
1108,44.32,4,robot,Equipo B,150.42,65.58,9204,no
1108,44.32,0,balon,balon,67.58,64.11,966,no
1109,44.36,1,robot,Equipo A,55.22,28.19,13965,no
1109,44.36,2,robot,Equipo A,18.3,51.92,0,no
1109,44.36,3,robot,Equipo B,154.29,67.23,0,no
1109,44.36,4,robot,Equipo B,150.42,65.58,9204,no
1109,44.36,0,balon,balon,67.58,64.05,965,no
1110,44.4,1,robot,Equipo A,55.22,28.19,13985,no
1110,44.4,2,robot,Equipo A,18.3,51.92,0,no
1110,44.4,3,robot,Equipo B,154.29,67.23,0,no
1110,44.4,4,robot,Equipo B,150.42,65.58,9333,no
1110,44.4,0,balon,balon,67.58,64.03,968,no
1111,44.44,1,robot,Equipo A,55.22,28.19,13985,no
1111,44.44,2,robot,Equipo A,18.3,51.92,0,no
1111,44.44,3,robot,Equipo B,154.29,67.23,0,no
1111,44.44,4,robot,Equipo B,150.42,65.58,9333,no
1111,44.44,0,balon,balon,67.58,64.01,953,no
1112,44.48,1,robot,Equipo A,55.22,28.19,13985,no
1112,44.48,2,robot,Equipo A,18.3,51.92,0,no
1112,44.48,3,robot,Equipo B,154.29,67.23,0,no
1112,44.48,4,robot,Equipo B,150.42,65.58,9333,no
1112,44.48,0,balon,balon,67.58,64.0,957,no
1113,44.52,1,robot,Equipo A,55.22,28.19,13985,no
1113,44.52,2,robot,Equipo A,18.3,51.92,0,no
1113,44.52,3,robot,Equipo B,154.29,67.23,0,no
1113,44.52,4,robot,Equipo B,150.42,65.58,9333,no
1113,44.52,0,balon,balon,67.51,64.0,962,no
1114,44.56,1,robot,Equipo A,55.22,28.19,13985,no
1114,44.56,2,robot,Equipo A,18.3,51.92,0,no
1114,44.56,3,robot,Equipo B,154.29,67.23,0,no
1114,44.56,4,robot,Equipo B,150.42,65.58,9333,no
1114,44.56,0,balon,balon,67.48,63.99,965,no
1115,44.6,1,robot,Equipo A,55.22,28.19,13977,no
1115,44.6,2,robot,Equipo A,18.3,51.92,0,no
1115,44.6,3,robot,Equipo B,154.29,67.23,0,no
1115,44.6,4,robot,Equipo B,150.42,65.58,9210,no
1115,44.6,0,balon,balon,67.45,63.99,970,no
1116,44.64,1,robot,Equipo A,55.22,28.19,13977,no
1116,44.64,2,robot,Equipo A,18.3,51.92,0,no
1116,44.64,3,robot,Equipo B,154.29,67.23,0,no
1116,44.64,4,robot,Equipo B,150.42,65.58,9210,no
1116,44.64,0,balon,balon,67.44,63.99,966,no
1117,44.68,1,robot,Equipo A,55.22,28.19,13977,no
1117,44.68,2,robot,Equipo A,18.3,51.92,0,no
1117,44.68,3,robot,Equipo B,154.29,67.23,0,no
1117,44.68,4,robot,Equipo B,150.42,65.58,9210,no
1117,44.68,0,balon,balon,67.44,63.92,968,no
1118,44.72,1,robot,Equipo A,55.22,28.19,13977,no
1118,44.72,2,robot,Equipo A,18.3,51.92,0,no
1118,44.72,3,robot,Equipo B,154.29,67.23,0,no
1118,44.72,4,robot,Equipo B,150.42,65.58,9210,no
1118,44.72,0,balon,balon,67.43,63.89,970,no
1119,44.76,1,robot,Equipo A,55.22,28.19,13977,no
1119,44.76,2,robot,Equipo A,18.3,51.92,0,no
1119,44.76,3,robot,Equipo B,154.29,67.23,0,no
1119,44.76,4,robot,Equipo B,150.42,65.58,9210,no
1119,44.76,0,balon,balon,67.43,63.87,965,no
1120,44.8,1,robot,Equipo A,55.22,28.19,14026,no
1120,44.8,2,robot,Equipo A,17.48,51.96,5696,no
1120,44.8,3,robot,Equipo B,154.29,67.23,0,no
1120,44.8,4,robot,Equipo B,150.42,65.58,9189,no
1120,44.8,0,balon,balon,67.37,63.85,965,no
1121,44.84,1,robot,Equipo A,55.22,28.19,14026,no
1121,44.84,2,robot,Equipo A,16.56,52.0,5696,no
1121,44.84,3,robot,Equipo B,154.29,67.23,0,no
1121,44.84,4,robot,Equipo B,150.42,65.58,9189,no
1121,44.84,0,balon,balon,67.33,63.85,963,no
1122,44.88,1,robot,Equipo A,55.22,28.19,14026,no
1122,44.88,2,robot,Equipo A,15.57,52.03,5696,no
1122,44.88,3,robot,Equipo B,154.29,67.23,0,no
1122,44.88,4,robot,Equipo B,150.42,65.58,9189,no
1122,44.88,0,balon,balon,67.31,63.84,970,no
1123,44.92,1,robot,Equipo A,55.22,28.19,14026,no
1123,44.92,2,robot,Equipo A,14.5,52.05,5735,no
1123,44.92,3,robot,Equipo B,154.29,67.23,0,no
1123,44.92,4,robot,Equipo B,150.42,65.58,9189,no
1123,44.92,0,balon,balon,67.3,63.84,971,no
1124,44.96,1,robot,Equipo A,55.22,28.19,14026,no
1124,44.96,2,robot,Equipo A,13.52,52.07,5390,no
1124,44.96,3,robot,Equipo B,154.29,67.23,0,no
1124,44.96,4,robot,Equipo B,150.42,65.58,9189,no
1124,44.96,0,balon,balon,67.3,63.78,976,no
1125,45.0,1,robot,Equipo A,55.22,28.19,14053,no
1125,45.0,2,robot,Equipo A,13.52,52.07,5262,no
1125,45.0,3,robot,Equipo B,154.29,67.23,0,no
1125,45.0,4,robot,Equipo B,150.42,65.58,9337,no
1125,45.0,0,balon,balon,67.29,63.74,972,no
1126,45.04,1,robot,Equipo A,55.22,28.19,14053,no
1126,45.04,2,robot,Equipo A,13.52,52.07,5262,no
1126,45.04,3,robot,Equipo B,154.29,67.23,0,no
1126,45.04,4,robot,Equipo B,150.42,65.58,9337,no
1126,45.04,0,balon,balon,67.29,63.72,989,no
1127,45.08,1,robot,Equipo A,55.22,28.19,14053,no
1127,45.08,2,robot,Equipo A,14.05,52.08,5262,no
1127,45.08,3,robot,Equipo B,154.29,67.23,0,no
1127,45.08,4,robot,Equipo B,150.42,65.58,9337,no
1127,45.08,0,balon,balon,67.29,63.71,970,no
1128,45.12,1,robot,Equipo A,55.22,28.19,14053,no
1128,45.12,2,robot,Equipo A,14.67,52.09,5262,no
1128,45.12,3,robot,Equipo B,154.29,67.23,0,no
1128,45.12,4,robot,Equipo B,150.42,65.58,9337,no
1128,45.12,0,balon,balon,67.35,63.71,974,no
1129,45.16,1,robot,Equipo A,55.22,28.19,14053,no
1129,45.16,2,robot,Equipo A,15.36,52.1,5262,no
1129,45.16,3,robot,Equipo B,154.29,67.23,0,no
1129,45.16,4,robot,Equipo B,150.42,65.58,9337,no
1129,45.16,0,balon,balon,67.39,63.7,970,no
1130,45.2,1,robot,Equipo A,55.22,28.19,14121,no
1130,45.2,2,robot,Equipo A,15.36,52.1,6468,no
1130,45.2,3,robot,Equipo B,154.29,67.23,0,no
1130,45.2,4,robot,Equipo B,150.42,65.58,9283,no
1130,45.2,0,balon,balon,67.34,63.64,975,no
1131,45.24,1,robot,Equipo A,55.22,28.19,14121,no
1131,45.24,2,robot,Equipo A,15.36,52.1,6468,no
1131,45.24,3,robot,Equipo B,154.29,67.23,0,no
1131,45.24,4,robot,Equipo B,150.42,65.58,9283,no
1131,45.24,0,balon,balon,67.32,63.6,975,no
1132,45.28,1,robot,Equipo A,55.22,28.19,14121,no
1132,45.28,2,robot,Equipo A,14.84,51.94,6468,no
1132,45.28,3,robot,Equipo B,154.29,67.23,0,no
1132,45.28,4,robot,Equipo B,150.42,65.58,9283,no
1132,45.28,0,balon,balon,67.31,63.58,976,no
1133,45.32,1,robot,Equipo A,55.22,28.19,14121,no
1133,45.32,2,robot,Equipo A,14.25,51.78,6468,no
1133,45.32,3,robot,Equipo B,154.29,67.23,0,no
1133,45.32,4,robot,Equipo B,150.42,65.58,9283,no
1133,45.32,0,balon,balon,67.3,63.51,990,no
1134,45.36,1,robot,Equipo A,55.22,28.19,14121,no
1134,45.36,2,robot,Equipo A,13.58,51.65,6609,no
1134,45.36,3,robot,Equipo B,154.29,67.23,0,no
1134,45.36,4,robot,Equipo B,150.42,65.58,9283,no
1134,45.36,0,balon,balon,67.23,63.46,981,no
1135,45.4,1,robot,Equipo A,55.22,28.19,14242,no
1135,45.4,2,robot,Equipo A,13.58,51.65,0,no
1135,45.4,3,robot,Equipo B,154.29,67.23,0,no
1135,45.4,4,robot,Equipo B,150.42,65.58,9289,no
1135,45.4,0,balon,balon,67.2,63.44,980,no
1136,45.44,1,robot,Equipo A,55.22,28.19,14242,no
1136,45.44,2,robot,Equipo A,13.58,51.65,0,no
1136,45.44,3,robot,Equipo B,154.29,67.23,0,no
1136,45.44,4,robot,Equipo B,150.42,65.58,9289,no
1136,45.44,0,balon,balon,67.17,63.43,985,no
1137,45.48,1,robot,Equipo A,55.22,28.19,14242,no
1137,45.48,2,robot,Equipo A,13.58,51.65,0,no
1137,45.48,3,robot,Equipo B,154.29,67.23,0,no
1137,45.48,4,robot,Equipo B,150.42,65.58,9289,no
1137,45.48,0,balon,balon,67.16,63.42,987,no
1138,45.52,1,robot,Equipo A,55.22,28.19,14242,no
1138,45.52,2,robot,Equipo A,13.58,51.65,0,no
1138,45.52,3,robot,Equipo B,154.29,67.23,0,no
1138,45.52,4,robot,Equipo B,150.42,65.58,9289,no
1138,45.52,0,balon,balon,67.16,63.41,989,no
1139,45.56,1,robot,Equipo A,55.22,28.19,14242,no
1139,45.56,2,robot,Equipo A,13.58,51.65,0,no
1139,45.56,3,robot,Equipo B,154.29,67.23,0,no
1139,45.56,4,robot,Equipo B,150.42,65.58,9289,no
1139,45.56,0,balon,balon,67.15,63.48,983,no
1140,45.6,1,robot,Equipo A,55.22,28.19,14288,no
1140,45.6,2,robot,Equipo A,13.58,51.65,7252,no
1140,45.6,3,robot,Equipo B,154.29,67.23,0,no
1140,45.6,4,robot,Equipo B,150.42,65.58,9443,no
1140,45.6,0,balon,balon,67.09,63.52,980,no
1141,45.64,1,robot,Equipo A,55.22,28.19,14288,no
1141,45.64,2,robot,Equipo A,13.58,51.65,7252,no
1141,45.64,3,robot,Equipo B,154.29,67.23,0,no
1141,45.64,4,robot,Equipo B,150.42,65.58,9443,no
1141,45.64,0,balon,balon,66.99,63.54,995,no
1142,45.68,1,robot,Equipo A,55.22,28.19,14288,no
1142,45.68,2,robot,Equipo A,13.58,51.65,7252,no
1142,45.68,3,robot,Equipo B,154.29,67.23,0,no
1142,45.68,4,robot,Equipo B,150.42,65.58,9443,no
1142,45.68,0,balon,balon,66.87,63.55,993,no
1143,45.72,1,robot,Equipo A,55.22,28.19,14288,no
1143,45.72,2,robot,Equipo A,14.15,51.37,7252,no
1143,45.72,3,robot,Equipo B,154.29,67.23,0,no
1143,45.72,4,robot,Equipo B,150.42,65.58,9443,no
1143,45.72,0,balon,balon,66.8,63.55,990,no
1144,45.76,1,robot,Equipo A,55.22,28.19,14288,no
1144,45.76,2,robot,Equipo A,14.75,51.12,7252,no
1144,45.76,3,robot,Equipo B,154.29,67.23,0,no
1144,45.76,4,robot,Equipo B,150.42,65.58,9443,no
1144,45.76,0,balon,balon,66.77,63.56,973,no
1145,45.8,1,robot,Equipo A,55.22,28.19,14549,no
1145,45.8,2,robot,Equipo A,14.75,51.12,0,no
1145,45.8,3,robot,Equipo B,154.29,67.23,0,no
1145,45.8,4,robot,Equipo B,150.42,65.58,9536,no
1145,45.8,0,balon,balon,66.74,63.56,995,no
1146,45.84,1,robot,Equipo A,55.22,28.19,14549,no
1146,45.84,2,robot,Equipo A,14.75,51.12,0,no
1146,45.84,3,robot,Equipo B,154.29,67.23,0,no
1146,45.84,4,robot,Equipo B,150.42,65.58,9536,no
1146,45.84,0,balon,balon,66.73,63.56,993,no
1147,45.88,1,robot,Equipo A,55.22,28.19,14549,no
1147,45.88,2,robot,Equipo A,14.75,51.12,0,no
1147,45.88,3,robot,Equipo B,154.29,67.23,0,no
1147,45.88,4,robot,Equipo B,150.42,65.58,9536,no
1147,45.88,0,balon,balon,66.79,63.56,995,no
1148,45.92,1,robot,Equipo A,54.74,28.01,14549,no
1148,45.92,2,robot,Equipo A,14.75,51.12,0,no
1148,45.92,3,robot,Equipo B,154.29,67.23,0,no
1148,45.92,4,robot,Equipo B,150.42,65.58,9536,no
1148,45.92,0,balon,balon,66.89,63.62,985,no
1149,45.96,1,robot,Equipo A,54.74,28.01,14549,no
1149,45.96,2,robot,Equipo A,14.75,51.12,0,no
1149,45.96,3,robot,Equipo B,154.29,67.23,0,no
1149,45.96,4,robot,Equipo B,150.42,65.58,9536,no
1149,45.96,0,balon,balon,67.01,63.66,1006,no
1150,46.0,1,robot,Equipo A,54.74,28.01,14589,no
1150,46.0,2,robot,Equipo A,14.75,51.12,7753,no
1150,46.0,3,robot,Equipo B,154.29,67.23,0,no
1150,46.0,4,robot,Equipo B,150.42,65.58,9740,no
1150,46.0,0,balon,balon,67.07,63.68,1002,no
1151,46.04,1,robot,Equipo A,54.74,28.01,14589,no
1151,46.04,2,robot,Equipo A,14.75,51.12,7753,no
1151,46.04,3,robot,Equipo B,154.29,67.23,0,no
1151,46.04,4,robot,Equipo B,150.42,65.58,9769,no
1151,46.04,0,balon,balon,67.17,63.75,993,no
1152,46.08,1,robot,Equipo A,54.74,28.01,14589,no
1152,46.08,2,robot,Equipo A,14.46,50.69,7753,no
1152,46.08,3,robot,Equipo B,154.29,67.23,0,no
1152,46.08,4,robot,Equipo B,150.42,65.58,9786,no
1152,46.08,0,balon,balon,67.29,63.79,996,no
1153,46.12,1,robot,Equipo A,54.74,28.01,14589,no
1153,46.12,2,robot,Equipo A,14.03,50.35,8065,no
1153,46.12,3,robot,Equipo B,154.29,67.23,0,no
1153,46.12,4,robot,Equipo B,150.42,65.58,9801,no
1153,46.12,0,balon,balon,67.42,63.81,993,no
1154,46.16,1,robot,Equipo A,54.74,28.01,14589,no
1154,46.16,2,robot,Equipo A,13.61,50.04,7928,no
1154,46.16,3,robot,Equipo B,154.29,67.23,0,no
1154,46.16,4,robot,Equipo B,150.42,65.58,9812,no
1154,46.16,0,balon,balon,67.62,63.89,1005,no
1155,46.2,1,robot,Equipo A,54.74,28.01,14691,no
1155,46.2,2,robot,Equipo A,14.03,49.63,9154,no
1155,46.2,3,robot,Equipo B,154.29,67.23,0,no
1155,46.2,4,robot,Equipo B,150.42,65.58,9904,no
1155,46.2,0,balon,balon,67.79,63.94,981,no
1156,46.24,1,robot,Equipo A,54.74,28.01,14691,no
1156,46.24,2,robot,Equipo A,14.51,49.26,9154,no
1156,46.24,3,robot,Equipo B,154.29,67.23,0,no
1156,46.24,4,robot,Equipo B,150.42,65.58,9904,no
1156,46.24,0,balon,balon,67.95,64.02,994,no
1157,46.28,1,robot,Equipo A,54.74,28.01,14691,no
1157,46.28,2,robot,Equipo A,15.04,48.94,9154,no
1157,46.28,3,robot,Equipo B,154.29,67.23,0,no
1157,46.28,4,robot,Equipo B,150.42,65.58,9904,no
1157,46.28,0,balon,balon,68.1,64.07,1002,no
1158,46.32,1,robot,Equipo A,54.74,28.01,14691,no
1158,46.32,2,robot,Equipo A,15.6,48.66,9154,no
1158,46.32,3,robot,Equipo B,154.29,67.23,0,no
1158,46.32,4,robot,Equipo B,150.42,65.58,9904,no
1158,46.32,0,balon,balon,68.24,64.1,982,no
1159,46.36,1,robot,Equipo A,54.74,28.01,14691,no
1159,46.36,2,robot,Equipo A,16.19,48.4,9154,no
1159,46.36,3,robot,Equipo B,154.29,67.23,0,no
1159,46.36,4,robot,Equipo B,150.42,65.58,9904,no
1159,46.36,0,balon,balon,68.32,64.11,997,no
1160,46.4,1,robot,Equipo A,54.74,28.01,14604,no
1160,46.4,2,robot,Equipo A,16.19,48.4,9848,no
1160,46.4,3,robot,Equipo B,154.29,67.23,0,no
1160,46.4,4,robot,Equipo B,150.42,65.58,9868,no
1160,46.4,0,balon,balon,68.37,64.12,981,no
1161,46.44,1,robot,Equipo A,54.74,28.01,14604,no
1161,46.44,2,robot,Equipo A,16.19,48.4,9848,no
1161,46.44,3,robot,Equipo B,154.29,67.23,0,no
1161,46.44,4,robot,Equipo B,150.42,65.58,9868,no
1161,46.44,0,balon,balon,68.39,64.12,994,no
1162,46.48,1,robot,Equipo A,54.74,28.01,14604,no
1162,46.48,2,robot,Equipo A,16.19,48.4,9848,no
1162,46.48,3,robot,Equipo B,154.29,67.23,0,no
1162,46.48,4,robot,Equipo B,150.42,65.58,9868,no
1162,46.48,0,balon,balon,68.4,64.06,984,no
1163,46.52,1,robot,Equipo A,54.74,28.01,14604,no
1163,46.52,2,robot,Equipo A,16.19,48.4,9848,no
1163,46.52,3,robot,Equipo B,154.29,67.23,0,no
1163,46.52,4,robot,Equipo B,150.42,65.58,9868,no
1163,46.52,0,balon,balon,68.41,64.03,993,no
1164,46.56,1,robot,Equipo A,54.74,28.01,14604,no
1164,46.56,2,robot,Equipo A,16.19,48.4,9848,no
1164,46.56,3,robot,Equipo B,154.29,67.23,0,no
1164,46.56,4,robot,Equipo B,150.42,65.58,9868,no
1164,46.56,0,balon,balon,68.35,63.94,998,no
1165,46.6,1,robot,Equipo A,54.74,28.01,14836,no
1165,46.6,2,robot,Equipo A,16.19,48.4,0,no
1165,46.6,3,robot,Equipo B,154.29,67.23,0,no
1165,46.6,4,robot,Equipo B,150.42,65.58,9788,no
1165,46.6,0,balon,balon,68.32,63.83,988,no
1166,46.64,1,robot,Equipo A,54.74,28.01,14836,no
1166,46.64,2,robot,Equipo A,16.19,48.4,0,no
1166,46.64,3,robot,Equipo B,154.29,67.23,0,no
1166,46.64,4,robot,Equipo B,150.42,65.58,9788,no
1166,46.64,0,balon,balon,68.3,63.77,985,no
1167,46.68,1,robot,Equipo A,54.74,28.01,14836,no
1167,46.68,2,robot,Equipo A,16.19,48.4,0,no
1167,46.68,3,robot,Equipo B,154.29,67.23,0,no
1167,46.68,4,robot,Equipo B,150.42,65.58,9788,no
1167,46.68,0,balon,balon,68.29,63.74,1004,no
1168,46.72,1,robot,Equipo A,54.74,28.01,14836,no
1168,46.72,2,robot,Equipo A,16.19,48.4,0,no
1168,46.72,3,robot,Equipo B,154.29,67.23,0,no
1168,46.72,4,robot,Equipo B,150.42,65.58,9788,no
1168,46.72,0,balon,balon,68.22,63.66,986,no
1169,46.76,1,robot,Equipo A,54.74,28.01,14836,no
1169,46.76,2,robot,Equipo A,16.19,48.4,0,no
1169,46.76,3,robot,Equipo B,154.29,67.23,0,no
1169,46.76,4,robot,Equipo B,150.42,65.58,9788,no
1169,46.76,0,balon,balon,68.19,63.61,994,no
1170,46.8,1,robot,Equipo A,54.74,28.01,14745,no
1170,46.8,2,robot,Equipo A,16.19,48.4,9453,no
1170,46.8,3,robot,Equipo B,154.29,67.23,0,no
1170,46.8,4,robot,Equipo B,150.42,65.58,9778,no
1170,46.8,0,balon,balon,68.17,63.59,995,no
1171,46.84,1,robot,Equipo A,54.74,28.01,14745,no
1171,46.84,2,robot,Equipo A,16.19,48.4,9453,no
1171,46.84,3,robot,Equipo B,154.29,67.23,0,no
1171,46.84,4,robot,Equipo B,150.42,65.58,9761,no
1171,46.84,0,balon,balon,68.15,63.58,1004,no
1172,46.88,1,robot,Equipo A,54.74,28.01,14745,no
1172,46.88,2,robot,Equipo A,16.19,48.4,9453,no
1172,46.88,3,robot,Equipo B,154.29,67.23,0,no
1172,46.88,4,robot,Equipo B,150.42,65.58,9736,no
1172,46.88,0,balon,balon,68.15,63.57,1006,no
1173,46.92,1,robot,Equipo A,54.74,28.01,14745,no
1173,46.92,2,robot,Equipo A,16.19,48.4,9453,no
1173,46.92,3,robot,Equipo B,154.29,67.23,0,no
1173,46.92,4,robot,Equipo B,150.42,65.58,9705,no
1173,46.92,0,balon,balon,68.21,63.57,989,no
1174,46.96,1,robot,Equipo A,54.74,28.01,14745,no
1174,46.96,2,robot,Equipo A,16.19,48.4,9453,no
1174,46.96,3,robot,Equipo B,154.29,67.23,0,no
1174,46.96,4,robot,Equipo B,150.42,65.58,9661,no
1174,46.96,0,balon,balon,68.24,63.56,999,no
1175,47.0,1,robot,Equipo A,54.74,28.01,15014,no
1175,47.0,2,robot,Equipo A,15.81,47.19,15585,no
1175,47.0,3,robot,Equipo B,154.29,67.23,0,no
1175,47.0,4,robot,Equipo B,150.42,65.58,10045,no
1175,47.0,0,balon,balon,68.32,63.62,1008,no
1176,47.04,1,robot,Equipo A,54.74,28.01,15014,no
1176,47.04,2,robot,Equipo A,15.46,45.98,15585,no
1176,47.04,3,robot,Equipo B,154.29,67.23,0,no
1176,47.04,4,robot,Equipo B,150.42,65.58,10069,no
1176,47.04,0,balon,balon,68.37,63.66,987,no
1177,47.08,1,robot,Equipo A,54.74,28.01,15014,no
1177,47.08,2,robot,Equipo A,15.0,44.82,16208,no
1177,47.08,3,robot,Equipo B,154.29,67.23,0,no
1177,47.08,4,robot,Equipo B,150.42,65.58,10076,no
1177,47.08,0,balon,balon,68.46,63.74,993,no
1178,47.12,1,robot,Equipo A,54.74,28.01,15014,no
1178,47.12,2,robot,Equipo A,14.61,43.65,16133,no
1178,47.12,3,robot,Equipo B,154.29,67.23,0,no
1178,47.12,4,robot,Equipo B,150.42,65.58,10076,no
1178,47.12,0,balon,balon,68.51,63.79,997,no
1179,47.16,1,robot,Equipo A,54.74,28.01,15014,no
1179,47.16,2,robot,Equipo A,14.24,42.49,16030,no
1179,47.16,3,robot,Equipo B,154.29,67.23,0,no
1179,47.16,4,robot,Equipo B,150.42,65.58,10076,no
1179,47.16,0,balon,balon,68.6,63.88,1007,no
1180,47.2,1,robot,Equipo A,54.74,28.01,14998,no
1180,47.2,2,robot,Equipo A,14.24,42.49,0,no
1180,47.2,3,robot,Equipo B,154.29,67.23,0,no
1180,47.2,4,robot,Equipo B,150.42,65.58,10103,no
1180,47.2,0,balon,balon,68.65,63.93,997,no
1181,47.24,1,robot,Equipo A,54.74,28.01,14998,no
1181,47.24,2,robot,Equipo A,14.24,42.49,0,no
1181,47.24,3,robot,Equipo B,154.29,67.23,0,no
1181,47.24,4,robot,Equipo B,150.42,65.58,10093,no
1181,47.24,0,balon,balon,68.68,63.96,1002,no
1182,47.28,1,robot,Equipo A,54.74,28.01,14998,no
1182,47.28,2,robot,Equipo A,14.24,42.49,0,no
1182,47.28,3,robot,Equipo B,154.29,67.23,0,no
1182,47.28,4,robot,Equipo B,150.42,65.58,10079,no
1182,47.28,0,balon,balon,68.69,63.97,1000,no
1183,47.32,1,robot,Equipo A,54.74,28.01,14998,no
1183,47.32,2,robot,Equipo A,14.24,42.49,0,no
1183,47.32,3,robot,Equipo B,154.29,67.23,0,no
1183,47.32,4,robot,Equipo B,150.42,65.58,10062,no
1183,47.32,0,balon,balon,68.7,63.98,1011,no
1184,47.36,1,robot,Equipo A,54.74,28.01,14998,no
1184,47.36,2,robot,Equipo A,14.24,42.49,0,no
1184,47.36,3,robot,Equipo B,154.29,67.23,0,no
1184,47.36,4,robot,Equipo B,150.42,65.58,10045,no
1184,47.36,0,balon,balon,68.7,63.98,997,no
1185,47.4,1,robot,Equipo A,54.74,28.01,15139,no
1185,47.4,2,robot,Equipo A,14.24,42.49,0,no
1185,47.4,3,robot,Equipo B,154.29,67.23,0,no
1185,47.4,4,robot,Equipo B,150.42,65.58,10024,no
1185,47.4,0,balon,balon,68.71,63.92,990,no
1186,47.44,1,robot,Equipo A,54.74,28.01,15139,no
1186,47.44,2,robot,Equipo A,14.24,42.49,0,no
1186,47.44,3,robot,Equipo B,154.29,67.23,0,no
1186,47.44,4,robot,Equipo B,150.42,65.58,10033,no
1186,47.44,0,balon,balon,68.65,63.88,993,no
1187,47.48,1,robot,Equipo A,54.74,28.01,15139,no
1187,47.48,2,robot,Equipo A,14.24,42.49,0,no
1187,47.48,3,robot,Equipo B,154.29,67.23,0,no
1187,47.48,4,robot,Equipo B,150.42,65.58,10033,no
1187,47.48,0,balon,balon,68.61,63.86,998,no
1188,47.52,1,robot,Equipo A,54.74,28.01,15139,no
1188,47.52,2,robot,Equipo A,14.24,42.49,0,no
1188,47.52,3,robot,Equipo B,154.29,67.23,0,no
1188,47.52,4,robot,Equipo B,150.42,65.58,10033,no
1188,47.52,0,balon,balon,68.59,63.85,999,no
1189,47.56,1,robot,Equipo A,54.74,28.01,15139,no
1189,47.56,2,robot,Equipo A,14.24,42.49,0,no
1189,47.56,3,robot,Equipo B,154.29,67.23,0,no
1189,47.56,4,robot,Equipo B,150.42,65.58,10033,no
1189,47.56,0,balon,balon,68.58,63.85,989,no
1190,47.6,1,robot,Equipo A,54.74,28.01,15112,no
1190,47.6,2,robot,Equipo A,14.24,42.49,0,no
1190,47.6,3,robot,Equipo B,154.29,67.23,0,no
1190,47.6,4,robot,Equipo B,150.42,65.58,10058,no
1190,47.6,0,balon,balon,68.58,63.84,1009,no
1191,47.64,1,robot,Equipo A,54.74,28.01,15112,no
1191,47.64,2,robot,Equipo A,14.24,42.49,0,no
1191,47.64,3,robot,Equipo B,154.29,67.23,0,no
1191,47.64,4,robot,Equipo B,150.42,65.58,10045,no
1191,47.64,0,balon,balon,68.57,63.84,992,no
1192,47.68,1,robot,Equipo A,54.74,28.01,15112,no
1192,47.68,2,robot,Equipo A,14.24,42.49,0,no
1192,47.68,3,robot,Equipo B,154.29,67.23,0,no
1192,47.68,4,robot,Equipo B,150.42,65.58,10030,no
1192,47.68,0,balon,balon,68.57,63.84,1001,no
1193,47.72,1,robot,Equipo A,54.74,28.01,15112,no
1193,47.72,2,robot,Equipo A,14.24,42.49,0,no
1193,47.72,3,robot,Equipo B,154.29,67.23,0,no
1193,47.72,4,robot,Equipo B,150.42,65.58,10014,no
1193,47.72,0,balon,balon,68.63,63.84,998,no
1194,47.76,1,robot,Equipo A,54.74,28.01,15112,no
1194,47.76,2,robot,Equipo A,14.24,42.49,0,no
1194,47.76,3,robot,Equipo B,154.29,67.23,0,no
1194,47.76,4,robot,Equipo B,150.42,65.58,9992,no
1194,47.76,0,balon,balon,68.67,63.91,1003,no
1195,47.8,1,robot,Equipo A,54.74,28.01,15157,no
1195,47.8,2,robot,Equipo A,14.24,42.49,0,no
1195,47.8,3,robot,Equipo B,154.29,67.23,0,no
1195,47.8,4,robot,Equipo B,150.42,65.58,10109,no
1195,47.8,0,balon,balon,68.75,63.94,1002,no
1196,47.84,1,robot,Equipo A,54.74,28.01,15157,no
1196,47.84,2,robot,Equipo A,14.24,42.49,0,no
1196,47.84,3,robot,Equipo B,154.29,67.23,0,no
1196,47.84,4,robot,Equipo B,150.42,65.58,10109,no
1196,47.84,0,balon,balon,68.8,64.03,997,no
1197,47.88,1,robot,Equipo A,54.74,28.01,15157,no
1197,47.88,2,robot,Equipo A,14.24,42.49,0,no
1197,47.88,3,robot,Equipo B,154.29,67.23,0,no
1197,47.88,4,robot,Equipo B,150.42,65.58,10109,no
1197,47.88,0,balon,balon,68.88,64.07,1001,no
1198,47.92,1,robot,Equipo A,54.74,28.01,15157,no
1198,47.92,2,robot,Equipo A,14.24,42.49,0,no
1198,47.92,3,robot,Equipo B,154.29,67.23,0,no
1198,47.92,4,robot,Equipo B,150.42,65.58,10109,no
1198,47.92,0,balon,balon,68.88,64.07,0,no
1199,47.96,1,robot,Equipo A,54.74,28.01,15157,no
1199,47.96,2,robot,Equipo A,14.24,42.49,0,no
1199,47.96,3,robot,Equipo B,154.29,67.23,0,no
1199,47.96,4,robot,Equipo B,150.42,65.58,10109,no
1199,47.96,0,balon,balon,68.88,64.07,0,no
1200,48.0,1,robot,Equipo A,54.74,28.01,15186,no
1200,48.0,2,robot,Equipo A,14.24,42.49,0,no
1200,48.0,3,robot,Equipo B,154.29,67.23,10156,no
1200,48.0,4,robot,Equipo B,150.42,65.58,0,no
1200,48.0,0,balon,balon,68.88,64.07,0,no
1201,48.04,1,robot,Equipo A,54.74,28.01,15186,no
1201,48.04,2,robot,Equipo A,14.24,42.49,0,no
1201,48.04,3,robot,Equipo B,154.29,67.23,10156,no
1201,48.04,4,robot,Equipo B,150.42,65.58,0,no
1201,48.04,0,balon,balon,68.88,64.07,0,no
1202,48.08,1,robot,Equipo A,54.74,28.01,15186,no
1202,48.08,2,robot,Equipo A,14.24,42.49,0,no
1202,48.08,3,robot,Equipo B,154.29,67.23,10156,no
1202,48.08,4,robot,Equipo B,150.42,65.58,0,no
1202,48.08,0,balon,balon,68.88,64.07,0,no
1203,48.12,1,robot,Equipo A,54.74,28.01,15186,no
1203,48.12,2,robot,Equipo A,14.24,42.49,0,no
1203,48.12,3,robot,Equipo B,154.29,67.23,10156,no
1203,48.12,4,robot,Equipo B,150.42,65.58,0,no
1203,48.12,0,balon,balon,68.88,64.07,0,no
1204,48.16,1,robot,Equipo A,54.74,28.01,15186,no
1204,48.16,2,robot,Equipo A,14.24,42.49,0,no
1204,48.16,3,robot,Equipo B,154.29,67.23,10156,no
1204,48.16,4,robot,Equipo B,150.42,65.58,0,no
1204,48.16,0,balon,balon,68.88,64.07,0,no
1205,48.2,1,robot,Equipo A,54.74,28.01,15146,no
1205,48.2,2,robot,Equipo A,14.24,42.49,0,no
1205,48.2,3,robot,Equipo B,154.29,67.23,10191,no
1205,48.2,4,robot,Equipo B,150.42,65.58,0,no
1205,48.2,0,balon,balon,68.88,64.07,0,no
1206,48.24,1,robot,Equipo A,54.74,28.01,15146,no
1206,48.24,2,robot,Equipo A,14.24,42.49,0,no
1206,48.24,3,robot,Equipo B,154.29,67.23,10191,no
1206,48.24,4,robot,Equipo B,150.42,65.58,0,no
1206,48.24,0,balon,balon,68.88,64.07,0,no
1207,48.28,1,robot,Equipo A,54.74,28.01,15146,no
1207,48.28,2,robot,Equipo A,14.24,42.49,0,no
1207,48.28,3,robot,Equipo B,154.29,67.23,10191,no
1207,48.28,4,robot,Equipo B,150.42,65.58,0,no
1207,48.28,0,balon,balon,68.88,64.07,0,no
1208,48.32,1,robot,Equipo A,54.74,28.01,15146,no
1208,48.32,2,robot,Equipo A,14.24,42.49,0,no
1208,48.32,3,robot,Equipo B,154.29,67.23,10191,no
1208,48.32,4,robot,Equipo B,150.42,65.58,0,no
1208,48.32,0,balon,balon,68.88,64.07,0,no
1209,48.36,1,robot,Equipo A,54.74,28.01,15146,no
1209,48.36,2,robot,Equipo A,14.24,42.49,0,no
1209,48.36,3,robot,Equipo B,154.29,67.23,10191,no
1209,48.36,4,robot,Equipo B,150.42,65.58,0,no
1209,48.36,0,balon,balon,68.88,64.07,0,no
1210,48.4,1,robot,Equipo A,54.74,28.01,14894,no
1210,48.4,2,robot,Equipo A,14.24,42.49,0,no
1210,48.4,3,robot,Equipo B,154.29,67.23,10190,no
1210,48.4,4,robot,Equipo B,150.42,65.58,0,no
1210,48.4,0,balon,balon,68.88,64.07,0,no
1211,48.44,1,robot,Equipo A,54.74,28.01,14894,no
1211,48.44,2,robot,Equipo A,14.24,42.49,0,no
1211,48.44,3,robot,Equipo B,154.29,67.23,10190,no
1211,48.44,4,robot,Equipo B,150.42,65.58,0,no
1211,48.44,0,balon,balon,68.88,64.07,0,no
1212,48.48,1,robot,Equipo A,54.74,28.01,14894,no
1212,48.48,2,robot,Equipo A,14.24,42.49,0,no
1212,48.48,3,robot,Equipo B,154.29,67.23,10190,no
1212,48.48,4,robot,Equipo B,150.42,65.58,0,no
1212,48.48,0,balon,balon,68.88,64.07,0,no
1213,48.52,1,robot,Equipo A,54.74,28.01,14894,no
1213,48.52,2,robot,Equipo A,14.24,42.49,0,no
1213,48.52,3,robot,Equipo B,154.29,67.23,10190,no
1213,48.52,4,robot,Equipo B,150.42,65.58,0,no
1213,48.52,0,balon,balon,68.88,64.07,0,no
1214,48.56,1,robot,Equipo A,55.24,27.96,14894,no
1214,48.56,2,robot,Equipo A,14.24,42.49,0,no
1214,48.56,3,robot,Equipo B,154.29,67.23,10190,no
1214,48.56,4,robot,Equipo B,150.42,65.58,0,no
1214,48.56,0,balon,balon,68.88,64.07,0,no
1215,48.6,1,robot,Equipo A,55.24,27.96,14389,no
1215,48.6,2,robot,Equipo A,14.24,42.49,0,no
1215,48.6,3,robot,Equipo B,154.29,67.23,9737,no
1215,48.6,4,robot,Equipo B,150.42,65.58,0,no
1215,48.6,0,balon,balon,68.88,64.07,0,no
1216,48.64,1,robot,Equipo A,55.24,27.96,14389,no
1216,48.64,2,robot,Equipo A,14.24,42.49,0,no
1216,48.64,3,robot,Equipo B,154.29,67.23,9737,no
1216,48.64,4,robot,Equipo B,150.42,65.58,0,no
1216,48.64,0,balon,balon,68.88,64.07,0,no
1217,48.68,1,robot,Equipo A,55.64,28.29,14389,no
1217,48.68,2,robot,Equipo A,14.24,42.49,0,no
1217,48.68,3,robot,Equipo B,154.29,67.23,9737,no
1217,48.68,4,robot,Equipo B,150.42,65.58,0,no
1217,48.68,0,balon,balon,68.88,64.07,0,no
1218,48.72,1,robot,Equipo A,55.64,28.29,14389,no
1218,48.72,2,robot,Equipo A,14.24,42.49,0,no
1218,48.72,3,robot,Equipo B,154.29,67.23,9737,no
1218,48.72,4,robot,Equipo B,150.42,65.58,0,no
1218,48.72,0,balon,balon,68.88,64.07,0,no
1219,48.76,1,robot,Equipo A,55.64,28.29,14389,no
1219,48.76,2,robot,Equipo A,14.24,42.49,0,no
1219,48.76,3,robot,Equipo B,154.29,67.23,9737,no
1219,48.76,4,robot,Equipo B,150.42,65.58,0,no
1219,48.76,0,balon,balon,68.88,64.07,0,no
1220,48.8,1,robot,Equipo A,55.64,28.29,0,no
1220,48.8,2,robot,Equipo A,14.24,42.49,0,no
1220,48.8,3,robot,Equipo B,154.29,67.23,0,no
1220,48.8,4,robot,Equipo B,150.42,65.58,9378,no
1220,48.8,0,balon,balon,68.88,64.07,0,no
1221,48.84,1,robot,Equipo A,55.64,28.29,0,no
1221,48.84,2,robot,Equipo A,14.24,42.49,0,no
1221,48.84,3,robot,Equipo B,154.29,67.23,0,no
1221,48.84,4,robot,Equipo B,150.42,65.58,9378,no
1221,48.84,0,balon,balon,68.88,64.07,0,no
1222,48.88,1,robot,Equipo A,55.64,28.29,0,no
1222,48.88,2,robot,Equipo A,14.24,42.49,0,no
1222,48.88,3,robot,Equipo B,154.29,67.23,0,no
1222,48.88,4,robot,Equipo B,150.42,65.58,9378,no
1222,48.88,0,balon,balon,68.88,64.07,0,no
1223,48.92,1,robot,Equipo A,55.64,28.29,0,no
1223,48.92,2,robot,Equipo A,14.24,42.49,0,no
1223,48.92,3,robot,Equipo B,154.29,67.23,0,no
1223,48.92,4,robot,Equipo B,150.42,65.58,9378,no
1223,48.92,0,balon,balon,68.88,64.07,0,no
1224,48.96,1,robot,Equipo A,55.64,28.29,0,no
1224,48.96,2,robot,Equipo A,14.24,42.49,0,no
1224,48.96,3,robot,Equipo B,154.29,67.23,0,no
1224,48.96,4,robot,Equipo B,150.42,65.58,9378,no
1224,48.96,0,balon,balon,68.88,64.07,0,no
1225,49.0,1,robot,Equipo A,55.64,28.29,0,no
1225,49.0,2,robot,Equipo A,14.24,42.49,0,no
1225,49.0,3,robot,Equipo B,154.29,67.23,0,no
1225,49.0,4,robot,Equipo B,150.42,65.58,9492,no
1225,49.0,0,balon,balon,68.88,64.07,0,no
1226,49.04,1,robot,Equipo A,55.64,28.29,0,no
1226,49.04,2,robot,Equipo A,14.24,42.49,0,no
1226,49.04,3,robot,Equipo B,154.29,67.23,0,no
1226,49.04,4,robot,Equipo B,150.42,65.58,9430,no
1226,49.04,0,balon,balon,68.88,64.07,0,no
1227,49.08,1,robot,Equipo A,55.64,28.29,0,no
1227,49.08,2,robot,Equipo A,14.24,42.49,0,no
1227,49.08,3,robot,Equipo B,154.29,67.23,0,no
1227,49.08,4,robot,Equipo B,150.42,65.58,9307,no
1227,49.08,0,balon,balon,68.88,64.07,0,no
1228,49.12,1,robot,Equipo A,55.64,28.29,0,no
1228,49.12,2,robot,Equipo A,14.24,42.49,0,no
1228,49.12,3,robot,Equipo B,154.29,67.23,0,no
1228,49.12,4,robot,Equipo B,150.42,65.58,9136,no
1228,49.12,0,balon,balon,68.88,64.07,0,no
1229,49.16,1,robot,Equipo A,55.64,28.29,0,no
1229,49.16,2,robot,Equipo A,14.24,42.49,0,no
1229,49.16,3,robot,Equipo B,154.29,67.23,0,no
1229,49.16,4,robot,Equipo B,150.42,65.58,8917,no
1229,49.16,0,balon,balon,68.88,64.07,0,no
1230,49.2,1,robot,Equipo A,55.64,28.29,0,no
1230,49.2,2,robot,Equipo A,11.93,46.71,1635,no
1230,49.2,3,robot,Equipo B,154.29,67.23,0,no
1230,49.2,4,robot,Equipo B,150.42,65.58,9328,no
1230,49.2,0,balon,balon,68.88,64.07,0,no
1231,49.24,1,robot,Equipo A,55.64,28.29,0,no
1231,49.24,2,robot,Equipo A,11.93,46.71,0,no
1231,49.24,3,robot,Equipo B,154.29,67.23,0,no
1231,49.24,4,robot,Equipo B,150.42,65.58,9409,no
1231,49.24,0,balon,balon,68.88,64.07,0,no
1232,49.28,1,robot,Equipo A,55.64,28.29,0,no
1232,49.28,2,robot,Equipo A,10.02,52.07,2052,no
1232,49.28,3,robot,Equipo B,154.29,67.23,0,no
1232,49.28,4,robot,Equipo B,150.42,65.58,9469,no
1232,49.28,0,balon,balon,68.88,64.07,0,no
1233,49.32,1,robot,Equipo A,55.64,28.29,0,no
1233,49.32,2,robot,Equipo A,8.92,57.02,2584,no
1233,49.32,3,robot,Equipo B,154.29,67.23,0,no
1233,49.32,4,robot,Equipo B,150.42,65.58,9514,no
1233,49.32,0,balon,balon,68.88,64.07,0,no
1234,49.36,1,robot,Equipo A,55.64,28.29,0,no
1234,49.36,2,robot,Equipo A,8.05,61.88,2520,no
1234,49.36,3,robot,Equipo B,154.29,67.23,0,no
1234,49.36,4,robot,Equipo B,150.42,65.58,9548,no
1234,49.36,0,balon,balon,68.88,64.07,0,no
1235,49.4,1,robot,Equipo A,55.64,28.29,0,no
1235,49.4,2,robot,Equipo A,8.05,61.88,0,no
1235,49.4,3,robot,Equipo B,154.29,67.23,0,no
1235,49.4,4,robot,Equipo B,150.42,65.58,9744,no
1235,49.4,0,balon,balon,68.3,64.17,1005,no
1236,49.44,1,robot,Equipo A,55.64,28.29,0,no
1236,49.44,2,robot,Equipo A,8.05,61.88,0,no
1236,49.44,3,robot,Equipo B,154.29,67.23,0,no
1236,49.44,4,robot,Equipo B,150.42,65.58,9744,no
1236,49.44,0,balon,balon,68.16,64.35,996,no
1237,49.48,1,robot,Equipo A,55.64,28.29,0,no
1237,49.48,2,robot,Equipo A,8.05,61.88,0,no
1237,49.48,3,robot,Equipo B,154.29,67.23,0,no
1237,49.48,4,robot,Equipo B,150.42,65.58,9744,no
1237,49.48,0,balon,balon,68.35,64.58,1009,no
1238,49.52,1,robot,Equipo A,55.64,28.29,0,no
1238,49.52,2,robot,Equipo A,8.05,61.88,0,no
1238,49.52,3,robot,Equipo B,154.29,67.23,0,no
1238,49.52,4,robot,Equipo B,150.42,65.58,9744,no
1238,49.52,0,balon,balon,68.7,64.83,1010,no
1239,49.56,1,robot,Equipo A,55.64,28.29,0,no
1239,49.56,2,robot,Equipo A,8.05,61.88,0,no
1239,49.56,3,robot,Equipo B,154.29,67.23,0,no
1239,49.56,4,robot,Equipo B,150.42,65.58,9744,no
1239,49.56,0,balon,balon,69.09,65.1,981,no
1240,49.6,1,robot,Equipo A,55.64,28.29,0,no
1240,49.6,2,robot,Equipo A,9.75,57.83,14129,no
1240,49.6,3,robot,Equipo B,154.29,67.23,9883,no
1240,49.6,4,robot,Equipo B,150.42,65.58,0,no
1240,49.6,0,balon,balon,69.55,65.38,987,no
1241,49.64,1,robot,Equipo A,55.64,28.29,0,no
1241,49.64,2,robot,Equipo A,11.11,54.58,14129,no
1241,49.64,3,robot,Equipo B,154.29,67.23,9883,no
1241,49.64,4,robot,Equipo B,150.42,65.58,0,no
1241,49.64,0,balon,balon,70.06,65.73,981,no
1242,49.68,1,robot,Equipo A,55.64,28.29,0,no
1242,49.68,2,robot,Equipo A,12.21,51.98,14129,no
1242,49.68,3,robot,Equipo B,154.29,67.23,9883,no
1242,49.68,4,robot,Equipo B,150.42,65.58,0,no
1242,49.68,0,balon,balon,70.54,65.99,981,no
1243,49.72,1,robot,Equipo A,55.64,28.29,0,no
1243,49.72,2,robot,Equipo A,13.08,49.91,14129,no
1243,49.72,3,robot,Equipo B,154.29,67.23,9883,no
1243,49.72,4,robot,Equipo B,150.42,65.58,0,no
1243,49.72,0,balon,balon,70.99,66.26,977,no
1244,49.76,1,robot,Equipo A,55.64,28.29,0,no
1244,49.76,2,robot,Equipo A,13.78,48.25,14129,no
1244,49.76,3,robot,Equipo B,154.29,67.23,9883,no
1244,49.76,4,robot,Equipo B,150.42,65.58,0,no
1244,49.76,0,balon,balon,71.43,66.47,969,no
1245,49.8,1,robot,Equipo A,56.38,28.73,14200,no
1245,49.8,2,robot,Equipo A,18.87,51.74,15726,no
1245,49.8,3,robot,Equipo B,154.29,67.23,9944,no
1245,49.8,4,robot,Equipo B,150.42,65.58,0,no
1245,49.8,0,balon,balon,71.86,66.65,996,no
1246,49.84,1,robot,Equipo A,57.06,29.11,14200,no
1246,49.84,2,robot,Equipo A,23.48,53.87,15726,no
1246,49.84,3,robot,Equipo B,154.29,67.23,9944,no
1246,49.84,4,robot,Equipo B,150.42,65.58,0,no
1246,49.84,0,balon,balon,72.23,66.82,971,no
1247,49.88,1,robot,Equipo A,57.69,29.44,14200,no
1247,49.88,2,robot,Equipo A,27.71,54.91,15726,no
1247,49.88,3,robot,Equipo B,154.29,67.23,9944,no
1247,49.88,4,robot,Equipo B,150.42,65.58,0,no
1247,49.88,0,balon,balon,72.56,66.91,955,no
1248,49.92,1,robot,Equipo A,58.28,29.73,14200,no
1248,49.92,2,robot,Equipo A,31.63,55.08,15726,no
1248,49.92,3,robot,Equipo B,154.29,67.23,9944,no
1248,49.92,4,robot,Equipo B,150.42,65.58,0,no
1248,49.92,0,balon,balon,72.8,67.03,963,no
1249,49.96,1,robot,Equipo A,57.67,32.25,30068,no
1249,49.96,2,robot,Equipo A,31.63,55.08,0,no
1249,49.96,3,robot,Equipo B,154.29,67.23,9944,no
1249,49.96,4,robot,Equipo B,150.42,65.58,0,no
1249,49.96,0,balon,balon,72.87,67.09,971,no
1250,50.0,1,robot,Equipo A,57.67,32.25,14675,no
1250,50.0,2,robot,Equipo A,33.18,57.33,15237,no
1250,50.0,3,robot,Equipo B,154.29,67.23,10142,no
1250,50.0,4,robot,Equipo B,150.42,65.58,0,no
1250,50.0,0,balon,balon,72.85,67.13,961,no
1251,50.04,1,robot,Equipo A,57.67,32.25,14675,no
1251,50.04,2,robot,Equipo A,34.02,59.67,15237,no
1251,50.04,3,robot,Equipo B,154.29,67.23,10142,no
1251,50.04,4,robot,Equipo B,150.42,65.58,0,no
1251,50.04,0,balon,balon,72.77,67.08,965,no
1252,50.08,1,robot,Equipo A,57.67,32.25,14675,no
1252,50.08,2,robot,Equipo A,34.3,62.09,15237,no
1252,50.08,3,robot,Equipo B,154.29,67.23,10142,no
1252,50.08,4,robot,Equipo B,150.42,65.58,0,no
1252,50.08,0,balon,balon,72.54,66.99,974,no
1253,50.12,1,robot,Equipo A,57.67,32.25,14675,no
1253,50.12,2,robot,Equipo A,34.13,64.58,15237,no
1253,50.12,3,robot,Equipo B,154.29,67.23,10142,no
1253,50.12,4,robot,Equipo B,150.42,65.58,0,no
1253,50.12,0,balon,balon,72.22,66.87,971,no
1254,50.16,1,robot,Equipo A,57.67,32.25,14675,no
1254,50.16,2,robot,Equipo A,33.59,67.12,15237,no
1254,50.16,3,robot,Equipo B,154.29,67.23,10142,no
1254,50.16,4,robot,Equipo B,150.42,65.58,0,no
1254,50.16,0,balon,balon,71.85,66.81,986,no
1255,50.2,1,robot,Equipo A,57.67,32.25,0,no
1255,50.2,2,robot,Equipo A,34.33,66.9,15092,no
1255,50.2,3,robot,Equipo B,154.29,67.23,9978,no
1255,50.2,4,robot,Equipo B,150.42,65.58,0,no
1255,50.2,0,balon,balon,71.45,66.71,965,no
1256,50.24,1,robot,Equipo A,57.67,32.25,0,no
1256,50.24,2,robot,Equipo A,35.14,66.26,15092,no
1256,50.24,3,robot,Equipo B,154.29,67.23,9978,no
1256,50.24,4,robot,Equipo B,150.42,65.58,0,no
1256,50.24,0,balon,balon,71.05,66.53,981,no
1257,50.28,1,robot,Equipo A,57.67,32.25,0,no
1257,50.28,2,robot,Equipo A,36.02,65.29,15092,no
1257,50.28,3,robot,Equipo B,154.29,67.23,9978,no
1257,50.28,4,robot,Equipo B,150.42,65.58,0,no
1257,50.28,0,balon,balon,70.63,66.36,989,no
1258,50.32,1,robot,Equipo A,57.67,32.25,0,no
1258,50.32,2,robot,Equipo A,36.94,64.04,15092,no
1258,50.32,3,robot,Equipo B,154.29,67.23,9978,no
1258,50.32,4,robot,Equipo B,150.42,65.58,0,no
1258,50.32,0,balon,balon,70.21,66.2,995,no
1259,50.36,1,robot,Equipo A,57.67,32.25,0,no
1259,50.36,2,robot,Equipo A,37.91,62.59,15092,no
1259,50.36,3,robot,Equipo B,154.29,67.23,9978,no
1259,50.36,4,robot,Equipo B,150.42,65.58,0,no
1259,50.36,0,balon,balon,69.86,66.12,986,no
1260,50.4,1,robot,Equipo A,57.3,31.64,14694,no
1260,50.4,2,robot,Equipo A,37.36,63.16,15157,no
1260,50.4,3,robot,Equipo B,154.29,67.23,9968,no
1260,50.4,4,robot,Equipo B,150.42,65.58,0,no
1260,50.4,0,balon,balon,69.53,66.01,995,no
1261,50.44,1,robot,Equipo A,56.89,31.06,14694,no
1261,50.44,2,robot,Equipo A,36.66,63.96,15157,no
1261,50.44,3,robot,Equipo B,154.29,67.23,9968,no
1261,50.44,4,robot,Equipo B,150.42,65.58,0,no
1261,50.44,0,balon,balon,69.22,65.94,984,no
1262,50.48,1,robot,Equipo A,56.45,30.51,14694,no
1262,50.48,2,robot,Equipo A,35.84,64.95,15157,no
1262,50.48,3,robot,Equipo B,154.29,67.23,9968,no
1262,50.48,4,robot,Equipo B,150.42,65.58,0,no
1262,50.48,0,balon,balon,68.99,65.84,987,no
1263,50.52,1,robot,Equipo A,55.98,29.98,14694,no
1263,50.52,2,robot,Equipo A,34.94,66.08,15157,no
1263,50.52,3,robot,Equipo B,154.29,67.23,9968,no
1263,50.52,4,robot,Equipo B,150.42,65.58,0,no
1263,50.52,0,balon,balon,68.73,65.79,999,no
1264,50.56,1,robot,Equipo A,55.5,29.47,14694,no
1264,50.56,2,robot,Equipo A,33.95,67.34,15157,no
1264,50.56,3,robot,Equipo B,154.29,67.23,9968,no
1264,50.56,4,robot,Equipo B,150.42,65.58,0,no
1264,50.56,0,balon,balon,68.47,65.76,998,no
1265,50.6,1,robot,Equipo A,55.5,29.47,14941,no
1265,50.6,2,robot,Equipo A,30.48,62.92,7029,no
1265,50.6,3,robot,Equipo B,154.29,67.23,0,no
1265,50.6,4,robot,Equipo B,150.42,65.58,10204,no
1265,50.6,0,balon,balon,68.32,65.74,1011,no
1266,50.64,1,robot,Equipo A,55.5,29.47,14941,no
1266,50.64,2,robot,Equipo A,27.61,59.52,7029,no
1266,50.64,3,robot,Equipo B,154.29,67.23,0,no
1266,50.64,4,robot,Equipo B,150.42,65.58,10204,no
1266,50.64,0,balon,balon,68.18,65.73,1009,no
1267,50.68,1,robot,Equipo A,55.5,29.47,14941,no
1267,50.68,2,robot,Equipo A,25.23,56.95,7029,no
1267,50.68,3,robot,Equipo B,154.29,67.23,0,no
1267,50.68,4,robot,Equipo B,150.42,65.58,10204,no
1267,50.68,0,balon,balon,68.1,65.73,998,no
1268,50.72,1,robot,Equipo A,55.5,29.47,14941,no
1268,50.72,2,robot,Equipo A,23.25,55.03,7029,no
1268,50.72,3,robot,Equipo B,154.29,67.23,0,no
1268,50.72,4,robot,Equipo B,150.42,65.58,10204,no
1268,50.72,0,balon,balon,68.05,65.72,1010,no
1269,50.76,1,robot,Equipo A,55.5,29.47,14941,no
1269,50.76,2,robot,Equipo A,21.57,53.65,7029,no
1269,50.76,3,robot,Equipo B,154.29,67.23,0,no
1269,50.76,4,robot,Equipo B,150.42,65.58,10204,no
1269,50.76,0,balon,balon,68.03,65.79,1009,no
1270,50.8,1,robot,Equipo A,55.5,29.47,14975,no
1270,50.8,2,robot,Equipo A,24.03,56.0,15896,no
1270,50.8,3,robot,Equipo B,154.29,67.23,0,no
1270,50.8,4,robot,Equipo B,150.42,65.58,10183,no
1270,50.8,0,balon,balon,68.14,65.89,1003,no
1271,50.84,1,robot,Equipo A,55.5,29.47,14975,no
1271,50.84,2,robot,Equipo A,26.17,57.6,15896,no
1271,50.84,3,robot,Equipo B,154.29,67.23,10183,no
1271,50.84,4,robot,Equipo B,150.42,65.58,0,no
1271,50.84,0,balon,balon,68.27,65.94,986,no
1272,50.88,1,robot,Equipo A,55.5,29.47,14975,no
1272,50.88,2,robot,Equipo A,28.05,58.59,15896,no
1272,50.88,3,robot,Equipo B,154.29,67.23,10183,no
1272,50.88,4,robot,Equipo B,150.42,65.58,0,no
1272,50.88,0,balon,balon,68.47,66.04,999,no
1273,50.92,1,robot,Equipo A,55.5,29.47,14975,no
1273,50.92,2,robot,Equipo A,29.72,59.09,15896,no
1273,50.92,3,robot,Equipo B,154.29,67.23,10183,no
1273,50.92,4,robot,Equipo B,150.42,65.58,0,no
1273,50.92,0,balon,balon,68.64,66.09,1005,no
1274,50.96,1,robot,Equipo A,55.5,29.47,14975,no
1274,50.96,2,robot,Equipo A,31.23,59.2,15896,no
1274,50.96,3,robot,Equipo B,154.29,67.23,10183,no
1274,50.96,4,robot,Equipo B,150.42,65.58,0,no
1274,50.96,0,balon,balon,68.86,66.12,983,no
1275,51.0,1,robot,Equipo A,55.5,29.47,14789,no
1275,51.0,2,robot,Equipo A,32.04,60.54,16078,no
1275,51.0,3,robot,Equipo B,154.29,67.23,10041,no
1275,51.0,4,robot,Equipo B,150.42,65.58,0,no
1275,51.0,0,balon,balon,69.11,66.14,990,no
1276,51.04,1,robot,Equipo A,55.5,29.47,14789,no
1276,51.04,2,robot,Equipo A,32.6,61.86,16078,no
1276,51.04,3,robot,Equipo B,154.29,67.23,10041,no
1276,51.04,4,robot,Equipo B,150.42,65.58,0,no
1276,51.04,0,balon,balon,69.38,66.15,980,no
1277,51.08,1,robot,Equipo A,55.5,29.47,14789,no
1277,51.08,2,robot,Equipo A,32.96,63.19,16078,no
1277,51.08,3,robot,Equipo B,154.29,67.23,10041,no
1277,51.08,4,robot,Equipo B,150.42,65.58,0,no
1277,51.08,0,balon,balon,69.65,66.15,997,no
1278,51.12,1,robot,Equipo A,55.5,29.47,14789,no
1278,51.12,2,robot,Equipo A,33.17,64.5,16078,no
1278,51.12,3,robot,Equipo B,154.29,67.23,10041,no
1278,51.12,4,robot,Equipo B,150.42,65.58,0,no
1278,51.12,0,balon,balon,69.86,66.16,998,no
1279,51.16,1,robot,Equipo A,55.99,29.62,14789,no
1279,51.16,2,robot,Equipo A,33.25,65.82,16078,no
1279,51.16,3,robot,Equipo B,154.29,67.23,10041,no
1279,51.16,4,robot,Equipo B,150.42,65.58,0,no
1279,51.16,0,balon,balon,70.11,66.16,995,no
1280,51.2,1,robot,Equipo A,55.99,29.62,14750,no
1280,51.2,2,robot,Equipo A,33.91,65.8,15400,no
1280,51.2,3,robot,Equipo B,154.29,67.23,10310,no
1280,51.2,4,robot,Equipo B,150.42,65.58,0,no
1280,51.2,0,balon,balon,70.31,66.16,998,no
1281,51.24,1,robot,Equipo A,55.99,29.62,14750,no
1281,51.24,2,robot,Equipo A,34.55,65.58,15400,no
1281,51.24,3,robot,Equipo B,154.29,67.23,10310,no
1281,51.24,4,robot,Equipo B,150.42,65.58,0,no
1281,51.24,0,balon,balon,70.48,66.16,989,no
1282,51.28,1,robot,Equipo A,55.99,29.62,14750,no
1282,51.28,2,robot,Equipo A,35.18,65.2,15400,no
1282,51.28,3,robot,Equipo B,154.29,67.23,10310,no
1282,51.28,4,robot,Equipo B,150.42,65.58,0,no
1282,51.28,0,balon,balon,70.64,66.16,1000,no
1283,51.32,1,robot,Equipo A,55.99,29.62,14750,no
1283,51.32,2,robot,Equipo A,35.79,64.7,15400,no
1283,51.32,3,robot,Equipo B,154.29,67.23,10310,no
1283,51.32,4,robot,Equipo B,150.42,65.58,0,no
1283,51.32,0,balon,balon,70.72,66.16,992,no
1284,51.36,1,robot,Equipo A,55.99,29.62,14750,no
1284,51.36,2,robot,Equipo A,36.4,64.1,15400,no
1284,51.36,3,robot,Equipo B,154.29,67.23,10310,no
1284,51.36,4,robot,Equipo B,150.42,65.58,0,no
1284,51.36,0,balon,balon,70.83,66.16,1002,no
1285,51.4,1,robot,Equipo A,55.99,29.62,14821,no
1285,51.4,2,robot,Equipo A,36.4,64.1,15106,no
1285,51.4,3,robot,Equipo B,154.29,67.23,10414,no
1285,51.4,4,robot,Equipo B,150.42,65.58,0,no
1285,51.4,0,balon,balon,70.9,66.16,995,no
1286,51.44,1,robot,Equipo A,55.99,29.62,14821,no
1286,51.44,2,robot,Equipo A,36.46,64.62,15106,no
1286,51.44,3,robot,Equipo B,154.29,67.23,10414,no
1286,51.44,4,robot,Equipo B,150.42,65.58,0,no
1286,51.44,0,balon,balon,70.93,66.16,987,no
1287,51.48,1,robot,Equipo A,55.99,29.62,14821,no
1287,51.48,2,robot,Equipo A,36.42,65.22,15106,no
1287,51.48,3,robot,Equipo B,154.29,67.23,10414,no
1287,51.48,4,robot,Equipo B,150.42,65.58,0,no
1287,51.48,0,balon,balon,70.88,66.09,986,no
1288,51.52,1,robot,Equipo A,55.99,29.62,14821,no
1288,51.52,2,robot,Equipo A,36.3,65.87,15106,no
1288,51.52,3,robot,Equipo B,154.29,67.23,10414,no
1288,51.52,4,robot,Equipo B,150.42,65.58,0,no
1288,51.52,0,balon,balon,70.86,66.06,995,no
1289,51.56,1,robot,Equipo A,55.99,29.62,14821,no
1289,51.56,2,robot,Equipo A,36.13,66.56,15106,no
1289,51.56,3,robot,Equipo B,154.29,67.23,10414,no
1289,51.56,4,robot,Equipo B,150.42,65.58,0,no
1289,51.56,0,balon,balon,70.78,66.03,984,no
1290,51.6,1,robot,Equipo A,55.99,29.62,14893,no
1290,51.6,2,robot,Equipo A,36.13,66.56,14983,no
1290,51.6,3,robot,Equipo B,154.29,67.23,10593,no
1290,51.6,4,robot,Equipo B,150.42,65.58,0,no
1290,51.6,0,balon,balon,70.68,66.02,999,no
1291,51.64,1,robot,Equipo A,55.99,29.62,14893,no
1291,51.64,2,robot,Equipo A,36.13,66.56,14983,no
1291,51.64,3,robot,Equipo B,154.29,67.23,10593,no
1291,51.64,4,robot,Equipo B,150.42,65.58,0,no
1291,51.64,0,balon,balon,70.56,66.02,997,no
1292,51.68,1,robot,Equipo A,55.99,29.62,14893,no
1292,51.68,2,robot,Equipo A,36.35,66.1,14983,no
1292,51.68,3,robot,Equipo B,154.29,67.23,10593,no
1292,51.68,4,robot,Equipo B,150.42,65.58,0,no
1292,51.68,0,balon,balon,70.43,66.01,998,no
1293,51.72,1,robot,Equipo A,55.99,29.62,14893,no
1293,51.72,2,robot,Equipo A,36.59,65.6,14983,no
1293,51.72,3,robot,Equipo B,154.29,67.23,10593,no
1293,51.72,4,robot,Equipo B,150.42,65.58,0,no
1293,51.72,0,balon,balon,70.29,66.01,1001,no
1294,51.76,1,robot,Equipo A,55.99,29.62,14893,no
1294,51.76,2,robot,Equipo A,36.84,65.04,14983,no
1294,51.76,3,robot,Equipo B,154.29,67.23,10593,no
1294,51.76,4,robot,Equipo B,150.42,65.58,0,no
1294,51.76,0,balon,balon,70.15,66.01,995,no
1295,51.8,1,robot,Equipo A,55.99,29.62,14923,no
1295,51.8,2,robot,Equipo A,36.84,65.04,15009,no
1295,51.8,3,robot,Equipo B,154.29,67.23,10535,no
1295,51.8,4,robot,Equipo B,150.42,65.58,0,no
1295,51.8,0,balon,balon,70.07,66.01,1011,no
1296,51.84,1,robot,Equipo A,55.99,29.62,14923,no
1296,51.84,2,robot,Equipo A,36.84,65.04,15009,no
1296,51.84,3,robot,Equipo B,154.29,67.23,10535,no
1296,51.84,4,robot,Equipo B,150.42,65.58,0,no
1296,51.84,0,balon,balon,69.97,66.01,996,no
1297,51.88,1,robot,Equipo A,55.99,29.62,14923,no
1297,51.88,2,robot,Equipo A,36.84,65.04,15009,no
1297,51.88,3,robot,Equipo B,154.29,67.23,10535,no
1297,51.88,4,robot,Equipo B,150.42,65.58,0,no
1297,51.88,0,balon,balon,69.91,66.01,1008,no
1298,51.92,1,robot,Equipo A,55.99,29.62,14923,no
1298,51.92,2,robot,Equipo A,36.44,65.5,15009,no
1298,51.92,3,robot,Equipo B,154.29,67.23,10535,no
1298,51.92,4,robot,Equipo B,150.42,65.58,0,no
1298,51.92,0,balon,balon,69.82,66.01,1004,no
1299,51.96,1,robot,Equipo A,55.99,29.62,14923,no
1299,51.96,2,robot,Equipo A,36.04,65.97,15009,no
1299,51.96,3,robot,Equipo B,154.29,67.23,10535,no
1299,51.96,4,robot,Equipo B,150.42,65.58,0,no
1299,51.96,0,balon,balon,69.76,66.01,998,no
1300,52.0,1,robot,Equipo A,55.99,29.62,17331,no
1300,52.0,2,robot,Equipo A,36.04,65.97,15124,no
1300,52.0,3,robot,Equipo B,154.29,67.23,10454,no
1300,52.0,4,robot,Equipo B,150.42,65.58,0,no
1300,52.0,0,balon,balon,69.74,66.01,1007,no
1301,52.04,1,robot,Equipo A,55.99,29.62,17331,no
1301,52.04,2,robot,Equipo A,36.04,65.97,15124,no
1301,52.04,3,robot,Equipo B,154.29,67.23,10454,no
1301,52.04,4,robot,Equipo B,150.42,65.58,0,no
1301,52.04,0,balon,balon,69.72,66.01,1011,no
1302,52.08,1,robot,Equipo A,55.99,29.62,17331,no
1302,52.08,2,robot,Equipo A,36.04,65.97,15124,no
1302,52.08,3,robot,Equipo B,154.29,67.23,10454,no
1302,52.08,4,robot,Equipo B,150.42,65.58,0,no
1302,52.08,0,balon,balon,69.71,66.01,1000,no
1303,52.12,1,robot,Equipo A,55.99,29.62,17331,no
1303,52.12,2,robot,Equipo A,36.04,65.97,15124,no
1303,52.12,3,robot,Equipo B,154.29,67.23,10454,no
1303,52.12,4,robot,Equipo B,150.42,65.58,0,no
1303,52.12,0,balon,balon,69.71,66.01,0,no
1304,52.16,1,robot,Equipo A,55.99,29.62,17331,no
1304,52.16,2,robot,Equipo A,36.04,65.97,15124,no
1304,52.16,3,robot,Equipo B,154.29,67.23,10454,no
1304,52.16,4,robot,Equipo B,150.42,65.58,0,no
1304,52.16,0,balon,balon,69.71,66.01,0,no
1305,52.2,1,robot,Equipo A,55.99,29.62,0,no
1305,52.2,2,robot,Equipo A,36.04,65.97,15910,no
1305,52.2,3,robot,Equipo B,154.29,67.23,10389,no
1305,52.2,4,robot,Equipo B,150.42,65.58,0,no
1305,52.2,0,balon,balon,69.71,66.01,0,no
1306,52.24,1,robot,Equipo A,55.99,29.62,0,no
1306,52.24,2,robot,Equipo A,36.04,65.97,15910,no
1306,52.24,3,robot,Equipo B,154.29,67.23,10389,no
1306,52.24,4,robot,Equipo B,150.42,65.58,0,no
1306,52.24,0,balon,balon,69.71,66.01,0,no
1307,52.28,1,robot,Equipo A,55.99,29.62,0,no
1307,52.28,2,robot,Equipo A,36.04,65.97,15910,no
1307,52.28,3,robot,Equipo B,154.29,67.23,10389,no
1307,52.28,4,robot,Equipo B,150.42,65.58,0,no
1307,52.28,0,balon,balon,69.71,66.01,0,no
1308,52.32,1,robot,Equipo A,55.99,29.62,0,no
1308,52.32,2,robot,Equipo A,36.04,65.97,15910,no
1308,52.32,3,robot,Equipo B,154.29,67.23,10389,no
1308,52.32,4,robot,Equipo B,150.42,65.58,0,no
1308,52.32,0,balon,balon,69.71,66.01,0,no
1309,52.36,1,robot,Equipo A,55.99,29.62,0,no
1309,52.36,2,robot,Equipo A,36.04,65.97,15910,no
1309,52.36,3,robot,Equipo B,154.29,67.23,10389,no
1309,52.36,4,robot,Equipo B,150.42,65.58,0,no
1309,52.36,0,balon,balon,69.71,66.01,0,no
1310,52.4,1,robot,Equipo A,55.99,29.62,0,no
1310,52.4,2,robot,Equipo A,30.7,67.66,11431,no
1310,52.4,3,robot,Equipo B,154.29,67.23,10403,no
1310,52.4,4,robot,Equipo B,150.42,65.58,0,no
1310,52.4,0,balon,balon,69.71,66.01,0,no
1311,52.44,1,robot,Equipo A,55.99,29.62,0,no
1311,52.44,2,robot,Equipo A,26.43,68.86,11597,no
1311,52.44,3,robot,Equipo B,154.29,67.23,10403,no
1311,52.44,4,robot,Equipo B,150.42,65.58,0,no
1311,52.44,0,balon,balon,69.71,66.01,0,no
1312,52.48,1,robot,Equipo A,49.24,30.63,14021,no
1312,52.48,2,robot,Equipo A,22.93,69.71,11527,no
1312,52.48,3,robot,Equipo B,154.29,67.23,10403,no
1312,52.48,4,robot,Equipo B,150.42,65.58,0,no
1312,52.48,0,balon,balon,69.71,66.01,0,no
1313,52.52,1,robot,Equipo A,44.26,31.15,14021,no
1313,52.52,2,robot,Equipo A,20.27,70.27,10675,no
1313,52.52,3,robot,Equipo B,154.29,67.23,10403,no
1313,52.52,4,robot,Equipo B,150.42,65.58,0,no
1313,52.52,0,balon,balon,69.71,66.01,0,no
1314,52.56,1,robot,Equipo A,40.71,31.27,14021,no
1314,52.56,2,robot,Equipo A,18.23,70.57,10588,no
1314,52.56,3,robot,Equipo B,154.29,67.23,10403,no
1314,52.56,4,robot,Equipo B,150.42,65.58,0,no
1314,52.56,0,balon,balon,69.71,66.01,0,no
1315,52.6,1,robot,Equipo A,36.39,32.44,11218,no
1315,52.6,2,robot,Equipo A,16.45,71.1,12454,no
1315,52.6,3,robot,Equipo B,154.29,67.23,10395,no
1315,52.6,4,robot,Equipo B,150.42,65.58,0,no
1315,52.6,0,balon,balon,69.71,66.01,0,no
1316,52.64,1,robot,Equipo A,32.51,33.55,11218,no
1316,52.64,2,robot,Equipo A,15.0,71.59,12337,no
1316,52.64,3,robot,Equipo B,154.29,67.23,10395,no
1316,52.64,4,robot,Equipo B,150.42,65.58,0,no
1316,52.64,0,balon,balon,69.71,66.01,0,no
1317,52.68,1,robot,Equipo A,28.99,34.61,11218,no
1317,52.68,2,robot,Equipo A,13.82,72.0,11942,no
1317,52.68,3,robot,Equipo B,154.29,67.23,10395,no
1317,52.68,4,robot,Equipo B,150.42,65.58,0,no
1317,52.68,0,balon,balon,69.71,66.01,0,no
1318,52.72,1,robot,Equipo A,25.71,35.61,11272,no
1318,52.72,2,robot,Equipo A,12.81,72.39,11551,no
1318,52.72,3,robot,Equipo B,154.29,67.23,10395,no
1318,52.72,4,robot,Equipo B,150.42,65.58,0,no
1318,52.72,0,balon,balon,69.71,66.01,0,no
1319,52.76,1,robot,Equipo A,22.72,36.6,11115,no
1319,52.76,2,robot,Equipo A,11.98,72.76,11106,no
1319,52.76,3,robot,Equipo B,154.29,67.23,10395,no
1319,52.76,4,robot,Equipo B,150.42,65.58,0,no
1319,52.76,0,balon,balon,69.71,66.01,0,no
1320,52.8,1,robot,Equipo A,22.09,36.39,7881,no
1320,52.8,2,robot,Equipo A,12.3,70.52,9282,no
1320,52.8,3,robot,Equipo B,154.29,67.23,10325,no
1320,52.8,4,robot,Equipo B,150.42,65.58,0,no
1320,52.8,0,balon,balon,69.71,66.01,0,no
1321,52.84,1,robot,Equipo A,21.89,35.84,7881,no
1321,52.84,2,robot,Equipo A,12.08,68.69,9316,no
1321,52.84,3,robot,Equipo B,154.29,67.23,10325,no
1321,52.84,4,robot,Equipo B,150.42,65.58,0,no
1321,52.84,0,balon,balon,69.71,66.01,0,no
1322,52.88,1,robot,Equipo A,22.05,35.03,7881,no
1322,52.88,2,robot,Equipo A,11.45,67.2,9205,no
1322,52.88,3,robot,Equipo B,154.29,67.23,10325,no
1322,52.88,4,robot,Equipo B,150.42,65.58,0,no
1322,52.88,0,balon,balon,69.71,66.01,0,no
1323,52.92,1,robot,Equipo A,22.48,34.0,7881,no
1323,52.92,2,robot,Equipo A,10.74,66.21,7761,no
1323,52.92,3,robot,Equipo B,154.29,67.23,10325,no
1323,52.92,4,robot,Equipo B,150.42,65.58,0,no
1323,52.92,0,balon,balon,69.71,66.01,0,no
1324,52.96,1,robot,Equipo A,23.14,32.81,7881,no
1324,52.96,2,robot,Equipo A,9.98,65.65,6513,no
1324,52.96,3,robot,Equipo B,154.29,67.23,11114,no
1324,52.96,4,robot,Equipo B,150.42,65.58,0,no
1324,52.96,0,balon,balon,69.71,66.01,0,no
1325,53.0,1,robot,Equipo A,22.59,33.12,4833,no
1325,53.0,2,robot,Equipo A,10.71,64.31,10353,no
1325,53.0,3,robot,Equipo B,154.29,67.23,10222,no
1325,53.0,4,robot,Equipo B,150.42,65.58,0,no
1325,53.0,0,balon,balon,69.71,66.01,0,no
1326,53.04,1,robot,Equipo A,22.01,33.86,4833,no
1326,53.04,2,robot,Equipo A,11.57,63.23,10187,no
1326,53.04,3,robot,Equipo B,154.29,67.23,10222,no
1326,53.04,4,robot,Equipo B,150.42,65.58,0,no
1326,53.04,0,balon,balon,69.71,66.01,0,no
1327,53.08,1,robot,Equipo A,21.41,34.95,4833,no
1327,53.08,2,robot,Equipo A,12.54,62.37,9979,no
1327,53.08,3,robot,Equipo B,154.29,67.23,10222,no
1327,53.08,4,robot,Equipo B,150.42,65.58,0,no
1327,53.08,0,balon,balon,69.71,66.01,0,no
1328,53.12,1,robot,Equipo A,20.78,36.31,4833,no
1328,53.12,2,robot,Equipo A,13.57,61.66,9709,no
1328,53.12,3,robot,Equipo B,154.29,67.23,10222,no
1328,53.12,4,robot,Equipo B,150.42,65.58,0,no
1328,53.12,0,balon,balon,69.71,66.01,0,no
1329,53.16,1,robot,Equipo A,20.78,36.31,0,no
1329,53.16,2,robot,Equipo A,14.54,60.01,15382,no
1329,53.16,3,robot,Equipo B,154.29,67.23,10222,no
1329,53.16,4,robot,Equipo B,150.42,65.58,0,no
1329,53.16,0,balon,balon,69.71,66.01,0,no
1330,53.2,1,robot,Equipo A,21.02,35.75,1916,no
1330,53.2,2,robot,Equipo A,13.42,62.92,15284,no
1330,53.2,3,robot,Equipo B,154.29,67.23,10317,no
1330,53.2,4,robot,Equipo B,150.42,65.58,0,no
1330,53.2,0,balon,balon,69.71,66.01,0,no
1331,53.24,1,robot,Equipo A,21.32,34.9,1916,no
1331,53.24,2,robot,Equipo A,12.55,65.15,16138,no
1331,53.24,3,robot,Equipo B,154.29,67.23,10317,no
1331,53.24,4,robot,Equipo B,150.42,65.58,0,no
1331,53.24,0,balon,balon,69.71,66.01,0,no
1332,53.28,1,robot,Equipo A,21.67,33.81,1916,no
1332,53.28,2,robot,Equipo A,12.11,66.8,14835,no
1332,53.28,3,robot,Equipo B,154.29,67.23,10317,no
1332,53.28,4,robot,Equipo B,150.42,65.58,0,no
1332,53.28,0,balon,balon,69.71,66.01,0,no
1333,53.32,1,robot,Equipo A,22.07,32.54,1916,no
1333,53.32,2,robot,Equipo A,11.9,68.0,14643,no
1333,53.32,3,robot,Equipo B,154.29,67.23,10317,no
1333,53.32,4,robot,Equipo B,150.42,65.58,0,no
1333,53.32,0,balon,balon,69.71,66.01,0,no
1334,53.36,1,robot,Equipo A,22.5,31.11,1916,no
1334,53.36,2,robot,Equipo A,11.9,68.84,14475,no
1334,53.36,3,robot,Equipo B,154.29,67.23,10317,no
1334,53.36,4,robot,Equipo B,150.42,65.58,0,no
1334,53.36,0,balon,balon,69.71,66.01,0,no
1335,53.4,1,robot,Equipo A,22.5,31.11,0,no
1335,53.4,2,robot,Equipo A,12.46,66.43,14603,no
1335,53.4,3,robot,Equipo B,154.29,67.23,10174,no
1335,53.4,4,robot,Equipo B,150.42,65.58,0,no
1335,53.4,0,balon,balon,69.71,66.01,0,no
1336,53.44,1,robot,Equipo A,22.5,31.11,0,no
1336,53.44,2,robot,Equipo A,12.95,64.18,14605,no
1336,53.44,3,robot,Equipo B,154.29,67.23,10174,no
1336,53.44,4,robot,Equipo B,150.42,65.58,0,no
1336,53.44,0,balon,balon,69.71,66.01,0,no
1337,53.48,1,robot,Equipo A,22.5,31.11,0,no
1337,53.48,2,robot,Equipo A,13.36,62.06,14605,no
1337,53.48,3,robot,Equipo B,154.29,67.23,10174,no
1337,53.48,4,robot,Equipo B,150.42,65.58,0,no
1337,53.48,0,balon,balon,69.71,66.01,0,no
1338,53.52,1,robot,Equipo A,22.5,31.11,0,no
1338,53.52,2,robot,Equipo A,13.72,60.05,14605,no
1338,53.52,3,robot,Equipo B,154.29,67.23,10174,no
1338,53.52,4,robot,Equipo B,150.42,65.58,0,no
1338,53.52,0,balon,balon,69.71,66.01,0,no
1339,53.56,1,robot,Equipo A,22.5,31.11,0,no
1339,53.56,2,robot,Equipo A,14.04,58.12,14605,no
1339,53.56,3,robot,Equipo B,154.29,67.23,10174,no
1339,53.56,4,robot,Equipo B,150.42,65.58,0,no
1339,53.56,0,balon,balon,69.71,66.01,0,no
1340,53.6,1,robot,Equipo A,22.5,31.11,0,no
1340,53.6,2,robot,Equipo A,14.04,58.12,0,no
1340,53.6,3,robot,Equipo B,154.29,67.23,10351,no
1340,53.6,4,robot,Equipo B,150.42,65.58,0,no
1340,53.6,0,balon,balon,69.71,66.01,0,no
1341,53.64,1,robot,Equipo A,22.5,31.11,0,no
1341,53.64,2,robot,Equipo A,14.04,58.12,0,no
1341,53.64,3,robot,Equipo B,154.29,67.23,10351,no
1341,53.64,4,robot,Equipo B,150.42,65.58,0,no
1341,53.64,0,balon,balon,69.71,66.01,0,no
1342,53.68,1,robot,Equipo A,22.5,31.11,0,no
1342,53.68,2,robot,Equipo A,14.04,58.12,0,no
1342,53.68,3,robot,Equipo B,154.29,67.23,10351,no
1342,53.68,4,robot,Equipo B,150.42,65.58,0,no
1342,53.68,0,balon,balon,69.71,66.01,0,no
1343,53.72,1,robot,Equipo A,22.5,31.11,0,no
1343,53.72,2,robot,Equipo A,14.04,58.12,0,no
1343,53.72,3,robot,Equipo B,154.29,67.23,10351,no
1343,53.72,4,robot,Equipo B,150.42,65.58,0,no
1343,53.72,0,balon,balon,69.71,66.01,0,no
1344,53.76,1,robot,Equipo A,22.5,31.11,0,no
1344,53.76,2,robot,Equipo A,14.04,58.12,0,no
1344,53.76,3,robot,Equipo B,154.29,67.23,10351,no
1344,53.76,4,robot,Equipo B,150.42,65.58,0,no
1344,53.76,0,balon,balon,69.71,66.01,0,no
1345,53.8,1,robot,Equipo A,22.5,31.11,0,no
1345,53.8,2,robot,Equipo A,14.04,58.12,15272,no
1345,53.8,3,robot,Equipo B,154.29,67.23,10118,no
1345,53.8,4,robot,Equipo B,150.42,65.58,0,no
1345,53.8,0,balon,balon,69.71,66.01,0,no
1346,53.84,1,robot,Equipo A,22.5,31.11,0,no
1346,53.84,2,robot,Equipo A,14.04,58.12,15126,no
1346,53.84,3,robot,Equipo B,154.29,67.23,10118,no
1346,53.84,4,robot,Equipo B,150.42,65.58,0,no
1346,53.84,0,balon,balon,69.71,66.01,0,no
1347,53.88,1,robot,Equipo A,22.5,31.11,0,no
1347,53.88,2,robot,Equipo A,14.04,58.12,14630,no
1347,53.88,3,robot,Equipo B,154.29,67.23,10118,no
1347,53.88,4,robot,Equipo B,150.42,65.58,0,no
1347,53.88,0,balon,balon,69.71,66.01,0,no
1348,53.92,1,robot,Equipo A,22.5,31.11,0,no
1348,53.92,2,robot,Equipo A,13.86,58.74,14154,no
1348,53.92,3,robot,Equipo B,154.29,67.23,10118,no
1348,53.92,4,robot,Equipo B,150.42,65.58,0,no
1348,53.92,0,balon,balon,69.71,66.01,0,no
1349,53.96,1,robot,Equipo A,22.5,31.11,0,no
1349,53.96,2,robot,Equipo A,13.64,59.48,13725,no
1349,53.96,3,robot,Equipo B,154.29,67.23,10118,no
1349,53.96,4,robot,Equipo B,150.42,65.58,0,no
1349,53.96,0,balon,balon,69.71,66.01,0,no
1350,54.0,1,robot,Equipo A,22.5,31.11,0,no
1350,54.0,2,robot,Equipo A,13.64,59.48,14370,no
1350,54.0,3,robot,Equipo B,154.29,67.23,10062,no
1350,54.0,4,robot,Equipo B,150.42,65.58,0,no
1350,54.0,0,balon,balon,69.71,66.01,0,no
1351,54.04,1,robot,Equipo A,22.5,31.11,0,no
1351,54.04,2,robot,Equipo A,13.72,58.85,14370,no
1351,54.04,3,robot,Equipo B,154.29,67.23,10062,no
1351,54.04,4,robot,Equipo B,150.42,65.58,0,no
1351,54.04,0,balon,balon,69.71,66.01,0,no
1352,54.08,1,robot,Equipo A,22.5,31.11,0,no
1352,54.08,2,robot,Equipo A,13.78,58.14,14370,no
1352,54.08,3,robot,Equipo B,154.29,67.23,10062,no
1352,54.08,4,robot,Equipo B,150.42,65.58,0,no
1352,54.08,0,balon,balon,69.71,66.01,0,no
1353,54.12,1,robot,Equipo A,22.5,31.11,0,no
1353,54.12,2,robot,Equipo A,13.83,57.38,14370,no
1353,54.12,3,robot,Equipo B,154.29,67.23,10062,no
1353,54.12,4,robot,Equipo B,150.42,65.58,0,no
1353,54.12,0,balon,balon,69.71,66.01,0,no
1354,54.16,1,robot,Equipo A,22.5,31.11,0,no
1354,54.16,2,robot,Equipo A,13.87,56.56,14370,no
1354,54.16,3,robot,Equipo B,154.29,67.23,10062,no
1354,54.16,4,robot,Equipo B,150.42,65.58,0,no
1354,54.16,0,balon,balon,69.71,66.01,0,no
1355,54.2,1,robot,Equipo A,22.5,31.11,0,no
1355,54.2,2,robot,Equipo A,13.87,56.56,14346,no
1355,54.2,3,robot,Equipo B,154.29,67.23,10114,no
1355,54.2,4,robot,Equipo B,150.42,65.58,0,no
1355,54.2,0,balon,balon,69.71,66.01,0,no
1356,54.24,1,robot,Equipo A,22.5,31.11,0,no
1356,54.24,2,robot,Equipo A,13.87,56.56,14320,no
1356,54.24,3,robot,Equipo B,154.29,67.23,10114,no
1356,54.24,4,robot,Equipo B,150.42,65.58,0,no
1356,54.24,0,balon,balon,69.71,66.01,0,no
1357,54.28,1,robot,Equipo A,22.5,31.11,0,no
1357,54.28,2,robot,Equipo A,13.87,56.56,14209,no
1357,54.28,3,robot,Equipo B,154.29,67.23,10114,no
1357,54.28,4,robot,Equipo B,150.42,65.58,0,no
1357,54.28,0,balon,balon,69.71,66.01,0,no
1358,54.32,1,robot,Equipo A,22.5,31.11,0,no
1358,54.32,2,robot,Equipo A,13.93,57.06,13869,no
1358,54.32,3,robot,Equipo B,154.29,67.23,10114,no
1358,54.32,4,robot,Equipo B,150.42,65.58,0,no
1358,54.32,0,balon,balon,69.71,66.01,0,no
1359,54.36,1,robot,Equipo A,22.5,31.11,0,no
1359,54.36,2,robot,Equipo A,13.95,57.58,13574,no
1359,54.36,3,robot,Equipo B,154.29,67.23,10114,no
1359,54.36,4,robot,Equipo B,150.42,65.58,0,no
1359,54.36,0,balon,balon,69.71,66.01,0,no
1360,54.4,1,robot,Equipo A,22.5,31.11,0,no
1360,54.4,2,robot,Equipo A,13.95,57.58,0,no
1360,54.4,3,robot,Equipo B,154.29,67.23,9972,no
1360,54.4,4,robot,Equipo B,150.42,65.58,0,no
1360,54.4,0,balon,balon,69.71,66.01,0,no
1361,54.44,1,robot,Equipo A,22.5,31.11,0,no
1361,54.44,2,robot,Equipo A,13.95,57.58,0,no
1361,54.44,3,robot,Equipo B,154.29,67.23,9972,no
1361,54.44,4,robot,Equipo B,150.42,65.58,0,no
1361,54.44,0,balon,balon,69.71,66.01,0,no
1362,54.48,1,robot,Equipo A,22.5,31.11,0,no
1362,54.48,2,robot,Equipo A,13.95,57.58,0,no
1362,54.48,3,robot,Equipo B,154.29,67.23,9972,no
1362,54.48,4,robot,Equipo B,150.42,65.58,0,no
1362,54.48,0,balon,balon,69.71,66.01,0,no
1363,54.52,1,robot,Equipo A,22.5,31.11,0,no
1363,54.52,2,robot,Equipo A,13.95,57.58,0,no
1363,54.52,3,robot,Equipo B,154.29,67.23,9972,no
1363,54.52,4,robot,Equipo B,150.42,65.58,0,no
1363,54.52,0,balon,balon,69.71,66.01,0,no
1364,54.56,1,robot,Equipo A,22.5,31.11,0,no
1364,54.56,2,robot,Equipo A,13.95,57.58,0,no
1364,54.56,3,robot,Equipo B,154.29,67.23,9972,no
1364,54.56,4,robot,Equipo B,150.42,65.58,0,no
1364,54.56,0,balon,balon,69.71,66.01,0,no
1365,54.6,1,robot,Equipo A,22.5,31.11,0,no
1365,54.6,2,robot,Equipo A,13.95,57.58,0,no
1365,54.6,3,robot,Equipo B,154.29,67.23,9994,no
1365,54.6,4,robot,Equipo B,150.42,65.58,0,no
1365,54.6,0,balon,balon,69.71,66.01,0,no
1366,54.64,1,robot,Equipo A,22.5,31.11,0,no
1366,54.64,2,robot,Equipo A,13.95,57.58,0,no
1366,54.64,3,robot,Equipo B,154.29,67.23,9994,no
1366,54.64,4,robot,Equipo B,150.42,65.58,0,no
1366,54.64,0,balon,balon,69.71,66.01,0,no
1367,54.68,1,robot,Equipo A,22.5,31.11,0,no
1367,54.68,2,robot,Equipo A,13.95,57.58,0,no
1367,54.68,3,robot,Equipo B,154.29,67.23,9994,no
1367,54.68,4,robot,Equipo B,150.42,65.58,0,no
1367,54.68,0,balon,balon,69.71,66.01,0,no
1368,54.72,1,robot,Equipo A,22.5,31.11,0,no
1368,54.72,2,robot,Equipo A,13.95,57.58,0,no
1368,54.72,3,robot,Equipo B,154.29,67.23,9994,no
1368,54.72,4,robot,Equipo B,150.42,65.58,0,no
1368,54.72,0,balon,balon,69.71,66.01,0,no
1369,54.76,1,robot,Equipo A,22.5,31.11,0,no
1369,54.76,2,robot,Equipo A,13.95,57.58,0,no
1369,54.76,3,robot,Equipo B,154.29,67.23,9994,no
1369,54.76,4,robot,Equipo B,150.42,65.58,0,no
1369,54.76,0,balon,balon,69.71,66.01,0,no
1370,54.8,1,robot,Equipo A,22.5,31.11,0,no
1370,54.8,2,robot,Equipo A,13.95,57.58,0,no
1370,54.8,3,robot,Equipo B,154.29,67.23,10110,no
1370,54.8,4,robot,Equipo B,150.42,65.58,0,no
1370,54.8,0,balon,balon,69.71,66.01,0,no
1371,54.84,1,robot,Equipo A,22.5,31.11,0,no
1371,54.84,2,robot,Equipo A,13.95,57.58,0,no
1371,54.84,3,robot,Equipo B,154.29,67.23,10110,no
1371,54.84,4,robot,Equipo B,150.42,65.58,0,no
1371,54.84,0,balon,balon,69.71,66.01,0,no
1372,54.88,1,robot,Equipo A,22.5,31.11,0,no
1372,54.88,2,robot,Equipo A,13.95,57.58,0,no
1372,54.88,3,robot,Equipo B,154.29,67.23,10110,no
1372,54.88,4,robot,Equipo B,150.42,65.58,0,no
1372,54.88,0,balon,balon,69.89,66.01,1000,no
1373,54.92,1,robot,Equipo A,22.5,31.11,0,no
1373,54.92,2,robot,Equipo A,13.95,57.58,0,no
1373,54.92,3,robot,Equipo B,154.29,67.23,10110,no
1373,54.92,4,robot,Equipo B,150.42,65.58,0,no
1373,54.92,0,balon,balon,69.89,66.01,0,no
1374,54.96,1,robot,Equipo A,22.5,31.11,0,no
1374,54.96,2,robot,Equipo A,13.95,57.58,0,no
1374,54.96,3,robot,Equipo B,154.29,67.23,10110,no
1374,54.96,4,robot,Equipo B,150.42,65.58,0,no
1374,54.96,0,balon,balon,69.89,66.01,0,no
1375,55.0,1,robot,Equipo A,22.76,32.4,2186,no
1375,55.0,2,robot,Equipo A,13.95,57.58,0,no
1375,55.0,3,robot,Equipo B,154.29,67.23,9996,no
1375,55.0,4,robot,Equipo B,150.42,65.58,0,no
1375,55.0,0,balon,balon,70.0,66.01,1005,no
1376,55.04,1,robot,Equipo A,22.77,33.61,2186,no
1376,55.04,2,robot,Equipo A,13.95,57.58,0,no
1376,55.04,3,robot,Equipo B,154.29,67.23,9996,no
1376,55.04,4,robot,Equipo B,150.42,65.58,0,no
1376,55.04,0,balon,balon,70.0,66.01,0,no
1377,55.08,1,robot,Equipo A,22.58,34.74,2186,no
1377,55.08,2,robot,Equipo A,13.95,57.58,0,no
1377,55.08,3,robot,Equipo B,154.29,67.23,9996,no
1377,55.08,4,robot,Equipo B,150.42,65.58,0,no
1377,55.08,0,balon,balon,70.0,66.01,0,no
1378,55.12,1,robot,Equipo A,22.23,35.83,2186,no
1378,55.12,2,robot,Equipo A,13.95,57.58,0,no
1378,55.12,3,robot,Equipo B,154.29,67.23,9996,no
1378,55.12,4,robot,Equipo B,150.42,65.58,0,no
1378,55.12,0,balon,balon,70.0,66.01,0,no
1379,55.16,1,robot,Equipo A,21.75,36.87,2186,no
1379,55.16,2,robot,Equipo A,13.95,57.58,0,no
1379,55.16,3,robot,Equipo B,154.29,67.23,9996,no
1379,55.16,4,robot,Equipo B,150.42,65.58,0,no
1379,55.16,0,balon,balon,70.0,66.01,0,no
1380,55.2,1,robot,Equipo A,21.75,36.87,0,no
1380,55.2,2,robot,Equipo A,18.61,59.07,13215,no
1380,55.2,3,robot,Equipo B,154.29,67.23,10223,no
1380,55.2,4,robot,Equipo B,150.42,65.58,0,no
1380,55.2,0,balon,balon,70.0,66.01,0,no
1381,55.24,1,robot,Equipo A,21.75,36.87,0,no
1381,55.24,2,robot,Equipo A,22.6,60.2,14295,no
1381,55.24,3,robot,Equipo B,154.29,67.23,10223,no
1381,55.24,4,robot,Equipo B,150.42,65.58,0,no
1381,55.24,0,balon,balon,70.0,66.01,0,no
1382,55.28,1,robot,Equipo A,21.75,36.87,0,no
1382,55.28,2,robot,Equipo A,26.12,61.07,14795,no
1382,55.28,3,robot,Equipo B,154.29,67.23,10223,no
1382,55.28,4,robot,Equipo B,150.42,65.58,0,no
1382,55.28,0,balon,balon,70.0,66.01,0,no
1383,55.32,1,robot,Equipo A,21.75,36.87,0,no
1383,55.32,2,robot,Equipo A,29.28,61.71,15040,no
1383,55.32,3,robot,Equipo B,154.29,67.23,10223,no
1383,55.32,4,robot,Equipo B,150.42,65.58,0,no
1383,55.32,0,balon,balon,70.0,66.01,0,no
1384,55.36,1,robot,Equipo A,21.75,36.87,0,no
1384,55.36,2,robot,Equipo A,32.15,62.17,15168,no
1384,55.36,3,robot,Equipo B,154.29,67.23,10223,no
1384,55.36,4,robot,Equipo B,150.42,65.58,0,no
1384,55.36,0,balon,balon,70.0,66.01,0,no
1385,55.4,1,robot,Equipo A,21.75,36.87,0,no
1385,55.4,2,robot,Equipo A,32.15,62.17,0,no
1385,55.4,3,robot,Equipo B,154.29,67.23,10031,no
1385,55.4,4,robot,Equipo B,150.42,65.58,0,no
1385,55.4,0,balon,balon,70.0,66.01,0,no
1386,55.44,1,robot,Equipo A,21.75,36.87,0,no
1386,55.44,2,robot,Equipo A,32.15,62.17,0,no
1386,55.44,3,robot,Equipo B,154.29,67.23,10031,no
1386,55.44,4,robot,Equipo B,150.42,65.58,0,no
1386,55.44,0,balon,balon,70.0,66.01,0,no
1387,55.48,1,robot,Equipo A,21.75,36.87,0,no
1387,55.48,2,robot,Equipo A,32.15,62.17,0,no
1387,55.48,3,robot,Equipo B,154.29,67.23,10031,no
1387,55.48,4,robot,Equipo B,150.42,65.58,0,no
1387,55.48,0,balon,balon,70.0,66.01,0,no
1388,55.52,1,robot,Equipo A,21.75,36.87,0,no
1388,55.52,2,robot,Equipo A,32.15,62.17,0,no
1388,55.52,3,robot,Equipo B,154.29,67.23,10031,no
1388,55.52,4,robot,Equipo B,150.42,65.58,0,no
1388,55.52,0,balon,balon,70.0,66.01,0,no
1389,55.56,1,robot,Equipo A,21.75,36.87,0,no
1389,55.56,2,robot,Equipo A,32.15,62.17,0,no
1389,55.56,3,robot,Equipo B,154.29,67.23,10031,no
1389,55.56,4,robot,Equipo B,150.42,65.58,0,no
1389,55.56,0,balon,balon,70.0,66.01,0,no
1390,55.6,1,robot,Equipo A,21.75,36.87,0,no
1390,55.6,2,robot,Equipo A,32.15,62.17,0,no
1390,55.6,3,robot,Equipo B,154.29,67.23,10164,no
1390,55.6,4,robot,Equipo B,150.42,65.58,0,no
1390,55.6,0,balon,balon,70.0,66.01,0,no
1391,55.64,1,robot,Equipo A,21.75,36.87,0,no
1391,55.64,2,robot,Equipo A,32.15,62.17,0,no
1391,55.64,3,robot,Equipo B,154.29,67.23,10164,no
1391,55.64,4,robot,Equipo B,150.42,65.58,0,no
1391,55.64,0,balon,balon,70.0,66.01,0,no
1392,55.68,1,robot,Equipo A,21.75,36.87,0,no
1392,55.68,2,robot,Equipo A,32.15,62.17,0,no
1392,55.68,3,robot,Equipo B,154.29,67.23,10164,no
1392,55.68,4,robot,Equipo B,150.42,65.58,0,no
1392,55.68,0,balon,balon,70.0,66.01,0,no
1393,55.72,1,robot,Equipo A,21.75,36.87,0,no
1393,55.72,2,robot,Equipo A,32.15,62.17,0,no
1393,55.72,3,robot,Equipo B,154.29,67.23,10164,no
1393,55.72,4,robot,Equipo B,150.42,65.58,0,no
1393,55.72,0,balon,balon,70.0,66.01,0,no
1394,55.76,1,robot,Equipo A,21.75,36.87,0,no
1394,55.76,2,robot,Equipo A,32.15,62.17,0,no
1394,55.76,3,robot,Equipo B,154.29,67.23,10164,no
1394,55.76,4,robot,Equipo B,150.42,65.58,0,no
1394,55.76,0,balon,balon,70.0,66.01,0,no
1395,55.8,1,robot,Equipo A,22.02,38.22,8628,no
1395,55.8,2,robot,Equipo A,32.15,62.17,0,no
1395,55.8,3,robot,Equipo B,154.29,67.23,10207,no
1395,55.8,4,robot,Equipo B,150.42,65.58,0,no
1395,55.8,0,balon,balon,70.0,66.01,0,no
1396,55.84,1,robot,Equipo A,22.4,39.35,8705,no
1396,55.84,2,robot,Equipo A,32.15,62.17,0,no
1396,55.84,3,robot,Equipo B,154.29,67.23,10207,no
1396,55.84,4,robot,Equipo B,150.42,65.58,0,no
1396,55.84,0,balon,balon,70.43,66.6,1011,no
1397,55.88,1,robot,Equipo A,22.88,40.3,8705,no
1397,55.88,2,robot,Equipo A,32.15,62.17,0,no
1397,55.88,3,robot,Equipo B,154.29,67.23,10207,no
1397,55.88,4,robot,Equipo B,150.42,65.58,0,no
1397,55.88,0,balon,balon,70.43,66.6,0,no
1398,55.92,1,robot,Equipo A,23.43,41.08,8705,no
1398,55.92,2,robot,Equipo A,32.15,62.17,0,no
1398,55.92,3,robot,Equipo B,154.29,67.23,10207,no
1398,55.92,4,robot,Equipo B,150.42,65.58,0,no
1398,55.92,0,balon,balon,70.43,66.6,0,no
1399,55.96,1,robot,Equipo A,24.04,41.73,8705,no
1399,55.96,2,robot,Equipo A,32.15,62.17,0,no
1399,55.96,3,robot,Equipo B,154.29,67.23,10207,no
1399,55.96,4,robot,Equipo B,150.42,65.58,0,no
1399,55.96,0,balon,balon,70.43,66.6,0,no
1400,56.0,1,robot,Equipo A,24.04,41.73,9956,no
1400,56.0,2,robot,Equipo A,32.15,62.17,0,no
1400,56.0,3,robot,Equipo B,154.29,67.23,10214,no
1400,56.0,4,robot,Equipo B,150.42,65.58,0,no
1400,56.0,0,balon,balon,70.43,66.6,0,no
1401,56.04,1,robot,Equipo A,24.04,41.73,9875,no
1401,56.04,2,robot,Equipo A,32.15,62.17,0,no
1401,56.04,3,robot,Equipo B,154.29,67.23,10215,no
1401,56.04,4,robot,Equipo B,150.42,65.58,0,no
1401,56.04,0,balon,balon,70.43,66.6,0,no
1402,56.08,1,robot,Equipo A,23.74,42.14,9771,no
1402,56.08,2,robot,Equipo A,32.15,62.17,0,no
1402,56.08,3,robot,Equipo B,154.29,67.23,10215,no
1402,56.08,4,robot,Equipo B,150.42,65.58,0,no
1402,56.08,0,balon,balon,70.43,66.6,0,no
1403,56.12,1,robot,Equipo A,23.74,42.14,9642,no
1403,56.12,2,robot,Equipo A,32.15,62.17,0,no
1403,56.12,3,robot,Equipo B,154.29,67.23,10388,no
1403,56.12,4,robot,Equipo B,150.42,65.58,0,no
1403,56.12,0,balon,balon,70.43,66.6,0,no
1404,56.16,1,robot,Equipo A,23.52,42.64,9524,no
1404,56.16,2,robot,Equipo A,32.15,62.17,0,no
1404,56.16,3,robot,Equipo B,154.29,67.23,10479,no
1404,56.16,4,robot,Equipo B,150.42,65.58,0,no
1404,56.16,0,balon,balon,70.43,66.6,0,no
1405,56.2,1,robot,Equipo A,23.52,42.64,10533,no
1405,56.2,2,robot,Equipo A,32.15,62.17,0,no
1405,56.2,3,robot,Equipo B,154.29,67.23,10009,no
1405,56.2,4,robot,Equipo B,150.42,65.58,0,no
1405,56.2,0,balon,balon,70.43,66.6,0,no
1406,56.24,1,robot,Equipo A,23.01,42.75,10201,no
1406,56.24,2,robot,Equipo A,32.15,62.17,0,no
1406,56.24,3,robot,Equipo B,154.29,67.23,10007,no
1406,56.24,4,robot,Equipo B,150.42,65.58,0,no
1406,56.24,0,balon,balon,70.43,66.6,0,no
1407,56.28,1,robot,Equipo A,22.52,42.98,9858,no
1407,56.28,2,robot,Equipo A,32.15,62.17,0,no
1407,56.28,3,robot,Equipo B,154.29,67.23,10007,no
1407,56.28,4,robot,Equipo B,150.42,65.58,0,no
1407,56.28,0,balon,balon,70.43,66.6,0,no
1408,56.32,1,robot,Equipo A,22.04,43.34,9504,no
1408,56.32,2,robot,Equipo A,32.15,62.17,0,no
1408,56.32,3,robot,Equipo B,154.29,67.23,10007,no
1408,56.32,4,robot,Equipo B,150.42,65.58,0,no
1408,56.32,0,balon,balon,70.43,66.6,0,no
1409,56.36,1,robot,Equipo A,21.6,43.77,9126,no
1409,56.36,2,robot,Equipo A,32.15,62.17,0,no
1409,56.36,3,robot,Equipo B,154.29,67.23,10007,no
1409,56.36,4,robot,Equipo B,150.42,65.58,0,no
1409,56.36,0,balon,balon,70.43,66.6,0,no
1410,56.4,1,robot,Equipo A,21.33,43.34,11257,no
1410,56.4,2,robot,Equipo A,32.15,62.17,0,no
1410,56.4,3,robot,Equipo B,154.29,67.23,10275,no
1410,56.4,4,robot,Equipo B,150.42,65.58,0,no
1410,56.4,0,balon,balon,70.43,66.6,0,no
1411,56.44,1,robot,Equipo A,21.14,42.59,11323,no
1411,56.44,2,robot,Equipo A,32.15,62.17,0,no
1411,56.44,3,robot,Equipo B,154.29,67.23,10277,no
1411,56.44,4,robot,Equipo B,150.42,65.58,0,no
1411,56.44,0,balon,balon,70.43,66.6,0,no
1412,56.48,1,robot,Equipo A,21.02,41.55,11323,no
1412,56.48,2,robot,Equipo A,32.15,62.17,0,no
1412,56.48,3,robot,Equipo B,154.29,67.23,10474,no
1412,56.48,4,robot,Equipo B,150.42,65.58,0,no
1412,56.48,0,balon,balon,70.43,66.6,0,no
1413,56.52,1,robot,Equipo A,20.95,40.29,11323,no
1413,56.52,2,robot,Equipo A,32.15,62.17,0,no
1413,56.52,3,robot,Equipo B,154.29,67.23,10818,no
1413,56.52,4,robot,Equipo B,150.42,65.58,0,no
1413,56.52,0,balon,balon,70.43,66.6,0,no
1414,56.56,1,robot,Equipo A,20.93,38.85,11323,no
1414,56.56,2,robot,Equipo A,32.15,62.17,0,no
1414,56.56,3,robot,Equipo B,154.29,67.23,10901,no
1414,56.56,4,robot,Equipo B,150.42,65.58,0,no
1414,56.56,0,balon,balon,70.43,66.6,0,no
1415,56.6,1,robot,Equipo A,20.93,38.85,11857,no
1415,56.6,2,robot,Equipo A,32.15,62.17,0,no
1415,56.6,3,robot,Equipo B,154.29,67.23,10115,no
1415,56.6,4,robot,Equipo B,150.42,65.58,0,no
1415,56.6,0,balon,balon,70.43,66.6,0,no
1416,56.64,1,robot,Equipo A,20.6,39.4,11307,no
1416,56.64,2,robot,Equipo A,32.15,62.17,0,no
1416,56.64,3,robot,Equipo B,154.29,67.23,10115,no
1416,56.64,4,robot,Equipo B,150.42,65.58,0,no
1416,56.64,0,balon,balon,70.43,66.6,0,no
1417,56.68,1,robot,Equipo A,20.24,40.04,10797,no
1417,56.68,2,robot,Equipo A,32.15,62.17,0,no
1417,56.68,3,robot,Equipo B,154.29,67.23,10115,no
1417,56.68,4,robot,Equipo B,150.42,65.58,0,no
1417,56.68,0,balon,balon,70.43,66.6,0,no
1418,56.72,1,robot,Equipo A,19.91,40.79,10265,no
1418,56.72,2,robot,Equipo A,32.15,62.17,0,no
1418,56.72,3,robot,Equipo B,154.29,67.23,10115,no
1418,56.72,4,robot,Equipo B,150.42,65.58,0,no
1418,56.72,0,balon,balon,70.43,66.6,0,no
1419,56.76,1,robot,Equipo A,19.55,41.58,9702,no
1419,56.76,2,robot,Equipo A,32.15,62.17,0,no
1419,56.76,3,robot,Equipo B,154.29,67.23,0,no
1419,56.76,4,robot,Equipo B,150.42,65.58,10115,no
1419,56.76,0,balon,balon,70.43,66.6,0,no
1420,56.8,1,robot,Equipo A,19.55,41.58,12179,no
1420,56.8,2,robot,Equipo A,32.15,62.17,0,no
1420,56.8,3,robot,Equipo B,154.29,67.23,10111,no
1420,56.8,4,robot,Equipo B,150.42,65.58,0,no
1420,56.8,0,balon,balon,70.43,66.6,0,no
1421,56.84,1,robot,Equipo A,19.58,40.98,12244,no
1421,56.84,2,robot,Equipo A,32.15,62.17,0,no
1421,56.84,3,robot,Equipo B,154.29,67.23,10111,no
1421,56.84,4,robot,Equipo B,150.42,65.58,0,no
1421,56.84,0,balon,balon,70.43,66.6,0,no
1422,56.88,1,robot,Equipo A,19.63,40.21,12244,no
1422,56.88,2,robot,Equipo A,32.15,62.17,0,no
1422,56.88,3,robot,Equipo B,154.29,67.23,10111,no
1422,56.88,4,robot,Equipo B,150.42,65.58,0,no
1422,56.88,0,balon,balon,70.43,66.6,0,no
1423,56.92,1,robot,Equipo A,19.7,39.3,12244,no
1423,56.92,2,robot,Equipo A,32.15,62.17,0,no
1423,56.92,3,robot,Equipo B,154.29,67.23,10111,no
1423,56.92,4,robot,Equipo B,150.42,65.58,0,no
1423,56.92,0,balon,balon,70.43,66.6,0,no
1424,56.96,1,robot,Equipo A,19.78,38.29,12244,no
1424,56.96,2,robot,Equipo A,32.15,62.17,0,no
1424,56.96,3,robot,Equipo B,154.29,67.23,10111,no
1424,56.96,4,robot,Equipo B,150.42,65.58,0,no
1424,56.96,0,balon,balon,70.43,66.6,0,no
1425,57.0,1,robot,Equipo A,19.78,38.29,12210,no
1425,57.0,2,robot,Equipo A,32.15,62.17,0,no
1425,57.0,3,robot,Equipo B,154.29,67.23,10005,no
1425,57.0,4,robot,Equipo B,150.42,65.58,0,no
1425,57.0,0,balon,balon,70.43,66.6,0,no
1426,57.04,1,robot,Equipo A,19.78,38.29,12097,no
1426,57.04,2,robot,Equipo A,32.15,62.17,0,no
1426,57.04,3,robot,Equipo B,154.29,67.23,10005,no
1426,57.04,4,robot,Equipo B,150.42,65.58,0,no
1426,57.04,0,balon,balon,70.43,66.6,0,no
1427,57.08,1,robot,Equipo A,19.76,38.87,11913,no
1427,57.08,2,robot,Equipo A,32.15,62.17,0,no
1427,57.08,3,robot,Equipo B,154.29,67.23,10005,no
1427,57.08,4,robot,Equipo B,150.42,65.58,0,no
1427,57.08,0,balon,balon,70.43,66.6,0,no
1428,57.12,1,robot,Equipo A,19.72,39.41,11727,no
1428,57.12,2,robot,Equipo A,32.15,62.17,0,no
1428,57.12,3,robot,Equipo B,154.29,67.23,10005,no
1428,57.12,4,robot,Equipo B,150.42,65.58,0,no
1428,57.12,0,balon,balon,70.43,66.6,0,no
1429,57.16,1,robot,Equipo A,19.69,39.94,11529,no
1429,57.16,2,robot,Equipo A,32.15,62.17,0,no
1429,57.16,3,robot,Equipo B,154.29,67.23,10005,no
1429,57.16,4,robot,Equipo B,150.42,65.58,0,no
1429,57.16,0,balon,balon,70.43,66.6,0,no
1430,57.2,1,robot,Equipo A,19.69,39.94,0,no
1430,57.2,2,robot,Equipo A,32.15,62.17,0,no
1430,57.2,3,robot,Equipo B,154.29,67.23,9984,no
1430,57.2,4,robot,Equipo B,150.42,65.58,0,no
1430,57.2,0,balon,balon,70.43,66.6,0,no
1431,57.24,1,robot,Equipo A,19.69,39.94,0,no
1431,57.24,2,robot,Equipo A,32.15,62.17,0,no
1431,57.24,3,robot,Equipo B,154.29,67.23,9984,no
1431,57.24,4,robot,Equipo B,150.42,65.58,0,no
1431,57.24,0,balon,balon,70.43,66.6,0,no
1432,57.28,1,robot,Equipo A,19.69,39.94,0,no
1432,57.28,2,robot,Equipo A,32.15,62.17,0,no
1432,57.28,3,robot,Equipo B,154.29,67.23,9984,no
1432,57.28,4,robot,Equipo B,150.42,65.58,0,no
1432,57.28,0,balon,balon,70.43,66.6,0,no
1433,57.32,1,robot,Equipo A,19.69,39.94,0,no
1433,57.32,2,robot,Equipo A,32.15,62.17,0,no
1433,57.32,3,robot,Equipo B,154.29,67.23,9984,no
1433,57.32,4,robot,Equipo B,150.42,65.58,0,no
1433,57.32,0,balon,balon,70.43,66.6,0,no
1434,57.36,1,robot,Equipo A,19.69,39.94,0,no
1434,57.36,2,robot,Equipo A,32.15,62.17,0,no
1434,57.36,3,robot,Equipo B,154.29,67.23,9992,no
1434,57.36,4,robot,Equipo B,150.42,65.58,0,no
1434,57.36,0,balon,balon,70.43,66.6,0,no
1435,57.4,1,robot,Equipo A,19.69,39.94,0,no
1435,57.4,2,robot,Equipo A,33.09,63.02,14224,no
1435,57.4,3,robot,Equipo B,154.29,67.23,9950,no
1435,57.4,4,robot,Equipo B,150.42,65.58,0,no
1435,57.4,0,balon,balon,70.43,66.6,0,no
1436,57.44,1,robot,Equipo A,19.69,39.94,0,no
1436,57.44,2,robot,Equipo A,33.67,63.82,12852,no
1436,57.44,3,robot,Equipo B,154.29,67.23,9950,no
1436,57.44,4,robot,Equipo B,150.42,65.58,0,no
1436,57.44,0,balon,balon,70.43,66.6,0,no
1437,57.48,1,robot,Equipo A,19.69,39.94,0,no
1437,57.48,2,robot,Equipo A,33.99,64.61,11108,no
1437,57.48,3,robot,Equipo B,154.29,67.23,9950,no
1437,57.48,4,robot,Equipo B,150.42,65.58,0,no
1437,57.48,0,balon,balon,70.43,66.6,0,no
1438,57.52,1,robot,Equipo A,19.69,39.94,0,no
1438,57.52,2,robot,Equipo A,34.1,65.35,9537,no
1438,57.52,3,robot,Equipo B,154.29,67.23,9950,no
1438,57.52,4,robot,Equipo B,150.42,65.58,0,no
1438,57.52,0,balon,balon,70.43,66.6,0,no
1439,57.56,1,robot,Equipo A,19.69,39.94,0,no
1439,57.56,2,robot,Equipo A,34.14,66.0,6982,no
1439,57.56,3,robot,Equipo B,154.29,67.23,9950,no
1439,57.56,4,robot,Equipo B,150.42,65.58,0,no
1439,57.56,0,balon,balon,70.43,66.6,0,no
1440,57.6,1,robot,Equipo A,19.69,39.94,0,no
1440,57.6,2,robot,Equipo A,34.68,66.0,13787,no
1440,57.6,3,robot,Equipo B,154.29,67.23,9961,no
1440,57.6,4,robot,Equipo B,150.42,65.58,0,no
1440,57.6,0,balon,balon,70.43,66.6,0,no
1441,57.64,1,robot,Equipo A,19.69,39.94,0,no
1441,57.64,2,robot,Equipo A,35.28,65.92,14774,no
1441,57.64,3,robot,Equipo B,154.29,67.23,9961,no
1441,57.64,4,robot,Equipo B,150.42,65.58,0,no
1441,57.64,0,balon,balon,70.43,66.6,0,no
1442,57.68,1,robot,Equipo A,19.69,39.94,0,no
1442,57.68,2,robot,Equipo A,35.99,65.73,14943,no
1442,57.68,3,robot,Equipo B,154.29,67.23,9961,no
1442,57.68,4,robot,Equipo B,150.42,65.58,0,no
1442,57.68,0,balon,balon,70.43,66.6,0,no
1443,57.72,1,robot,Equipo A,19.69,39.94,0,no
1443,57.72,2,robot,Equipo A,36.84,65.47,14860,no
1443,57.72,3,robot,Equipo B,154.29,67.23,9961,no
1443,57.72,4,robot,Equipo B,150.42,65.58,0,no
1443,57.72,0,balon,balon,70.43,66.6,0,no
1444,57.76,1,robot,Equipo A,19.69,39.94,0,no
1444,57.76,2,robot,Equipo A,37.74,65.18,14953,no
1444,57.76,3,robot,Equipo B,154.29,67.23,9961,no
1444,57.76,4,robot,Equipo B,150.42,65.58,0,no
1444,57.76,0,balon,balon,70.43,66.6,0,no
1445,57.8,1,robot,Equipo A,19.69,39.94,0,no
1445,57.8,2,robot,Equipo A,37.74,65.18,0,no
1445,57.8,3,robot,Equipo B,154.29,67.23,10182,no
1445,57.8,4,robot,Equipo B,150.42,65.58,0,no
1445,57.8,0,balon,balon,70.43,66.6,0,no
1446,57.84,1,robot,Equipo A,19.69,39.94,0,no
1446,57.84,2,robot,Equipo A,37.74,65.18,0,no
1446,57.84,3,robot,Equipo B,154.29,67.23,10182,no
1446,57.84,4,robot,Equipo B,150.42,65.58,0,no
1446,57.84,0,balon,balon,70.43,66.6,0,no
1447,57.88,1,robot,Equipo A,19.69,39.94,0,no
1447,57.88,2,robot,Equipo A,37.74,65.18,0,no
1447,57.88,3,robot,Equipo B,154.29,67.23,10182,no
1447,57.88,4,robot,Equipo B,150.42,65.58,0,no
1447,57.88,0,balon,balon,70.43,66.6,0,no
1448,57.92,1,robot,Equipo A,19.69,39.94,0,no
1448,57.92,2,robot,Equipo A,37.74,65.18,0,no
1448,57.92,3,robot,Equipo B,154.29,67.23,10182,no
1448,57.92,4,robot,Equipo B,150.42,65.58,0,no
1448,57.92,0,balon,balon,70.43,66.6,0,no
1449,57.96,1,robot,Equipo A,19.69,39.94,0,no
1449,57.96,2,robot,Equipo A,37.74,65.18,0,no
1449,57.96,3,robot,Equipo B,154.29,67.23,10182,no
1449,57.96,4,robot,Equipo B,150.42,65.58,0,no
1449,57.96,0,balon,balon,70.43,66.6,0,no
1450,58.0,1,robot,Equipo A,19.69,39.94,0,no
1450,58.0,2,robot,Equipo A,37.74,65.18,0,no
1450,58.0,3,robot,Equipo B,154.29,67.23,9967,no
1450,58.0,4,robot,Equipo B,150.42,65.58,0,no
1450,58.0,0,balon,balon,70.43,66.6,0,no
1451,58.04,1,robot,Equipo A,19.69,39.94,0,no
1451,58.04,2,robot,Equipo A,37.74,65.18,0,no
1451,58.04,3,robot,Equipo B,154.29,67.23,9967,no
1451,58.04,4,robot,Equipo B,150.42,65.58,0,no
1451,58.04,0,balon,balon,70.43,66.6,0,no
1452,58.08,1,robot,Equipo A,19.69,39.94,0,no
1452,58.08,2,robot,Equipo A,37.74,65.18,0,no
1452,58.08,3,robot,Equipo B,154.29,67.23,9967,no
1452,58.08,4,robot,Equipo B,150.42,65.58,0,no
1452,58.08,0,balon,balon,70.43,66.6,0,no
1453,58.12,1,robot,Equipo A,19.69,39.94,0,no
1453,58.12,2,robot,Equipo A,37.74,65.18,0,no
1453,58.12,3,robot,Equipo B,154.29,67.23,9967,no
1453,58.12,4,robot,Equipo B,150.42,65.58,0,no
1453,58.12,0,balon,balon,70.43,66.6,0,no
1454,58.16,1,robot,Equipo A,19.69,39.94,0,no
1454,58.16,2,robot,Equipo A,37.74,65.18,0,no
1454,58.16,3,robot,Equipo B,154.29,67.23,9967,no
1454,58.16,4,robot,Equipo B,150.42,65.58,0,no
1454,58.16,0,balon,balon,70.43,66.6,0,no
1455,58.2,1,robot,Equipo A,19.69,39.94,0,no
1455,58.2,2,robot,Equipo A,37.74,65.18,0,no
1455,58.2,3,robot,Equipo B,154.29,67.23,10031,no
1455,58.2,4,robot,Equipo B,150.42,65.58,0,no
1455,58.2,0,balon,balon,70.43,66.6,0,no
1456,58.24,1,robot,Equipo A,19.69,39.94,0,no
1456,58.24,2,robot,Equipo A,37.74,65.18,0,no
1456,58.24,3,robot,Equipo B,154.29,67.23,10031,no
1456,58.24,4,robot,Equipo B,150.42,65.58,0,no
1456,58.24,0,balon,balon,70.43,66.6,0,no
1457,58.28,1,robot,Equipo A,19.69,39.94,0,no
1457,58.28,2,robot,Equipo A,37.74,65.18,0,no
1457,58.28,3,robot,Equipo B,154.29,67.23,10031,no
1457,58.28,4,robot,Equipo B,150.42,65.58,0,no
1457,58.28,0,balon,balon,70.43,66.6,0,no
1458,58.32,1,robot,Equipo A,19.69,39.94,0,no
1458,58.32,2,robot,Equipo A,37.74,65.18,0,no
1458,58.32,3,robot,Equipo B,154.29,67.23,10031,no
1458,58.32,4,robot,Equipo B,150.42,65.58,0,no
1458,58.32,0,balon,balon,70.43,66.6,0,no
1459,58.36,1,robot,Equipo A,19.69,39.94,0,no
1459,58.36,2,robot,Equipo A,37.74,65.18,0,no
1459,58.36,3,robot,Equipo B,154.29,67.23,10031,no
1459,58.36,4,robot,Equipo B,150.42,65.58,0,no
1459,58.36,0,balon,balon,70.43,66.6,0,no
1460,58.4,1,robot,Equipo A,19.69,39.94,0,no
1460,58.4,2,robot,Equipo A,33.48,64.48,5852,no
1460,58.4,3,robot,Equipo B,154.29,67.23,10022,no
1460,58.4,4,robot,Equipo B,150.42,65.58,0,no
1460,58.4,0,balon,balon,70.43,66.6,0,no
1461,58.44,1,robot,Equipo A,19.69,39.94,0,no
1461,58.44,2,robot,Equipo A,29.7,64.49,6136,no
1461,58.44,3,robot,Equipo B,154.29,67.23,10022,no
1461,58.44,4,robot,Equipo B,150.42,65.58,0,no
1461,58.44,0,balon,balon,70.43,66.6,0,no
1462,58.48,1,robot,Equipo A,19.69,39.94,0,no
1462,58.48,2,robot,Equipo A,26.2,65.09,6354,no
1462,58.48,3,robot,Equipo B,154.29,67.23,10022,no
1462,58.48,4,robot,Equipo B,150.42,65.58,0,no
1462,58.48,0,balon,balon,70.43,66.6,0,no
1463,58.52,1,robot,Equipo A,19.69,39.94,0,no
1463,58.52,2,robot,Equipo A,23.25,66.28,5676,no
1463,58.52,3,robot,Equipo B,154.29,67.23,10022,no
1463,58.52,4,robot,Equipo B,150.42,65.58,0,no
1463,58.52,0,balon,balon,70.43,66.6,0,no
1464,58.56,1,robot,Equipo A,19.69,39.94,0,no
1464,58.56,2,robot,Equipo A,20.78,67.96,5029,no
1464,58.56,3,robot,Equipo B,154.29,67.23,10022,no
1464,58.56,4,robot,Equipo B,150.42,65.58,0,no
1464,58.56,0,balon,balon,70.43,66.6,0,no
1465,58.6,1,robot,Equipo A,19.69,39.94,0,no
1465,58.6,2,robot,Equipo A,20.28,67.02,5961,no
1465,58.6,3,robot,Equipo B,154.29,67.23,9843,no
1465,58.6,4,robot,Equipo B,150.42,65.58,0,no
1465,58.6,0,balon,balon,70.43,66.6,0,no
1466,58.64,1,robot,Equipo A,19.69,39.94,0,no
1466,58.64,2,robot,Equipo A,20.96,66.65,3477,no
1466,58.64,3,robot,Equipo B,154.29,67.23,9843,no
1466,58.64,4,robot,Equipo B,150.42,65.58,0,no
1466,58.64,0,balon,balon,70.43,66.6,0,no
1467,58.68,1,robot,Equipo A,19.69,39.94,0,no
1467,58.68,2,robot,Equipo A,22.12,66.23,2671,no
1467,58.68,3,robot,Equipo B,154.29,67.23,9843,no
1467,58.68,4,robot,Equipo B,150.42,65.58,0,no
1467,58.68,0,balon,balon,70.43,66.6,0,no
1468,58.72,1,robot,Equipo A,19.69,39.94,0,no
1468,58.72,2,robot,Equipo A,23.73,65.64,2302,no
1468,58.72,3,robot,Equipo B,154.29,67.23,9843,no
1468,58.72,4,robot,Equipo B,150.42,65.58,0,no
1468,58.72,0,balon,balon,70.43,66.6,0,no
1469,58.76,1,robot,Equipo A,19.69,39.94,0,no
1469,58.76,2,robot,Equipo A,25.5,64.79,2616,no
1469,58.76,3,robot,Equipo B,154.29,67.23,9843,no
1469,58.76,4,robot,Equipo B,150.42,65.58,0,no
1469,58.76,0,balon,balon,70.43,66.6,0,no
1470,58.8,1,robot,Equipo A,19.69,39.94,0,no
1470,58.8,2,robot,Equipo A,24.05,64.8,7167,no
1470,58.8,3,robot,Equipo B,154.29,67.23,9951,no
1470,58.8,4,robot,Equipo B,150.42,65.58,0,no
1470,58.8,0,balon,balon,70.43,66.6,0,no
1471,58.84,1,robot,Equipo A,19.69,39.94,0,no
1471,58.84,2,robot,Equipo A,22.45,64.99,7413,no
1471,58.84,3,robot,Equipo B,154.29,67.23,9951,no
1471,58.84,4,robot,Equipo B,150.42,65.58,0,no
1471,58.84,0,balon,balon,70.43,66.6,0,no
1472,58.88,1,robot,Equipo A,19.69,39.94,0,no
1472,58.88,2,robot,Equipo A,20.7,65.34,7413,no
1472,58.88,3,robot,Equipo B,154.29,67.23,9951,no
1472,58.88,4,robot,Equipo B,150.42,65.58,0,no
1472,58.88,0,balon,balon,70.43,66.6,0,no
1473,58.92,1,robot,Equipo A,19.69,39.94,0,no
1473,58.92,2,robot,Equipo A,18.86,65.82,7413,no
1473,58.92,3,robot,Equipo B,154.29,67.23,9951,no
1473,58.92,4,robot,Equipo B,150.42,65.58,0,no
1473,58.92,0,balon,balon,70.43,66.6,0,no
1474,58.96,1,robot,Equipo A,19.69,39.94,0,no
1474,58.96,2,robot,Equipo A,16.93,66.41,7457,no
1474,58.96,3,robot,Equipo B,154.29,67.23,9951,no
1474,58.96,4,robot,Equipo B,150.42,65.58,0,no
1474,58.96,0,balon,balon,70.43,66.6,0,no
1475,59.0,1,robot,Equipo A,19.69,39.94,0,no
1475,59.0,2,robot,Equipo A,16.93,66.41,8176,no
1475,59.0,3,robot,Equipo B,154.29,67.23,10005,no
1475,59.0,4,robot,Equipo B,150.42,65.58,0,no
1475,59.0,0,balon,balon,70.43,66.6,0,no
1476,59.04,1,robot,Equipo A,19.69,39.94,0,no
1476,59.04,2,robot,Equipo A,17.37,66.12,7356,no
1476,59.04,3,robot,Equipo B,154.29,67.23,10005,no
1476,59.04,4,robot,Equipo B,150.42,65.58,0,no
1476,59.04,0,balon,balon,70.43,66.6,0,no
1477,59.08,1,robot,Equipo A,19.69,39.94,0,no
1477,59.08,2,robot,Equipo A,18.09,65.87,6474,no
1477,59.08,3,robot,Equipo B,154.29,67.23,10005,no
1477,59.08,4,robot,Equipo B,150.42,65.58,0,no
1477,59.08,0,balon,balon,70.43,66.6,0,no
1478,59.12,1,robot,Equipo A,19.69,39.94,0,no
1478,59.12,2,robot,Equipo A,19.03,65.61,5794,no
1478,59.12,3,robot,Equipo B,154.29,67.23,10005,no
1478,59.12,4,robot,Equipo B,150.42,65.58,0,no
1478,59.12,0,balon,balon,70.43,66.6,0,no
1479,59.16,1,robot,Equipo A,19.69,39.94,0,no
1479,59.16,2,robot,Equipo A,20.21,65.34,5238,no
1479,59.16,3,robot,Equipo B,154.29,67.23,10005,no
1479,59.16,4,robot,Equipo B,150.42,65.58,0,no
1479,59.16,0,balon,balon,70.43,66.6,0,no
1480,59.2,1,robot,Equipo A,18.95,44.86,10088,no
1480,59.2,2,robot,Equipo A,23.62,69.75,15365,no
1480,59.2,3,robot,Equipo B,154.29,67.23,10052,no
1480,59.2,4,robot,Equipo B,150.42,65.58,0,no
1480,59.2,0,balon,balon,70.43,66.6,0,no
1481,59.24,1,robot,Equipo A,18.02,48.86,10333,no
1481,59.24,2,robot,Equipo A,25.87,73.77,15365,no
1481,59.24,3,robot,Equipo B,154.29,67.23,10052,no
1481,59.24,4,robot,Equipo B,150.42,65.58,0,no
1481,59.24,0,balon,balon,70.43,66.6,0,no
1482,59.28,1,robot,Equipo A,16.94,52.15,10333,no
1482,59.28,2,robot,Equipo A,27.18,77.48,15365,no
1482,59.28,3,robot,Equipo B,154.29,67.23,10052,no
1482,59.28,4,robot,Equipo B,150.42,65.58,0,no
1482,59.28,0,balon,balon,70.43,66.6,0,no
1483,59.32,1,robot,Equipo A,15.73,54.86,10333,no
1483,59.32,2,robot,Equipo A,27.75,80.93,15365,no
1483,59.32,3,robot,Equipo B,154.29,67.23,10052,no
1483,59.32,4,robot,Equipo B,150.42,65.58,0,no
1483,59.32,0,balon,balon,70.43,66.6,0,no
1484,59.36,1,robot,Equipo A,14.4,57.12,10566,no
1484,59.36,2,robot,Equipo A,27.72,84.19,15365,no
1484,59.36,3,robot,Equipo B,154.29,67.23,10052,no
1484,59.36,4,robot,Equipo B,150.42,65.58,0,no
1484,59.36,0,balon,balon,70.43,66.6,0,no
1485,59.4,1,robot,Equipo A,14.41,58.52,11536,no
1485,59.4,2,robot,Equipo A,27.72,84.19,0,no
1485,59.4,3,robot,Equipo B,154.29,67.23,9986,no
1485,59.4,4,robot,Equipo B,150.42,65.58,0,no
1485,59.4,0,balon,balon,70.43,66.6,0,no
1486,59.44,1,robot,Equipo A,14.5,59.56,10743,no
1486,59.44,2,robot,Equipo A,27.72,84.19,0,no
1486,59.44,3,robot,Equipo B,154.29,67.23,9986,no
1486,59.44,4,robot,Equipo B,150.42,65.58,0,no
1486,59.44,0,balon,balon,70.43,66.6,0,no
1487,59.48,1,robot,Equipo A,14.66,60.3,10009,no
1487,59.48,2,robot,Equipo A,27.72,84.19,0,no
1487,59.48,3,robot,Equipo B,154.29,67.23,9986,no
1487,59.48,4,robot,Equipo B,150.42,65.58,0,no
1487,59.48,0,balon,balon,70.43,66.6,0,no
1488,59.52,1,robot,Equipo A,14.91,60.81,9301,no
1488,59.52,2,robot,Equipo A,27.72,84.19,0,no
1488,59.52,3,robot,Equipo B,154.29,67.23,9986,no
1488,59.52,4,robot,Equipo B,150.42,65.58,0,no
1488,59.52,0,balon,balon,70.43,66.6,0,no
1489,59.56,1,robot,Equipo A,14.91,60.81,8555,no
1489,59.56,2,robot,Equipo A,27.72,84.19,0,no
1489,59.56,3,robot,Equipo B,154.29,67.23,9986,no
1489,59.56,4,robot,Equipo B,150.42,65.58,0,no
1489,59.56,0,balon,balon,70.43,66.6,0,no
1490,59.6,1,robot,Equipo A,14.76,61.44,12200,no
1490,59.6,2,robot,Equipo A,27.72,84.19,0,no
1490,59.6,3,robot,Equipo B,154.29,67.23,10165,no
1490,59.6,4,robot,Equipo B,150.42,65.58,0,no
1490,59.6,0,balon,balon,70.43,66.6,0,no
1491,59.64,1,robot,Equipo A,14.61,62.07,12468,no
1491,59.64,2,robot,Equipo A,27.72,84.19,0,no
1491,59.64,3,robot,Equipo B,154.29,67.23,10165,no
1491,59.64,4,robot,Equipo B,150.42,65.58,0,no
1491,59.64,0,balon,balon,70.43,66.6,0,no
1492,59.68,1,robot,Equipo A,14.44,62.71,12468,no
1492,59.68,2,robot,Equipo A,27.72,84.19,0,no
1492,59.68,3,robot,Equipo B,154.29,67.23,10165,no
1492,59.68,4,robot,Equipo B,150.42,65.58,0,no
1492,59.68,0,balon,balon,70.43,66.6,0,no
1493,59.72,1,robot,Equipo A,14.24,63.37,12468,no
1493,59.72,2,robot,Equipo A,27.72,84.19,0,no
1493,59.72,3,robot,Equipo B,154.29,67.23,10165,no
1493,59.72,4,robot,Equipo B,150.42,65.58,0,no
1493,59.72,0,balon,balon,70.43,66.6,0,no
1494,59.76,1,robot,Equipo A,14.03,64.04,12468,no
1494,59.76,2,robot,Equipo A,27.72,84.19,0,no
1494,59.76,3,robot,Equipo B,154.29,67.23,10165,no
1494,59.76,4,robot,Equipo B,150.42,65.58,0,no
1494,59.76,0,balon,balon,70.43,66.6,0,no
1495,59.8,1,robot,Equipo A,14.03,64.04,0,no
1495,59.8,2,robot,Equipo A,27.72,84.19,0,no
1495,59.8,3,robot,Equipo B,154.29,67.23,10033,no
1495,59.8,4,robot,Equipo B,150.42,65.58,0,no
1495,59.8,0,balon,balon,70.43,66.6,0,no
1496,59.84,1,robot,Equipo A,14.03,64.04,0,no
1496,59.84,2,robot,Equipo A,27.72,84.19,0,no
1496,59.84,3,robot,Equipo B,154.29,67.23,10033,no
1496,59.84,4,robot,Equipo B,150.42,65.58,0,no
1496,59.84,0,balon,balon,70.43,66.6,0,no
1497,59.88,1,robot,Equipo A,14.03,64.04,0,no
1497,59.88,2,robot,Equipo A,27.72,84.19,0,no
1497,59.88,3,robot,Equipo B,154.29,67.23,10033,no
1497,59.88,4,robot,Equipo B,150.42,65.58,0,no
1497,59.88,0,balon,balon,70.43,66.6,0,no
1498,59.92,1,robot,Equipo A,14.03,64.04,0,no
1498,59.92,2,robot,Equipo A,27.72,84.19,0,no
1498,59.92,3,robot,Equipo B,154.29,67.23,10033,no
1498,59.92,4,robot,Equipo B,150.42,65.58,0,no
1498,59.92,0,balon,balon,70.43,66.6,0,no
1499,59.96,1,robot,Equipo A,14.03,64.04,0,no
1499,59.96,2,robot,Equipo A,27.72,84.19,0,no
1499,59.96,3,robot,Equipo B,154.29,67.23,10033,no
1499,59.96,4,robot,Equipo B,150.42,65.58,0,no
1499,59.96,0,balon,balon,70.43,66.6,0,no
1500,60.0,1,robot,Equipo A,14.03,64.04,0,no
1500,60.0,2,robot,Equipo A,27.72,84.19,0,no
1500,60.0,3,robot,Equipo B,154.29,67.23,10004,no
1500,60.0,4,robot,Equipo B,150.42,65.58,0,no
1500,60.0,0,balon,balon,70.43,66.6,0,no
1501,60.04,1,robot,Equipo A,14.03,64.04,0,no
1501,60.04,2,robot,Equipo A,27.72,84.19,0,no
1501,60.04,3,robot,Equipo B,154.29,67.23,10004,no
1501,60.04,4,robot,Equipo B,150.42,65.58,0,no
1501,60.04,0,balon,balon,70.43,66.6,0,no
1502,60.08,1,robot,Equipo A,14.03,64.04,0,no
1502,60.08,2,robot,Equipo A,27.72,84.19,0,no
1502,60.08,3,robot,Equipo B,154.29,67.23,10004,no
1502,60.08,4,robot,Equipo B,150.42,65.58,0,no
1502,60.08,0,balon,balon,70.43,66.6,0,no
1503,60.12,1,robot,Equipo A,14.03,64.04,0,no
1503,60.12,2,robot,Equipo A,27.72,84.19,0,no
1503,60.12,3,robot,Equipo B,154.29,67.23,10004,no
1503,60.12,4,robot,Equipo B,150.42,65.58,0,no
1503,60.12,0,balon,balon,70.43,66.6,0,no
1504,60.16,1,robot,Equipo A,14.03,64.04,0,no
1504,60.16,2,robot,Equipo A,27.72,84.19,0,no
1504,60.16,3,robot,Equipo B,154.29,67.23,10004,no
1504,60.16,4,robot,Equipo B,150.42,65.58,0,no
1504,60.16,0,balon,balon,70.43,66.6,0,no
1505,60.2,1,robot,Equipo A,14.03,64.04,0,no
1505,60.2,2,robot,Equipo A,27.72,84.19,0,no
1505,60.2,3,robot,Equipo B,154.29,67.23,10013,no
1505,60.2,4,robot,Equipo B,150.42,65.58,0,no
1505,60.2,0,balon,balon,70.43,66.6,0,no
1506,60.24,1,robot,Equipo A,14.03,64.04,0,no
1506,60.24,2,robot,Equipo A,27.72,84.19,0,no
1506,60.24,3,robot,Equipo B,154.29,67.23,10013,no
1506,60.24,4,robot,Equipo B,150.42,65.58,0,no
1506,60.24,0,balon,balon,70.43,66.6,0,no
1507,60.28,1,robot,Equipo A,14.03,64.04,0,no
1507,60.28,2,robot,Equipo A,27.72,84.19,0,no
1507,60.28,3,robot,Equipo B,154.29,67.23,10013,no
1507,60.28,4,robot,Equipo B,150.42,65.58,0,no
1507,60.28,0,balon,balon,70.43,66.6,0,no
1508,60.32,1,robot,Equipo A,14.03,64.04,0,no
1508,60.32,2,robot,Equipo A,27.72,84.19,0,no
1508,60.32,3,robot,Equipo B,154.29,67.23,10013,no
1508,60.32,4,robot,Equipo B,150.42,65.58,0,no
1508,60.32,0,balon,balon,70.43,66.6,0,no
1509,60.36,1,robot,Equipo A,14.03,64.04,0,no
1509,60.36,2,robot,Equipo A,27.72,84.19,0,no
1509,60.36,3,robot,Equipo B,154.29,67.23,10013,no
1509,60.36,4,robot,Equipo B,150.42,65.58,0,no
1509,60.36,0,balon,balon,70.43,66.6,0,no
1510,60.4,1,robot,Equipo A,14.03,64.04,11570,no
1510,60.4,2,robot,Equipo A,27.72,84.19,0,no
1510,60.4,3,robot,Equipo B,154.29,67.23,9899,no
1510,60.4,4,robot,Equipo B,150.42,65.58,0,no
1510,60.4,0,balon,balon,70.43,66.6,0,no
1511,60.44,1,robot,Equipo A,14.03,64.04,11423,no
1511,60.44,2,robot,Equipo A,27.72,84.19,0,no
1511,60.44,3,robot,Equipo B,154.29,67.23,9899,no
1511,60.44,4,robot,Equipo B,150.42,65.58,0,no
1511,60.44,0,balon,balon,70.43,66.6,0,no
1512,60.48,1,robot,Equipo A,14.03,64.04,11011,no
1512,60.48,2,robot,Equipo A,27.72,84.19,0,no
1512,60.48,3,robot,Equipo B,154.29,67.23,9899,no
1512,60.48,4,robot,Equipo B,150.42,65.58,0,no
1512,60.48,0,balon,balon,70.43,66.6,0,no
1513,60.52,1,robot,Equipo A,14.03,64.04,10523,no
1513,60.52,2,robot,Equipo A,27.72,84.19,0,no
1513,60.52,3,robot,Equipo B,154.29,67.23,9899,no
1513,60.52,4,robot,Equipo B,150.42,65.58,0,no
1513,60.52,0,balon,balon,70.43,66.6,0,no
1514,60.56,1,robot,Equipo A,14.34,64.58,10134,no
1514,60.56,2,robot,Equipo A,27.72,84.19,0,no
1514,60.56,3,robot,Equipo B,154.29,67.23,9899,no
1514,60.56,4,robot,Equipo B,150.42,65.58,0,no
1514,60.56,0,balon,balon,70.43,66.6,0,no
1515,60.6,1,robot,Equipo A,14.34,64.58,0,no
1515,60.6,2,robot,Equipo A,29.6,80.64,13581,no
1515,60.6,3,robot,Equipo B,154.29,67.23,9858,no
1515,60.6,4,robot,Equipo B,150.42,65.58,0,no
1515,60.6,0,balon,balon,70.43,66.6,0,no
1516,60.64,1,robot,Equipo A,14.34,64.58,0,no
1516,60.64,2,robot,Equipo A,31.56,77.6,14667,no
1516,60.64,3,robot,Equipo B,154.29,67.23,9858,no
1516,60.64,4,robot,Equipo B,150.42,65.58,0,no
1516,60.64,0,balon,balon,70.43,66.6,0,no
1517,60.68,1,robot,Equipo A,14.34,64.58,0,no
1517,60.68,2,robot,Equipo A,33.69,74.99,14713,no
1517,60.68,3,robot,Equipo B,154.29,67.23,9858,no
1517,60.68,4,robot,Equipo B,150.42,65.58,0,no
1517,60.68,0,balon,balon,70.43,66.6,0,no
1518,60.72,1,robot,Equipo A,14.34,64.58,0,no
1518,60.72,2,robot,Equipo A,35.96,72.73,14713,no
1518,60.72,3,robot,Equipo B,154.29,67.23,9858,no
1518,60.72,4,robot,Equipo B,150.42,65.58,0,no
1518,60.72,0,balon,balon,70.43,66.6,0,no
1519,60.76,1,robot,Equipo A,14.34,64.58,0,no
1519,60.76,2,robot,Equipo A,38.35,70.75,14713,no
1519,60.76,3,robot,Equipo B,154.29,67.23,9858,no
1519,60.76,4,robot,Equipo B,150.42,65.58,0,no
1519,60.76,0,balon,balon,70.43,66.6,0,no
1520,60.8,1,robot,Equipo A,14.34,64.58,0,no
1520,60.8,2,robot,Equipo A,38.35,70.75,0,no
1520,60.8,3,robot,Equipo B,154.29,67.23,9830,no
1520,60.8,4,robot,Equipo B,150.42,65.58,0,no
1520,60.8,0,balon,balon,70.43,66.6,0,no
1521,60.84,1,robot,Equipo A,14.34,64.58,0,no
1521,60.84,2,robot,Equipo A,38.35,70.75,0,no
1521,60.84,3,robot,Equipo B,154.29,67.23,9830,no
1521,60.84,4,robot,Equipo B,150.42,65.58,0,no
1521,60.84,0,balon,balon,70.43,66.6,0,no
1522,60.88,1,robot,Equipo A,14.34,64.58,0,no
1522,60.88,2,robot,Equipo A,38.35,70.75,0,no
1522,60.88,3,robot,Equipo B,154.29,67.23,9830,no
1522,60.88,4,robot,Equipo B,150.42,65.58,0,no
1522,60.88,0,balon,balon,70.43,66.6,0,no
1523,60.92,1,robot,Equipo A,14.34,64.58,0,no
1523,60.92,2,robot,Equipo A,38.35,70.75,0,no
1523,60.92,3,robot,Equipo B,154.29,67.23,9830,no
1523,60.92,4,robot,Equipo B,150.42,65.58,0,no
1523,60.92,0,balon,balon,70.43,66.6,0,no
1524,60.96,1,robot,Equipo A,14.34,64.58,0,no
1524,60.96,2,robot,Equipo A,38.35,70.75,0,no
1524,60.96,3,robot,Equipo B,154.29,67.23,9830,no
1524,60.96,4,robot,Equipo B,150.42,65.58,0,no
1524,60.96,0,balon,balon,70.43,66.6,0,no
1525,61.0,1,robot,Equipo A,14.34,64.58,0,no
1525,61.0,2,robot,Equipo A,37.82,69.78,13025,no
1525,61.0,3,robot,Equipo B,154.29,67.23,9948,no
1525,61.0,4,robot,Equipo B,150.42,65.58,0,no
1525,61.0,0,balon,balon,70.43,66.6,0,no
1526,61.04,1,robot,Equipo A,14.34,64.58,0,no
1526,61.04,2,robot,Equipo A,36.97,69.22,11760,no
1526,61.04,3,robot,Equipo B,154.29,67.23,9948,no
1526,61.04,4,robot,Equipo B,150.42,65.58,0,no
1526,61.04,0,balon,balon,70.43,66.6,0,no
1527,61.08,1,robot,Equipo A,14.34,64.58,0,no
1527,61.08,2,robot,Equipo A,35.81,69.07,10344,no
1527,61.08,3,robot,Equipo B,154.29,67.23,9948,no
1527,61.08,4,robot,Equipo B,150.42,65.58,0,no
1527,61.08,0,balon,balon,70.43,66.6,0,no
1528,61.12,1,robot,Equipo A,14.34,64.58,0,no
1528,61.12,2,robot,Equipo A,34.37,69.3,8772,no
1528,61.12,3,robot,Equipo B,154.29,67.23,9948,no
1528,61.12,4,robot,Equipo B,150.42,65.58,0,no
1528,61.12,0,balon,balon,70.43,66.6,0,no
1529,61.16,1,robot,Equipo A,14.34,64.58,0,no
1529,61.16,2,robot,Equipo A,32.57,69.68,8547,no
1529,61.16,3,robot,Equipo B,154.29,67.23,9948,no
1529,61.16,4,robot,Equipo B,150.42,65.58,0,no
1529,61.16,0,balon,balon,70.43,66.6,0,no
1530,61.2,1,robot,Equipo A,14.34,64.58,0,no
1530,61.2,2,robot,Equipo A,32.57,69.68,0,no
1530,61.2,3,robot,Equipo B,154.29,67.23,9918,no
1530,61.2,4,robot,Equipo B,150.42,65.58,0,no
1530,61.2,0,balon,balon,70.43,66.6,0,no
1531,61.24,1,robot,Equipo A,14.34,64.58,0,no
1531,61.24,2,robot,Equipo A,32.57,69.68,0,no
1531,61.24,3,robot,Equipo B,154.29,67.23,9918,no
1531,61.24,4,robot,Equipo B,150.42,65.58,0,no
1531,61.24,0,balon,balon,70.43,66.6,0,no
1532,61.28,1,robot,Equipo A,14.34,64.58,0,no
1532,61.28,2,robot,Equipo A,32.57,69.68,0,no
1532,61.28,3,robot,Equipo B,154.29,67.23,9918,no
1532,61.28,4,robot,Equipo B,150.42,65.58,0,no
1532,61.28,0,balon,balon,70.43,66.6,0,no
1533,61.32,1,robot,Equipo A,14.34,64.58,0,no
1533,61.32,2,robot,Equipo A,32.57,69.68,0,no
1533,61.32,3,robot,Equipo B,154.29,67.23,9918,no
1533,61.32,4,robot,Equipo B,150.42,65.58,0,no
1533,61.32,0,balon,balon,70.43,66.6,0,no
1534,61.36,1,robot,Equipo A,14.34,64.58,0,no
1534,61.36,2,robot,Equipo A,32.57,69.68,0,no
1534,61.36,3,robot,Equipo B,154.29,67.23,9918,no
1534,61.36,4,robot,Equipo B,150.42,65.58,0,no
1534,61.36,0,balon,balon,70.43,66.6,0,no
1535,61.4,1,robot,Equipo A,14.34,64.58,0,no
1535,61.4,2,robot,Equipo A,32.57,69.68,0,no
1535,61.4,3,robot,Equipo B,154.29,67.23,10070,no
1535,61.4,4,robot,Equipo B,150.42,65.58,0,no
1535,61.4,0,balon,balon,70.43,66.6,0,no
1536,61.44,1,robot,Equipo A,14.34,64.58,0,no
1536,61.44,2,robot,Equipo A,32.57,69.68,0,no
1536,61.44,3,robot,Equipo B,154.29,67.23,10070,no
1536,61.44,4,robot,Equipo B,150.42,65.58,0,no
1536,61.44,0,balon,balon,70.43,66.6,0,no
1537,61.48,1,robot,Equipo A,14.34,64.58,0,no
1537,61.48,2,robot,Equipo A,32.57,69.68,0,no
1537,61.48,3,robot,Equipo B,154.29,67.23,10070,no
1537,61.48,4,robot,Equipo B,150.42,65.58,0,no
1537,61.48,0,balon,balon,70.43,66.6,0,no
1538,61.52,1,robot,Equipo A,14.34,64.58,0,no
1538,61.52,2,robot,Equipo A,32.57,69.68,0,no
1538,61.52,3,robot,Equipo B,154.29,67.23,10070,no
1538,61.52,4,robot,Equipo B,150.42,65.58,0,no
1538,61.52,0,balon,balon,70.43,66.6,0,no
1539,61.56,1,robot,Equipo A,14.34,64.58,0,no
1539,61.56,2,robot,Equipo A,32.57,69.68,0,no
1539,61.56,3,robot,Equipo B,154.29,67.23,10070,no
1539,61.56,4,robot,Equipo B,150.42,65.58,0,no
1539,61.56,0,balon,balon,70.43,66.6,0,no
1540,61.6,1,robot,Equipo A,14.34,64.58,0,no
1540,61.6,2,robot,Equipo A,32.57,69.68,0,no
1540,61.6,3,robot,Equipo B,154.29,67.23,9832,no
1540,61.6,4,robot,Equipo B,150.42,65.58,0,no
1540,61.6,0,balon,balon,70.43,66.6,0,no
1541,61.64,1,robot,Equipo A,14.34,64.58,0,no
1541,61.64,2,robot,Equipo A,32.57,69.68,0,no
1541,61.64,3,robot,Equipo B,154.29,67.23,9832,no
1541,61.64,4,robot,Equipo B,150.42,65.58,0,no
1541,61.64,0,balon,balon,70.43,66.6,0,no
1542,61.68,1,robot,Equipo A,14.34,64.58,0,no
1542,61.68,2,robot,Equipo A,32.57,69.68,0,no
1542,61.68,3,robot,Equipo B,154.29,67.23,9832,no
1542,61.68,4,robot,Equipo B,150.42,65.58,0,no
1542,61.68,0,balon,balon,70.43,66.6,0,no
1543,61.72,1,robot,Equipo A,14.34,64.58,0,no
1543,61.72,2,robot,Equipo A,32.57,69.68,0,no
1543,61.72,3,robot,Equipo B,154.29,67.23,9832,no
1543,61.72,4,robot,Equipo B,150.42,65.58,0,no
1543,61.72,0,balon,balon,70.43,66.6,0,no
1544,61.76,1,robot,Equipo A,14.34,64.58,0,no
1544,61.76,2,robot,Equipo A,32.57,69.68,0,no
1544,61.76,3,robot,Equipo B,154.29,67.23,9832,no
1544,61.76,4,robot,Equipo B,150.42,65.58,0,no
1544,61.76,0,balon,balon,70.43,66.6,0,no
1545,61.8,1,robot,Equipo A,14.34,64.58,0,no
1545,61.8,2,robot,Equipo A,32.57,69.68,0,no
1545,61.8,3,robot,Equipo B,154.29,67.23,9872,no
1545,61.8,4,robot,Equipo B,150.42,65.58,0,no
1545,61.8,0,balon,balon,70.43,66.6,0,no
1546,61.84,1,robot,Equipo A,14.34,64.58,0,no
1546,61.84,2,robot,Equipo A,32.57,69.68,0,no
1546,61.84,3,robot,Equipo B,154.29,67.23,9872,no
1546,61.84,4,robot,Equipo B,150.42,65.58,0,no
1546,61.84,0,balon,balon,70.43,66.6,0,no
1547,61.88,1,robot,Equipo A,14.34,64.58,0,no
1547,61.88,2,robot,Equipo A,32.57,69.68,0,no
1547,61.88,3,robot,Equipo B,154.29,67.23,9872,no
1547,61.88,4,robot,Equipo B,150.42,65.58,0,no
1547,61.88,0,balon,balon,70.43,66.6,0,no
1548,61.92,1,robot,Equipo A,14.34,64.58,0,no
1548,61.92,2,robot,Equipo A,32.57,69.68,0,no
1548,61.92,3,robot,Equipo B,154.29,67.23,9872,no
1548,61.92,4,robot,Equipo B,150.42,65.58,0,no
1548,61.92,0,balon,balon,70.43,66.6,0,no
1549,61.96,1,robot,Equipo A,14.34,64.58,0,no
1549,61.96,2,robot,Equipo A,32.57,69.68,0,no
1549,61.96,3,robot,Equipo B,154.29,67.23,9872,no
1549,61.96,4,robot,Equipo B,150.42,65.58,0,no
1549,61.96,0,balon,balon,70.43,66.6,0,no
1550,62.0,1,robot,Equipo A,14.34,64.58,0,no
1550,62.0,2,robot,Equipo A,31.21,69.38,18942,no
1550,62.0,3,robot,Equipo B,154.29,67.23,9837,no
1550,62.0,4,robot,Equipo B,150.42,65.58,0,no
1550,62.0,0,balon,balon,70.43,66.6,0,no
1551,62.04,1,robot,Equipo A,12.83,65.47,4850,no
1551,62.04,2,robot,Equipo A,32.08,68.74,13265,no
1551,62.04,3,robot,Equipo B,154.29,67.23,9837,no
1551,62.04,4,robot,Equipo B,150.42,65.58,0,no
1551,62.04,0,balon,balon,70.43,66.6,0,no
1552,62.08,1,robot,Equipo A,11.4,65.64,3628,no
1552,62.08,2,robot,Equipo A,33.12,68.16,13327,no
1552,62.08,3,robot,Equipo B,154.29,67.23,9837,no
1552,62.08,4,robot,Equipo B,150.42,65.58,0,no
1552,62.08,0,balon,balon,70.43,66.6,0,no
1553,62.12,1,robot,Equipo A,9.97,65.13,3016,no
1553,62.12,2,robot,Equipo A,34.29,67.65,13402,no
1553,62.12,3,robot,Equipo B,154.29,67.23,9837,no
1553,62.12,4,robot,Equipo B,150.42,65.58,0,no
1553,62.12,0,balon,balon,70.43,66.6,0,no
1554,62.16,1,robot,Equipo A,8.71,64.13,2517,no
1554,62.16,2,robot,Equipo A,35.56,67.18,13402,no
1554,62.16,3,robot,Equipo B,154.29,67.23,12024,no
1554,62.16,4,robot,Equipo B,150.42,65.58,0,no
1554,62.16,0,balon,balon,70.43,66.6,0,no
1555,62.2,1,robot,Equipo A,8.71,64.13,5005,no
1555,62.2,2,robot,Equipo A,35.56,67.18,13967,no
1555,62.2,3,robot,Equipo B,154.29,67.23,9866,no
1555,62.2,4,robot,Equipo B,150.42,65.58,0,no
1555,62.2,0,balon,balon,70.43,66.6,0,no
1556,62.24,1,robot,Equipo A,8.71,64.13,4277,no
1556,62.24,2,robot,Equipo A,35.28,67.75,13051,no
1556,62.24,3,robot,Equipo B,154.29,67.23,9866,no
1556,62.24,4,robot,Equipo B,150.42,65.58,0,no
1556,62.24,0,balon,balon,70.43,66.6,0,no
1557,62.28,1,robot,Equipo A,8.98,64.65,3524,no
1557,62.28,2,robot,Equipo A,34.88,68.42,12488,no
1557,62.28,3,robot,Equipo B,154.29,67.23,9866,no
1557,62.28,4,robot,Equipo B,150.42,65.58,0,no
1557,62.28,0,balon,balon,70.43,66.6,0,no
1558,62.32,1,robot,Equipo A,8.98,64.65,0,no
1558,62.32,2,robot,Equipo A,33.12,69.06,17395,no
1558,62.32,3,robot,Equipo B,154.29,67.23,9866,no
1558,62.32,4,robot,Equipo B,150.42,65.58,0,no
1558,62.32,0,balon,balon,70.43,66.6,0,no
1559,62.36,1,robot,Equipo A,8.98,64.65,0,no
1559,62.36,2,robot,Equipo A,31.59,69.81,16526,no
1559,62.36,3,robot,Equipo B,154.29,67.23,9866,no
1559,62.36,4,robot,Equipo B,150.42,65.58,0,no
1559,62.36,0,balon,balon,70.43,66.6,0,no
1560,62.4,1,robot,Equipo A,8.98,64.65,0,no
1560,62.4,2,robot,Equipo A,32.36,69.68,12761,no
1560,62.4,3,robot,Equipo B,154.29,67.23,9868,no
1560,62.4,4,robot,Equipo B,150.42,65.58,0,no
1560,62.4,0,balon,balon,70.43,66.6,0,no
1561,62.44,1,robot,Equipo A,8.98,64.65,0,no
1561,62.44,2,robot,Equipo A,33.14,69.47,12976,no
1561,62.44,3,robot,Equipo B,154.29,67.23,9868,no
1561,62.44,4,robot,Equipo B,150.42,65.58,0,no
1561,62.44,0,balon,balon,70.43,66.6,0,no
1562,62.48,1,robot,Equipo A,8.98,64.65,0,no
1562,62.48,2,robot,Equipo A,33.96,69.18,12965,no
1562,62.48,3,robot,Equipo B,154.29,67.23,9868,no
1562,62.48,4,robot,Equipo B,150.42,65.58,0,no
1562,62.48,0,balon,balon,70.43,66.6,0,no
1563,62.52,1,robot,Equipo A,8.98,64.65,0,no
1563,62.52,2,robot,Equipo A,34.79,68.84,13097,no
1563,62.52,3,robot,Equipo B,154.29,67.23,9868,no
1563,62.52,4,robot,Equipo B,150.42,65.58,0,no
1563,62.52,0,balon,balon,70.43,66.6,0,no
1564,62.56,1,robot,Equipo A,8.98,64.65,0,no
1564,62.56,2,robot,Equipo A,35.66,68.45,13165,no
1564,62.56,3,robot,Equipo B,154.29,67.23,9868,no
1564,62.56,4,robot,Equipo B,150.42,65.58,0,no
1564,62.56,0,balon,balon,70.43,66.6,0,no
1565,62.6,1,robot,Equipo A,8.98,64.65,0,no
1565,62.6,2,robot,Equipo A,35.66,68.45,12730,no
1565,62.6,3,robot,Equipo B,154.29,67.23,9847,no
1565,62.6,4,robot,Equipo B,150.42,65.58,0,no
1565,62.6,0,balon,balon,70.43,66.6,0,no
1566,62.64,1,robot,Equipo A,8.98,64.65,0,no
1566,62.64,2,robot,Equipo A,35.66,68.45,12555,no
1566,62.64,3,robot,Equipo B,154.29,67.23,9847,no
1566,62.64,4,robot,Equipo B,150.42,65.58,0,no
1566,62.64,0,balon,balon,70.43,66.6,0,no
1567,62.68,1,robot,Equipo A,8.98,64.65,0,no
1567,62.68,2,robot,Equipo A,35.66,68.45,12226,no
1567,62.68,3,robot,Equipo B,154.29,67.23,9847,no
1567,62.68,4,robot,Equipo B,150.42,65.58,0,no
1567,62.68,0,balon,balon,70.43,66.6,0,no
1568,62.72,1,robot,Equipo A,8.98,64.65,0,no
1568,62.72,2,robot,Equipo A,35.24,68.94,12039,no
1568,62.72,3,robot,Equipo B,154.29,67.23,9847,no
1568,62.72,4,robot,Equipo B,150.42,65.58,0,no
1568,62.72,0,balon,balon,70.43,66.6,0,no
1569,62.76,1,robot,Equipo A,8.98,64.65,0,no
1569,62.76,2,robot,Equipo A,34.76,69.48,11786,no
1569,62.76,3,robot,Equipo B,154.29,67.23,9847,no
1569,62.76,4,robot,Equipo B,150.42,65.58,0,no
1569,62.76,0,balon,balon,70.43,66.6,0,no
1570,62.8,1,robot,Equipo A,8.98,64.65,0,no
1570,62.8,2,robot,Equipo A,34.76,69.48,12739,no
1570,62.8,3,robot,Equipo B,154.29,67.23,9912,no
1570,62.8,4,robot,Equipo B,150.42,65.58,0,no
1570,62.8,0,balon,balon,70.43,66.6,0,no
1571,62.84,1,robot,Equipo A,8.98,64.65,0,no
1571,62.84,2,robot,Equipo A,34.76,69.48,12958,no
1571,62.84,3,robot,Equipo B,154.29,67.23,9912,no
1571,62.84,4,robot,Equipo B,150.42,65.58,0,no
1571,62.84,0,balon,balon,70.43,66.6,0,no
1572,62.88,1,robot,Equipo A,8.98,64.65,0,no
1572,62.88,2,robot,Equipo A,34.76,69.48,12951,no
1572,62.88,3,robot,Equipo B,154.29,67.23,9912,no
1572,62.88,4,robot,Equipo B,150.42,65.58,0,no
1572,62.88,0,balon,balon,70.43,66.6,0,no
1573,62.92,1,robot,Equipo A,8.98,64.65,0,no
1573,62.92,2,robot,Equipo A,35.21,69.16,12996,no
1573,62.92,3,robot,Equipo B,154.29,67.23,9912,no
1573,62.92,4,robot,Equipo B,150.42,65.58,0,no
1573,62.92,0,balon,balon,70.43,66.6,0,no
1574,62.96,1,robot,Equipo A,8.98,64.65,0,no
1574,62.96,2,robot,Equipo A,35.67,68.82,13064,no
1574,62.96,3,robot,Equipo B,154.29,67.23,9912,no
1574,62.96,4,robot,Equipo B,150.42,65.58,0,no
1574,62.96,0,balon,balon,70.43,66.6,0,no
1575,63.0,1,robot,Equipo A,8.98,64.65,0,no
1575,63.0,2,robot,Equipo A,35.67,68.82,13104,no
1575,63.0,3,robot,Equipo B,154.29,67.23,9932,no
1575,63.0,4,robot,Equipo B,150.42,65.58,0,no
1575,63.0,0,balon,balon,70.43,66.6,0,no
1576,63.04,1,robot,Equipo A,8.98,64.65,0,no
1576,63.04,2,robot,Equipo A,35.67,68.82,12902,no
1576,63.04,3,robot,Equipo B,154.29,67.23,9932,no
1576,63.04,4,robot,Equipo B,150.42,65.58,0,no
1576,63.04,0,balon,balon,70.43,66.6,0,no
1577,63.08,1,robot,Equipo A,8.98,64.65,0,no
1577,63.08,2,robot,Equipo A,35.67,68.82,12674,no
1577,63.08,3,robot,Equipo B,154.29,67.23,9932,no
1577,63.08,4,robot,Equipo B,150.42,65.58,0,no
1577,63.08,0,balon,balon,70.43,66.6,0,no
1578,63.12,1,robot,Equipo A,8.98,64.65,0,no
1578,63.12,2,robot,Equipo A,35.37,69.24,12441,no
1578,63.12,3,robot,Equipo B,154.29,67.23,9932,no
1578,63.12,4,robot,Equipo B,150.42,65.58,0,no
1578,63.12,0,balon,balon,70.43,66.6,0,no
1579,63.16,1,robot,Equipo A,8.98,64.65,0,no
1579,63.16,2,robot,Equipo A,35.07,69.67,12268,no
1579,63.16,3,robot,Equipo B,154.29,67.23,9932,no
1579,63.16,4,robot,Equipo B,150.42,65.58,0,no
1579,63.16,0,balon,balon,70.43,66.6,0,no
1580,63.2,1,robot,Equipo A,8.98,64.65,0,no
1580,63.2,2,robot,Equipo A,35.07,69.67,12739,no
1580,63.2,3,robot,Equipo B,154.29,67.23,9890,no
1580,63.2,4,robot,Equipo B,150.42,65.58,0,no
1580,63.2,0,balon,balon,70.43,66.6,0,no
1581,63.24,1,robot,Equipo A,8.98,64.65,0,no
1581,63.24,2,robot,Equipo A,35.07,69.67,12897,no
1581,63.24,3,robot,Equipo B,154.29,67.23,9890,no
1581,63.24,4,robot,Equipo B,150.42,65.58,0,no
1581,63.24,0,balon,balon,70.43,66.6,0,no
1582,63.28,1,robot,Equipo A,8.98,64.65,0,no
1582,63.28,2,robot,Equipo A,35.07,69.67,13007,no
1582,63.28,3,robot,Equipo B,154.29,67.23,9890,no
1582,63.28,4,robot,Equipo B,150.42,65.58,0,no
1582,63.28,0,balon,balon,70.43,66.6,0,no
1583,63.32,1,robot,Equipo A,8.98,64.65,0,no
1583,63.32,2,robot,Equipo A,35.07,69.67,12976,no
1583,63.32,3,robot,Equipo B,154.29,67.23,9890,no
1583,63.32,4,robot,Equipo B,150.42,65.58,0,no
1583,63.32,0,balon,balon,70.43,66.6,0,no
1584,63.36,1,robot,Equipo A,8.98,64.65,0,no
1584,63.36,2,robot,Equipo A,35.45,69.31,13031,no
1584,63.36,3,robot,Equipo B,154.29,67.23,9890,no
1584,63.36,4,robot,Equipo B,150.42,65.58,0,no
1584,63.36,0,balon,balon,70.43,66.6,0,no
1585,63.4,1,robot,Equipo A,8.43,66.68,6503,no
1585,63.4,2,robot,Equipo A,35.45,69.31,12649,no
1585,63.4,3,robot,Equipo B,154.29,67.23,9889,no
1585,63.4,4,robot,Equipo B,150.42,65.58,0,no
1585,63.4,0,balon,balon,70.43,66.6,0,no
1586,63.44,1,robot,Equipo A,7.91,68.25,5751,no
1586,63.44,2,robot,Equipo A,35.45,69.31,12473,no
1586,63.44,3,robot,Equipo B,154.29,67.23,9889,no
1586,63.44,4,robot,Equipo B,150.42,65.58,0,no
1586,63.44,0,balon,balon,70.43,66.6,0,no
1587,63.48,1,robot,Equipo A,7.43,69.45,5028,no
1587,63.48,2,robot,Equipo A,35.45,69.31,12214,no
1587,63.48,3,robot,Equipo B,154.29,67.23,9889,no
1587,63.48,4,robot,Equipo B,150.42,65.58,0,no
1587,63.48,0,balon,balon,70.43,66.6,0,no
1588,63.52,1,robot,Equipo A,6.94,70.32,4430,no
1588,63.52,2,robot,Equipo A,35.45,69.31,12019,no
1588,63.52,3,robot,Equipo B,154.29,67.23,9889,no
1588,63.52,4,robot,Equipo B,150.42,65.58,0,no
1588,63.52,0,balon,balon,70.43,66.6,0,no
1589,63.56,1,robot,Equipo A,6.48,70.96,3804,no
1589,63.56,2,robot,Equipo A,35.45,69.31,11807,no
1589,63.56,3,robot,Equipo B,156.92,68.58,2624,no
1589,63.56,4,robot,Equipo B,151.08,66.04,9916,no
1589,63.56,0,balon,balon,70.43,66.6,0,no
1590,63.6,1,robot,Equipo A,6.48,70.96,0,no
1590,63.6,2,robot,Equipo A,35.45,69.31,12817,no
1590,63.6,3,robot,Equipo B,156.92,68.58,0,no
1590,63.6,4,robot,Equipo B,151.61,66.27,9905,no
1590,63.6,0,balon,balon,70.43,66.6,0,no
1591,63.64,1,robot,Equipo A,6.48,70.96,0,no
1591,63.64,2,robot,Equipo A,35.45,69.31,12860,no
1591,63.64,3,robot,Equipo B,156.92,68.58,0,no
1591,63.64,4,robot,Equipo B,151.61,66.27,9905,no
1591,63.64,0,balon,balon,70.43,66.6,0,no
1592,63.68,1,robot,Equipo A,6.48,70.96,0,no
1592,63.68,2,robot,Equipo A,35.45,69.31,12944,no
1592,63.68,3,robot,Equipo B,156.92,68.58,0,no
1592,63.68,4,robot,Equipo B,151.61,66.27,9905,no
1592,63.68,0,balon,balon,70.43,66.6,0,no
1593,63.72,1,robot,Equipo A,6.48,70.96,0,no
1593,63.72,2,robot,Equipo A,35.45,69.31,12944,no
1593,63.72,3,robot,Equipo B,156.92,68.58,0,no
1593,63.72,4,robot,Equipo B,151.61,66.27,9905,no
1593,63.72,0,balon,balon,70.43,66.6,0,no
1594,63.76,1,robot,Equipo A,6.48,70.96,0,no
1594,63.76,2,robot,Equipo A,35.45,69.31,13021,no
1594,63.76,3,robot,Equipo B,156.92,68.58,0,no
1594,63.76,4,robot,Equipo B,151.61,66.27,9905,no
1594,63.76,0,balon,balon,70.43,66.6,0,no
1595,63.8,1,robot,Equipo A,6.48,70.96,0,no
1595,63.8,2,robot,Equipo A,35.45,69.31,0,no
1595,63.8,3,robot,Equipo B,156.92,68.58,0,no
1595,63.8,4,robot,Equipo B,151.61,66.27,9984,no
1595,63.8,0,balon,balon,70.43,66.6,0,no
1596,63.84,1,robot,Equipo A,6.48,70.96,0,no
1596,63.84,2,robot,Equipo A,35.45,69.31,0,no
1596,63.84,3,robot,Equipo B,156.92,68.58,0,no
1596,63.84,4,robot,Equipo B,151.61,66.27,9984,no
1596,63.84,0,balon,balon,70.43,66.6,0,no
1597,63.88,1,robot,Equipo A,6.48,70.96,0,no
1597,63.88,2,robot,Equipo A,35.45,69.31,0,no
1597,63.88,3,robot,Equipo B,156.92,68.58,0,no
1597,63.88,4,robot,Equipo B,151.61,66.27,9984,no
1597,63.88,0,balon,balon,70.43,66.6,0,no
1598,63.92,1,robot,Equipo A,6.48,70.96,0,no
1598,63.92,2,robot,Equipo A,35.45,69.31,0,no
1598,63.92,3,robot,Equipo B,156.92,68.58,0,no
1598,63.92,4,robot,Equipo B,151.61,66.27,9984,no
1598,63.92,0,balon,balon,70.43,66.6,0,no
1599,63.96,1,robot,Equipo A,6.48,70.96,0,no
1599,63.96,2,robot,Equipo A,35.45,69.31,0,no
1599,63.96,3,robot,Equipo B,156.92,68.58,0,no
1599,63.96,4,robot,Equipo B,151.61,66.27,9984,no
1599,63.96,0,balon,balon,70.43,66.6,0,no
1600,64.0,1,robot,Equipo A,6.48,70.96,0,no
1600,64.0,2,robot,Equipo A,35.45,69.31,0,no
1600,64.0,3,robot,Equipo B,156.92,68.58,0,no
1600,64.0,4,robot,Equipo B,151.61,66.27,9854,no
1600,64.0,0,balon,balon,70.43,66.6,0,no
1601,64.04,1,robot,Equipo A,6.48,70.96,0,no
1601,64.04,2,robot,Equipo A,35.45,69.31,0,no
1601,64.04,3,robot,Equipo B,156.92,68.58,0,no
1601,64.04,4,robot,Equipo B,151.61,66.27,9854,no
1601,64.04,0,balon,balon,70.43,66.6,0,no
1602,64.08,1,robot,Equipo A,6.48,70.96,0,no
1602,64.08,2,robot,Equipo A,35.45,69.31,0,no
1602,64.08,3,robot,Equipo B,156.92,68.58,0,no
1602,64.08,4,robot,Equipo B,151.61,66.27,9854,no
1602,64.08,0,balon,balon,70.43,66.6,0,no
1603,64.12,1,robot,Equipo A,6.48,70.96,0,no
1603,64.12,2,robot,Equipo A,35.45,69.31,0,no
1603,64.12,3,robot,Equipo B,156.92,68.58,0,no
1603,64.12,4,robot,Equipo B,151.61,66.27,9854,no
1603,64.12,0,balon,balon,70.43,66.6,0,no
1604,64.16,1,robot,Equipo A,6.48,70.96,0,no
1604,64.16,2,robot,Equipo A,34.39,64.29,2355,no
1604,64.16,3,robot,Equipo B,156.92,68.58,0,no
1604,64.16,4,robot,Equipo B,151.61,66.27,9854,no
1604,64.16,0,balon,balon,70.43,66.6,0,no
1605,64.2,1,robot,Equipo A,6.48,70.96,0,no
1605,64.2,2,robot,Equipo A,34.39,64.29,0,no
1605,64.2,3,robot,Equipo B,156.92,68.58,0,no
1605,64.2,4,robot,Equipo B,151.61,66.27,9833,no
1605,64.2,0,balon,balon,70.43,66.6,0,no
1606,64.24,1,robot,Equipo A,6.48,70.96,0,no
1606,64.24,2,robot,Equipo A,34.39,64.29,0,no
1606,64.24,3,robot,Equipo B,156.92,68.58,0,no
1606,64.24,4,robot,Equipo B,151.61,66.27,9833,no
1606,64.24,0,balon,balon,70.43,66.6,0,no
1607,64.28,1,robot,Equipo A,6.48,70.96,0,no
1607,64.28,2,robot,Equipo A,34.39,64.29,0,no
1607,64.28,3,robot,Equipo B,156.92,68.58,0,no
1607,64.28,4,robot,Equipo B,151.61,66.27,9833,no
1607,64.28,0,balon,balon,70.43,66.6,0,no
1608,64.32,1,robot,Equipo A,6.48,70.96,0,no
1608,64.32,2,robot,Equipo A,34.39,64.29,0,no
1608,64.32,3,robot,Equipo B,156.92,68.58,0,no
1608,64.32,4,robot,Equipo B,151.61,66.27,9833,no
1608,64.32,0,balon,balon,70.43,66.6,0,no
1609,64.36,1,robot,Equipo A,6.48,70.96,0,no
1609,64.36,2,robot,Equipo A,34.39,64.29,0,no
1609,64.36,3,robot,Equipo B,156.92,68.58,0,no
1609,64.36,4,robot,Equipo B,151.61,66.27,9833,no
1609,64.36,0,balon,balon,70.43,66.6,0,no
1610,64.4,1,robot,Equipo A,6.48,70.96,0,no
1610,64.4,2,robot,Equipo A,34.39,64.29,0,no
1610,64.4,3,robot,Equipo B,156.92,68.58,0,no
1610,64.4,4,robot,Equipo B,151.61,66.27,9794,no
1610,64.4,0,balon,balon,70.43,66.6,0,no
1611,64.44,1,robot,Equipo A,6.48,70.96,0,no
1611,64.44,2,robot,Equipo A,34.39,64.29,0,no
1611,64.44,3,robot,Equipo B,156.92,68.58,0,no
1611,64.44,4,robot,Equipo B,151.61,66.27,9794,no
1611,64.44,0,balon,balon,70.43,66.6,0,no
1612,64.48,1,robot,Equipo A,6.48,70.96,0,no
1612,64.48,2,robot,Equipo A,34.39,64.29,0,no
1612,64.48,3,robot,Equipo B,156.92,68.58,0,no
1612,64.48,4,robot,Equipo B,151.61,66.27,9794,no
1612,64.48,0,balon,balon,70.43,66.6,0,no
1613,64.52,1,robot,Equipo A,6.48,70.96,0,no
1613,64.52,2,robot,Equipo A,34.39,64.29,0,no
1613,64.52,3,robot,Equipo B,156.92,68.58,0,no
1613,64.52,4,robot,Equipo B,151.61,66.27,9794,no
1613,64.52,0,balon,balon,70.43,66.6,0,no
1614,64.56,1,robot,Equipo A,6.48,70.96,0,no
1614,64.56,2,robot,Equipo A,34.39,64.29,0,no
1614,64.56,3,robot,Equipo B,156.92,68.58,0,no
1614,64.56,4,robot,Equipo B,151.61,66.27,9794,no
1614,64.56,0,balon,balon,70.43,66.6,0,no
1615,64.6,1,robot,Equipo A,6.48,70.96,0,no
1615,64.6,2,robot,Equipo A,34.39,64.29,0,no
1615,64.6,3,robot,Equipo B,156.92,68.58,0,no
1615,64.6,4,robot,Equipo B,151.61,66.27,9865,no
1615,64.6,0,balon,balon,70.43,66.6,0,no
1616,64.64,1,robot,Equipo A,6.48,70.96,0,no
1616,64.64,2,robot,Equipo A,34.39,64.29,0,no
1616,64.64,3,robot,Equipo B,156.92,68.58,0,no
1616,64.64,4,robot,Equipo B,151.61,66.27,9865,no
1616,64.64,0,balon,balon,70.43,66.6,0,no
1617,64.68,1,robot,Equipo A,6.48,70.96,0,no
1617,64.68,2,robot,Equipo A,34.39,64.29,0,no
1617,64.68,3,robot,Equipo B,156.92,68.58,0,no
1617,64.68,4,robot,Equipo B,151.61,66.27,9865,no
1617,64.68,0,balon,balon,70.43,66.6,0,no
1618,64.72,1,robot,Equipo A,6.48,70.96,0,no
1618,64.72,2,robot,Equipo A,34.39,64.29,0,no
1618,64.72,3,robot,Equipo B,156.92,68.58,0,no
1618,64.72,4,robot,Equipo B,151.61,66.27,9865,no
1618,64.72,0,balon,balon,70.43,66.6,0,no
1619,64.76,1,robot,Equipo A,6.48,70.96,0,no
1619,64.76,2,robot,Equipo A,34.39,64.29,0,no
1619,64.76,3,robot,Equipo B,156.92,68.58,0,no
1619,64.76,4,robot,Equipo B,151.61,66.27,9865,no
1619,64.76,0,balon,balon,70.43,66.6,0,no
1620,64.8,1,robot,Equipo A,6.48,70.96,0,no
1620,64.8,2,robot,Equipo A,34.39,64.29,0,no
1620,64.8,3,robot,Equipo B,156.92,68.58,0,no
1620,64.8,4,robot,Equipo B,151.61,66.27,9841,no
1620,64.8,0,balon,balon,70.43,66.6,0,no
1621,64.84,1,robot,Equipo A,6.48,70.96,0,no
1621,64.84,2,robot,Equipo A,34.39,64.29,0,no
1621,64.84,3,robot,Equipo B,156.92,68.58,0,no
1621,64.84,4,robot,Equipo B,151.61,66.27,9841,no
1621,64.84,0,balon,balon,70.43,66.6,0,no
1622,64.88,1,robot,Equipo A,6.48,70.96,0,no
1622,64.88,2,robot,Equipo A,34.39,64.29,0,no
1622,64.88,3,robot,Equipo B,156.92,68.58,0,no
1622,64.88,4,robot,Equipo B,151.61,66.27,9841,no
1622,64.88,0,balon,balon,70.43,66.6,0,no
1623,64.92,1,robot,Equipo A,6.48,70.96,0,no
1623,64.92,2,robot,Equipo A,34.39,64.29,0,no
1623,64.92,3,robot,Equipo B,156.92,68.58,0,no
1623,64.92,4,robot,Equipo B,151.61,66.27,9841,no
1623,64.92,0,balon,balon,70.43,66.6,0,no
1624,64.96,1,robot,Equipo A,6.48,70.96,0,no
1624,64.96,2,robot,Equipo A,34.39,64.29,0,no
1624,64.96,3,robot,Equipo B,156.92,68.58,0,no
1624,64.96,4,robot,Equipo B,151.61,66.27,9841,no
1624,64.96,0,balon,balon,70.43,66.6,0,no
1625,65.0,1,robot,Equipo A,6.48,70.96,0,no
1625,65.0,2,robot,Equipo A,34.39,64.29,0,no
1625,65.0,3,robot,Equipo B,156.92,68.58,0,no
1625,65.0,4,robot,Equipo B,151.61,66.27,9856,no
1625,65.0,0,balon,balon,70.43,66.6,0,no
1626,65.04,1,robot,Equipo A,6.48,70.96,0,no
1626,65.04,2,robot,Equipo A,34.39,64.29,0,no
1626,65.04,3,robot,Equipo B,156.92,68.58,0,no
1626,65.04,4,robot,Equipo B,151.61,66.27,9856,no
1626,65.04,0,balon,balon,70.43,66.6,0,no
1627,65.08,1,robot,Equipo A,6.48,70.96,0,no
1627,65.08,2,robot,Equipo A,34.39,64.29,0,no
1627,65.08,3,robot,Equipo B,156.92,68.58,0,no
1627,65.08,4,robot,Equipo B,151.61,66.27,9856,no
1627,65.08,0,balon,balon,70.43,66.6,0,no
1628,65.12,1,robot,Equipo A,6.48,70.96,0,no
1628,65.12,2,robot,Equipo A,34.39,64.29,0,no
1628,65.12,3,robot,Equipo B,156.92,68.58,0,no
1628,65.12,4,robot,Equipo B,151.61,66.27,9856,no
1628,65.12,0,balon,balon,70.43,66.6,0,no
1629,65.16,1,robot,Equipo A,6.48,70.96,0,no
1629,65.16,2,robot,Equipo A,34.39,64.29,0,no
1629,65.16,3,robot,Equipo B,156.92,68.58,0,no
1629,65.16,4,robot,Equipo B,151.61,66.27,9856,no
1629,65.16,0,balon,balon,70.43,66.6,0,no
1630,65.2,1,robot,Equipo A,6.48,70.96,0,no
1630,65.2,2,robot,Equipo A,35.42,64.69,11145,no
1630,65.2,3,robot,Equipo B,156.92,68.58,0,no
1630,65.2,4,robot,Equipo B,151.61,66.27,10003,no
1630,65.2,0,balon,balon,70.43,66.6,0,no
1631,65.24,1,robot,Equipo A,6.48,70.96,0,no
1631,65.24,2,robot,Equipo A,36.27,65.04,10926,no
1631,65.24,3,robot,Equipo B,156.92,68.58,0,no
1631,65.24,4,robot,Equipo B,151.61,66.27,10003,no
1631,65.24,0,balon,balon,70.43,66.6,0,no
1632,65.28,1,robot,Equipo A,6.48,70.96,0,no
1632,65.28,2,robot,Equipo A,36.98,65.32,10790,no
1632,65.28,3,robot,Equipo B,156.92,68.58,0,no
1632,65.28,4,robot,Equipo B,151.61,66.27,10003,no
1632,65.28,0,balon,balon,70.43,66.6,0,no
1633,65.32,1,robot,Equipo A,6.48,70.96,0,no
1633,65.32,2,robot,Equipo A,37.57,65.57,10580,no
1633,65.32,3,robot,Equipo B,156.92,68.58,0,no
1633,65.32,4,robot,Equipo B,151.61,66.27,10003,no
1633,65.32,0,balon,balon,70.43,66.6,0,no
1634,65.36,1,robot,Equipo A,6.48,70.96,0,no
1634,65.36,2,robot,Equipo A,38.08,65.78,10421,no
1634,65.36,3,robot,Equipo B,156.92,68.58,0,no
1634,65.36,4,robot,Equipo B,151.61,66.27,10003,no
1634,65.36,0,balon,balon,70.43,66.6,0,no
1635,65.4,1,robot,Equipo A,6.48,70.96,0,no
1635,65.4,2,robot,Equipo A,38.22,66.98,12389,no
1635,65.4,3,robot,Equipo B,156.92,68.58,0,no
1635,65.4,4,robot,Equipo B,151.61,66.27,10041,no
1635,65.4,0,balon,balon,70.43,66.6,0,no
1636,65.44,1,robot,Equipo A,6.48,70.96,0,no
1636,65.44,2,robot,Equipo A,38.29,68.17,12239,no
1636,65.44,3,robot,Equipo B,156.92,68.58,0,no
1636,65.44,4,robot,Equipo B,151.61,66.27,10041,no
1636,65.44,0,balon,balon,70.43,66.6,0,no
1637,65.48,1,robot,Equipo A,6.48,70.96,0,no
1637,65.48,2,robot,Equipo A,38.28,69.36,12396,no
1637,65.48,3,robot,Equipo B,156.92,68.58,0,no
1637,65.48,4,robot,Equipo B,151.61,66.27,10041,no
1637,65.48,0,balon,balon,70.43,66.6,0,no
1638,65.52,1,robot,Equipo A,6.48,70.96,0,no
1638,65.52,2,robot,Equipo A,38.19,70.54,12524,no
1638,65.52,3,robot,Equipo B,156.92,68.58,0,no
1638,65.52,4,robot,Equipo B,151.61,66.27,10041,no
1638,65.52,0,balon,balon,70.43,66.6,0,no
1639,65.56,1,robot,Equipo A,6.48,70.96,0,no
1639,65.56,2,robot,Equipo A,38.06,71.71,12521,no
1639,65.56,3,robot,Equipo B,156.92,68.58,0,no
1639,65.56,4,robot,Equipo B,151.61,66.27,10041,no
1639,65.56,0,balon,balon,70.43,66.6,0,no
1640,65.6,1,robot,Equipo A,6.48,70.96,0,no
1640,65.6,2,robot,Equipo A,38.06,71.71,12600,no
1640,65.6,3,robot,Equipo B,156.92,68.58,0,no
1640,65.6,4,robot,Equipo B,151.61,66.27,9864,no
1640,65.6,0,balon,balon,70.43,66.6,0,no
1641,65.64,1,robot,Equipo A,6.48,70.96,0,no
1641,65.64,2,robot,Equipo A,38.06,71.71,12327,no
1641,65.64,3,robot,Equipo B,156.92,68.58,0,no
1641,65.64,4,robot,Equipo B,151.61,66.27,9864,no
1641,65.64,0,balon,balon,70.43,66.6,0,no
1642,65.68,1,robot,Equipo A,6.48,70.96,0,no
1642,65.68,2,robot,Equipo A,38.06,71.71,12157,no
1642,65.68,3,robot,Equipo B,156.92,68.58,0,no
1642,65.68,4,robot,Equipo B,151.61,66.27,9864,no
1642,65.68,0,balon,balon,70.43,66.6,0,no
1643,65.72,1,robot,Equipo A,6.48,70.96,0,no
1643,65.72,2,robot,Equipo A,38.06,71.71,12003,no
1643,65.72,3,robot,Equipo B,156.92,68.58,0,no
1643,65.72,4,robot,Equipo B,151.61,66.27,9864,no
1643,65.72,0,balon,balon,70.43,66.6,0,no
1644,65.76,1,robot,Equipo A,6.48,70.96,0,no
1644,65.76,2,robot,Equipo A,38.06,71.71,11827,no
1644,65.76,3,robot,Equipo B,156.92,68.58,0,no
1644,65.76,4,robot,Equipo B,151.61,66.27,9864,no
1644,65.76,0,balon,balon,70.43,66.6,0,no
1645,65.8,1,robot,Equipo A,6.48,70.96,0,no
1645,65.8,2,robot,Equipo A,38.06,71.71,11768,no
1645,65.8,3,robot,Equipo B,156.92,68.58,0,no
1645,65.8,4,robot,Equipo B,151.61,66.27,9886,no
1645,65.8,0,balon,balon,70.43,66.6,0,no
1646,65.84,1,robot,Equipo A,6.48,70.96,0,no
1646,65.84,2,robot,Equipo A,38.06,71.71,11915,no
1646,65.84,3,robot,Equipo B,156.92,68.58,0,no
1646,65.84,4,robot,Equipo B,151.61,66.27,9886,no
1646,65.84,0,balon,balon,70.43,66.6,0,no
1647,65.88,1,robot,Equipo A,6.48,70.96,0,no
1647,65.88,2,robot,Equipo A,38.06,71.71,12058,no
1647,65.88,3,robot,Equipo B,156.92,68.58,0,no
1647,65.88,4,robot,Equipo B,151.61,66.27,9886,no
1647,65.88,0,balon,balon,70.43,66.6,0,no
1648,65.92,1,robot,Equipo A,6.48,70.96,0,no
1648,65.92,2,robot,Equipo A,38.06,71.71,12110,no
1648,65.92,3,robot,Equipo B,156.92,68.58,0,no
1648,65.92,4,robot,Equipo B,151.61,66.27,9886,no
1648,65.92,0,balon,balon,70.43,66.6,0,no
1649,65.96,1,robot,Equipo A,6.48,70.96,0,no
1649,65.96,2,robot,Equipo A,38.06,71.71,12010,no
1649,65.96,3,robot,Equipo B,156.92,68.58,0,no
1649,65.96,4,robot,Equipo B,151.61,66.27,9886,no
1649,65.96,0,balon,balon,70.43,66.6,0,no
1650,66.0,1,robot,Equipo A,6.48,70.96,0,no
1650,66.0,2,robot,Equipo A,38.06,71.71,11779,no
1650,66.0,3,robot,Equipo B,156.92,68.58,0,no
1650,66.0,4,robot,Equipo B,151.61,66.27,9894,no
1650,66.0,0,balon,balon,70.43,66.6,0,no
1651,66.04,1,robot,Equipo A,6.48,70.96,0,no
1651,66.04,2,robot,Equipo A,38.06,71.71,11741,no
1651,66.04,3,robot,Equipo B,156.92,68.58,0,no
1651,66.04,4,robot,Equipo B,151.61,66.27,9894,no
1651,66.04,0,balon,balon,70.43,66.6,0,no
1652,66.08,1,robot,Equipo A,6.48,70.96,0,no
1652,66.08,2,robot,Equipo A,38.06,71.71,12046,no
1652,66.08,3,robot,Equipo B,156.92,68.58,0,no
1652,66.08,4,robot,Equipo B,151.61,66.27,9894,no
1652,66.08,0,balon,balon,70.43,66.6,0,no
1653,66.12,1,robot,Equipo A,6.48,70.96,0,no
1653,66.12,2,robot,Equipo A,38.06,71.71,12046,no
1653,66.12,3,robot,Equipo B,156.92,68.58,0,no
1653,66.12,4,robot,Equipo B,151.61,66.27,9894,no
1653,66.12,0,balon,balon,70.43,66.6,0,no
1654,66.16,1,robot,Equipo A,6.48,70.96,0,no
1654,66.16,2,robot,Equipo A,38.06,71.71,12046,no
1654,66.16,3,robot,Equipo B,156.92,68.58,0,no
1654,66.16,4,robot,Equipo B,151.61,66.27,9894,no
1654,66.16,0,balon,balon,70.43,66.6,0,no
1655,66.2,1,robot,Equipo A,6.48,70.96,0,no
1655,66.2,2,robot,Equipo A,38.06,71.71,15212,no
1655,66.2,3,robot,Equipo B,156.92,68.58,0,no
1655,66.2,4,robot,Equipo B,151.61,66.27,9875,no
1655,66.2,0,balon,balon,70.43,66.6,0,no
1656,66.24,1,robot,Equipo A,6.48,70.96,0,no
1656,66.24,2,robot,Equipo A,38.06,71.71,15212,no
1656,66.24,3,robot,Equipo B,156.92,68.58,0,no
1656,66.24,4,robot,Equipo B,151.61,66.27,9875,no
1656,66.24,0,balon,balon,70.43,66.6,0,no
1657,66.28,1,robot,Equipo A,6.48,70.96,0,no
1657,66.28,2,robot,Equipo A,38.06,71.71,15104,no
1657,66.28,3,robot,Equipo B,156.92,68.58,0,no
1657,66.28,4,robot,Equipo B,151.61,66.27,9875,no
1657,66.28,0,balon,balon,70.43,66.6,0,no
1658,66.32,1,robot,Equipo A,6.48,70.96,0,no
1658,66.32,2,robot,Equipo A,38.06,71.71,14787,no
1658,66.32,3,robot,Equipo B,156.92,68.58,0,no
1658,66.32,4,robot,Equipo B,151.61,66.27,9875,no
1658,66.32,0,balon,balon,70.43,66.6,0,no
1659,66.36,1,robot,Equipo A,6.48,70.96,0,no
1659,66.36,2,robot,Equipo A,38.06,71.71,14546,no
1659,66.36,3,robot,Equipo B,156.92,68.58,0,no
1659,66.36,4,robot,Equipo B,151.61,66.27,9875,no
1659,66.36,0,balon,balon,70.43,66.6,0,no
1660,66.4,1,robot,Equipo A,6.48,70.96,0,no
1660,66.4,2,robot,Equipo A,38.06,71.71,15502,no
1660,66.4,3,robot,Equipo B,156.92,68.58,0,no
1660,66.4,4,robot,Equipo B,151.61,66.27,9886,no
1660,66.4,0,balon,balon,70.43,66.6,0,no
1661,66.44,1,robot,Equipo A,6.48,70.96,0,no
1661,66.44,2,robot,Equipo A,38.06,71.71,15520,no
1661,66.44,3,robot,Equipo B,156.92,68.58,0,no
1661,66.44,4,robot,Equipo B,151.61,66.27,9886,no
1661,66.44,0,balon,balon,70.43,66.6,0,no
1662,66.48,1,robot,Equipo A,6.48,70.96,0,no
1662,66.48,2,robot,Equipo A,38.06,71.71,15634,no
1662,66.48,3,robot,Equipo B,156.92,68.58,0,no
1662,66.48,4,robot,Equipo B,151.61,66.27,9886,no
1662,66.48,0,balon,balon,70.43,66.6,0,no
1663,66.52,1,robot,Equipo A,6.48,70.96,0,no
1663,66.52,2,robot,Equipo A,38.06,71.71,15660,no
1663,66.52,3,robot,Equipo B,156.92,68.58,0,no
1663,66.52,4,robot,Equipo B,151.61,66.27,9886,no
1663,66.52,0,balon,balon,70.43,66.6,0,no
1664,66.56,1,robot,Equipo A,6.48,70.96,0,no
1664,66.56,2,robot,Equipo A,38.06,71.71,15664,no
1664,66.56,3,robot,Equipo B,156.92,68.58,0,no
1664,66.56,4,robot,Equipo B,151.61,66.27,9886,no
1664,66.56,0,balon,balon,70.43,66.6,0,no
1665,66.6,1,robot,Equipo A,6.48,70.96,0,no
1665,66.6,2,robot,Equipo A,38.06,71.71,15397,no
1665,66.6,3,robot,Equipo B,156.92,68.58,0,no
1665,66.6,4,robot,Equipo B,151.61,66.27,9871,no
1665,66.6,0,balon,balon,70.43,66.6,0,no
1666,66.64,1,robot,Equipo A,6.48,70.96,0,no
1666,66.64,2,robot,Equipo A,38.06,71.71,15301,no
1666,66.64,3,robot,Equipo B,156.92,68.58,0,no
1666,66.64,4,robot,Equipo B,151.61,66.27,9871,no
1666,66.64,0,balon,balon,70.43,66.6,0,no
1667,66.68,1,robot,Equipo A,6.48,70.96,0,no
1667,66.68,2,robot,Equipo A,38.06,71.71,15191,no
1667,66.68,3,robot,Equipo B,156.92,68.58,0,no
1667,66.68,4,robot,Equipo B,151.61,66.27,9871,no
1667,66.68,0,balon,balon,70.43,66.6,0,no
1668,66.72,1,robot,Equipo A,6.48,70.96,0,no
1668,66.72,2,robot,Equipo A,38.06,71.71,15091,no
1668,66.72,3,robot,Equipo B,156.92,68.58,0,no
1668,66.72,4,robot,Equipo B,151.61,66.27,9871,no
1668,66.72,0,balon,balon,70.43,66.6,0,no
1669,66.76,1,robot,Equipo A,6.48,70.96,0,no
1669,66.76,2,robot,Equipo A,38.06,71.71,15066,no
1669,66.76,3,robot,Equipo B,156.92,68.58,0,no
1669,66.76,4,robot,Equipo B,151.61,66.27,9871,no
1669,66.76,0,balon,balon,70.43,66.6,0,no
1670,66.8,1,robot,Equipo A,6.48,70.96,0,no
1670,66.8,2,robot,Equipo A,38.06,71.71,15323,no
1670,66.8,3,robot,Equipo B,156.92,68.58,0,no
1670,66.8,4,robot,Equipo B,151.61,66.27,9904,no
1670,66.8,0,balon,balon,70.43,66.6,0,no
1671,66.84,1,robot,Equipo A,6.48,70.96,0,no
1671,66.84,2,robot,Equipo A,38.06,71.71,15484,no
1671,66.84,3,robot,Equipo B,156.92,68.58,0,no
1671,66.84,4,robot,Equipo B,151.61,66.27,9904,no
1671,66.84,0,balon,balon,70.43,66.6,0,no
1672,66.88,1,robot,Equipo A,6.48,70.96,0,no
1672,66.88,2,robot,Equipo A,38.06,71.71,15582,no
1672,66.88,3,robot,Equipo B,156.92,68.58,0,no
1672,66.88,4,robot,Equipo B,151.61,66.27,9904,no
1672,66.88,0,balon,balon,70.43,66.6,0,no
1673,66.92,1,robot,Equipo A,6.48,70.96,0,no
1673,66.92,2,robot,Equipo A,38.06,71.71,15655,no
1673,66.92,3,robot,Equipo B,156.92,68.58,0,no
1673,66.92,4,robot,Equipo B,151.61,66.27,9904,no
1673,66.92,0,balon,balon,70.43,66.6,0,no
1674,66.96,1,robot,Equipo A,6.48,70.96,0,no
1674,66.96,2,robot,Equipo A,38.06,71.71,15732,no
1674,66.96,3,robot,Equipo B,156.92,68.58,0,no
1674,66.96,4,robot,Equipo B,151.61,66.27,9904,no
1674,66.96,0,balon,balon,70.43,66.6,0,no
1675,67.0,1,robot,Equipo A,6.48,70.96,0,no
1675,67.0,2,robot,Equipo A,38.06,71.71,15528,no
1675,67.0,3,robot,Equipo B,156.92,68.58,0,no
1675,67.0,4,robot,Equipo B,151.61,66.27,10152,no
1675,67.0,0,balon,balon,70.43,66.6,0,no
1676,67.04,1,robot,Equipo A,6.48,70.96,0,no
1676,67.04,2,robot,Equipo A,37.76,71.29,15370,no
1676,67.04,3,robot,Equipo B,156.92,68.58,0,no
1676,67.04,4,robot,Equipo B,151.61,66.27,10152,no
1676,67.04,0,balon,balon,70.43,66.6,0,no
1677,67.08,1,robot,Equipo A,6.48,70.96,0,no
1677,67.08,2,robot,Equipo A,37.76,71.29,15267,no
1677,67.08,3,robot,Equipo B,156.92,68.58,0,no
1677,67.08,4,robot,Equipo B,151.61,66.27,10152,no
1677,67.08,0,balon,balon,70.43,66.6,0,no
1678,67.12,1,robot,Equipo A,6.48,70.96,0,no
1678,67.12,2,robot,Equipo A,37.76,71.29,15155,no
1678,67.12,3,robot,Equipo B,156.92,68.58,0,no
1678,67.12,4,robot,Equipo B,151.61,66.27,10152,no
1678,67.12,0,balon,balon,70.43,66.6,0,no
1679,67.16,1,robot,Equipo A,6.48,70.96,0,no
1679,67.16,2,robot,Equipo A,37.37,70.9,14980,no
1679,67.16,3,robot,Equipo B,156.92,68.58,0,no
1679,67.16,4,robot,Equipo B,151.61,66.27,10152,no
1679,67.16,0,balon,balon,70.43,66.6,0,no
1680,67.2,1,robot,Equipo A,6.48,70.96,0,no
1680,67.2,2,robot,Equipo A,37.37,70.9,15431,no
1680,67.2,3,robot,Equipo B,156.92,68.58,0,no
1680,67.2,4,robot,Equipo B,151.61,66.27,9961,no
1680,67.2,0,balon,balon,70.43,66.6,0,no
1681,67.24,1,robot,Equipo A,6.48,70.96,0,no
1681,67.24,2,robot,Equipo A,37.37,70.9,15510,no
1681,67.24,3,robot,Equipo B,156.92,68.58,0,no
1681,67.24,4,robot,Equipo B,151.61,66.27,9961,no
1681,67.24,0,balon,balon,70.43,66.6,0,no
1682,67.28,1,robot,Equipo A,6.48,70.96,0,no
1682,67.28,2,robot,Equipo A,37.37,70.9,15604,no
1682,67.28,3,robot,Equipo B,156.92,68.58,0,no
1682,67.28,4,robot,Equipo B,151.61,66.27,9961,no
1682,67.28,0,balon,balon,70.43,66.6,0,no
1683,67.32,1,robot,Equipo A,6.48,70.96,0,no
1683,67.32,2,robot,Equipo A,37.37,70.9,15648,no
1683,67.32,3,robot,Equipo B,156.92,68.58,0,no
1683,67.32,4,robot,Equipo B,151.61,66.27,9961,no
1683,67.32,0,balon,balon,70.43,66.6,0,no
1684,67.36,1,robot,Equipo A,6.48,70.96,0,no
1684,67.36,2,robot,Equipo A,37.37,70.9,15704,no
1684,67.36,3,robot,Equipo B,156.92,68.58,0,no
1684,67.36,4,robot,Equipo B,151.61,66.27,9961,no
1684,67.36,0,balon,balon,70.43,66.6,0,no
1685,67.4,1,robot,Equipo A,6.48,70.96,0,no
1685,67.4,2,robot,Equipo A,37.37,70.9,15960,no
1685,67.4,3,robot,Equipo B,156.92,68.58,0,no
1685,67.4,4,robot,Equipo B,151.61,66.27,9972,no
1685,67.4,0,balon,balon,70.43,66.6,0,no
1686,67.44,1,robot,Equipo A,6.48,70.96,0,no
1686,67.44,2,robot,Equipo A,37.37,70.9,16046,no
1686,67.44,3,robot,Equipo B,156.92,68.58,0,no
1686,67.44,4,robot,Equipo B,151.61,66.27,9972,no
1686,67.44,0,balon,balon,70.43,66.6,0,no
1687,67.48,1,robot,Equipo A,6.48,70.96,0,no
1687,67.48,2,robot,Equipo A,37.37,70.9,16046,no
1687,67.48,3,robot,Equipo B,156.92,68.58,0,no
1687,67.48,4,robot,Equipo B,151.61,66.27,9972,no
1687,67.48,0,balon,balon,70.43,66.6,0,no
1688,67.52,1,robot,Equipo A,6.48,70.96,0,no
1688,67.52,2,robot,Equipo A,37.37,70.9,16046,no
1688,67.52,3,robot,Equipo B,156.92,68.58,0,no
1688,67.52,4,robot,Equipo B,151.61,66.27,9972,no
1688,67.52,0,balon,balon,70.43,66.6,0,no
1689,67.56,1,robot,Equipo A,6.48,70.96,0,no
1689,67.56,2,robot,Equipo A,37.07,70.5,16046,no
1689,67.56,3,robot,Equipo B,156.92,68.58,0,no
1689,67.56,4,robot,Equipo B,151.61,66.27,9972,no
1689,67.56,0,balon,balon,70.43,66.6,0,no
1690,67.6,1,robot,Equipo A,6.48,70.96,0,no
1690,67.6,2,robot,Equipo A,37.07,70.5,15595,no
1690,67.6,3,robot,Equipo B,156.92,68.58,0,no
1690,67.6,4,robot,Equipo B,151.61,66.27,9995,no
1690,67.6,0,balon,balon,70.43,66.6,0,no
1691,67.64,1,robot,Equipo A,6.48,70.96,0,no
1691,67.64,2,robot,Equipo A,37.07,70.5,15595,no
1691,67.64,3,robot,Equipo B,156.92,68.58,0,no
1691,67.64,4,robot,Equipo B,151.61,66.27,9995,no
1691,67.64,0,balon,balon,70.29,66.46,1004,no
1692,67.68,1,robot,Equipo A,6.48,70.96,0,no
1692,67.68,2,robot,Equipo A,37.07,70.5,15595,no
1692,67.68,3,robot,Equipo B,156.92,68.58,0,no
1692,67.68,4,robot,Equipo B,151.61,66.27,9995,no
1692,67.68,0,balon,balon,70.22,66.39,996,no
1693,67.72,1,robot,Equipo A,6.48,70.96,0,no
1693,67.72,2,robot,Equipo A,37.07,70.5,15595,no
1693,67.72,3,robot,Equipo B,156.92,68.58,0,no
1693,67.72,4,robot,Equipo B,151.61,66.27,9995,no
1693,67.72,0,balon,balon,70.17,66.35,1003,no
1694,67.76,1,robot,Equipo A,6.48,70.96,0,no
1694,67.76,2,robot,Equipo A,37.07,70.5,15595,no
1694,67.76,3,robot,Equipo B,156.92,68.58,0,no
1694,67.76,4,robot,Equipo B,151.61,66.27,9995,no
1694,67.76,0,balon,balon,70.15,66.33,1001,no
1695,67.8,1,robot,Equipo A,6.48,70.96,0,no
1695,67.8,2,robot,Equipo A,37.07,70.5,15520,no
1695,67.8,3,robot,Equipo B,156.92,68.58,0,no
1695,67.8,4,robot,Equipo B,151.61,66.27,10224,no
1695,67.8,0,balon,balon,70.14,66.31,1003,no
1696,67.84,1,robot,Equipo A,6.48,70.96,0,no
1696,67.84,2,robot,Equipo A,37.07,70.5,15520,no
1696,67.84,3,robot,Equipo B,156.92,68.58,0,no
1696,67.84,4,robot,Equipo B,151.61,66.27,10224,no
1696,67.84,0,balon,balon,70.13,66.31,1001,no
1697,67.88,1,robot,Equipo A,6.48,70.96,0,no
1697,67.88,2,robot,Equipo A,37.07,70.5,15520,no
1697,67.88,3,robot,Equipo B,156.92,68.58,0,no
1697,67.88,4,robot,Equipo B,152.08,66.48,10224,no
1697,67.88,0,balon,balon,70.12,66.3,1005,no
1698,67.92,1,robot,Equipo A,6.48,70.96,0,no
1698,67.92,2,robot,Equipo A,37.07,70.5,15520,no
1698,67.92,3,robot,Equipo B,156.92,68.58,0,no
1698,67.92,4,robot,Equipo B,152.08,66.48,10224,no
1698,67.92,0,balon,balon,70.12,66.3,1004,no
1699,67.96,1,robot,Equipo A,6.48,70.96,0,no
1699,67.96,2,robot,Equipo A,37.07,70.5,15520,no
1699,67.96,3,robot,Equipo B,156.92,68.58,0,no
1699,67.96,4,robot,Equipo B,152.08,66.48,10224,no
1699,67.96,0,balon,balon,70.12,66.3,1003,no
1700,68.0,1,robot,Equipo A,6.48,70.96,0,no
1700,68.0,2,robot,Equipo A,37.07,70.5,15467,no
1700,68.0,3,robot,Equipo B,156.92,68.58,0,no
1700,68.0,4,robot,Equipo B,152.08,66.48,10012,no
1700,68.0,0,balon,balon,70.12,66.3,1000,no
1701,68.04,1,robot,Equipo A,6.48,70.96,0,no
1701,68.04,2,robot,Equipo A,37.07,70.5,15467,no
1701,68.04,3,robot,Equipo B,156.92,68.58,0,no
1701,68.04,4,robot,Equipo B,152.08,66.48,10012,no
1701,68.04,0,balon,balon,70.12,66.3,1007,no
1702,68.08,1,robot,Equipo A,6.48,70.96,0,no
1702,68.08,2,robot,Equipo A,37.07,70.5,15467,no
1702,68.08,3,robot,Equipo B,156.92,68.58,0,no
1702,68.08,4,robot,Equipo B,152.08,66.48,10012,no
1702,68.08,0,balon,balon,70.12,66.3,1005,no
1703,68.12,1,robot,Equipo A,6.48,70.96,0,no
1703,68.12,2,robot,Equipo A,37.07,70.5,15467,no
1703,68.12,3,robot,Equipo B,156.92,68.58,0,no
1703,68.12,4,robot,Equipo B,152.08,66.48,10012,no
1703,68.12,0,balon,balon,70.12,66.3,1002,no
1704,68.16,1,robot,Equipo A,6.48,70.96,0,no
1704,68.16,2,robot,Equipo A,37.07,70.5,15467,no
1704,68.16,3,robot,Equipo B,156.92,68.58,0,no
1704,68.16,4,robot,Equipo B,152.08,66.48,10012,no
1704,68.16,0,balon,balon,70.12,66.3,0,no
1705,68.2,1,robot,Equipo A,6.48,70.96,0,no
1705,68.2,2,robot,Equipo A,37.07,70.5,15560,no
1705,68.2,3,robot,Equipo B,156.92,68.58,0,no
1705,68.2,4,robot,Equipo B,152.08,66.48,10023,no
1705,68.2,0,balon,balon,70.12,66.3,0,no
1706,68.24,1,robot,Equipo A,6.48,70.96,0,no
1706,68.24,2,robot,Equipo A,37.07,70.5,15560,no
1706,68.24,3,robot,Equipo B,156.92,68.58,0,no
1706,68.24,4,robot,Equipo B,152.08,66.48,10023,no
1706,68.24,0,balon,balon,70.12,66.3,0,no
1707,68.28,1,robot,Equipo A,6.48,70.96,0,no
1707,68.28,2,robot,Equipo A,37.07,70.5,15560,no
1707,68.28,3,robot,Equipo B,156.92,68.58,0,no
1707,68.28,4,robot,Equipo B,152.08,66.48,10023,no
1707,68.28,0,balon,balon,70.12,66.3,0,no
1708,68.32,1,robot,Equipo A,6.48,70.96,0,no
1708,68.32,2,robot,Equipo A,37.07,70.5,15560,no
1708,68.32,3,robot,Equipo B,156.92,68.58,0,no
1708,68.32,4,robot,Equipo B,152.08,66.48,10023,no
1708,68.32,0,balon,balon,70.12,66.3,0,no
1709,68.36,1,robot,Equipo A,6.48,70.96,0,no
1709,68.36,2,robot,Equipo A,37.07,70.5,15560,no
1709,68.36,3,robot,Equipo B,156.92,68.58,0,no
1709,68.36,4,robot,Equipo B,152.08,66.48,10023,no
1709,68.36,0,balon,balon,70.12,66.3,0,no
1710,68.4,1,robot,Equipo A,8.53,65.17,14946,no
1710,68.4,2,robot,Equipo A,37.07,70.5,15565,no
1710,68.4,3,robot,Equipo B,156.92,68.58,0,no
1710,68.4,4,robot,Equipo B,152.08,66.48,10156,no
1710,68.4,0,balon,balon,70.12,66.3,0,no
1711,68.44,1,robot,Equipo A,10.17,60.17,15128,no
1711,68.44,2,robot,Equipo A,37.07,70.5,15565,no
1711,68.44,3,robot,Equipo B,156.92,68.58,0,no
1711,68.44,4,robot,Equipo B,152.08,66.48,10156,no
1711,68.44,0,balon,balon,70.12,66.3,0,no
1712,68.48,1,robot,Equipo A,11.51,55.82,15149,no
1712,68.48,2,robot,Equipo A,37.07,70.5,15565,no
1712,68.48,3,robot,Equipo B,156.92,68.58,0,no
1712,68.48,4,robot,Equipo B,152.08,66.48,10156,no
1712,68.48,0,balon,balon,70.12,66.3,0,no
1713,68.52,1,robot,Equipo A,12.58,52.0,15149,no
1713,68.52,2,robot,Equipo A,37.07,70.5,15565,no
1713,68.52,3,robot,Equipo B,156.92,68.58,0,no
1713,68.52,4,robot,Equipo B,152.08,66.48,10156,no
1713,68.52,0,balon,balon,70.12,66.3,0,no
1714,68.56,1,robot,Equipo A,13.43,48.59,15149,no
1714,68.56,2,robot,Equipo A,37.07,70.5,15565,no
1714,68.56,3,robot,Equipo B,156.92,68.58,0,no
1714,68.56,4,robot,Equipo B,152.08,66.48,10156,no
1714,68.56,0,balon,balon,70.12,66.3,0,no
1715,68.6,1,robot,Equipo A,13.43,48.59,0,no
1715,68.6,2,robot,Equipo A,37.07,70.5,15292,no
1715,68.6,3,robot,Equipo B,156.92,68.58,0,no
1715,68.6,4,robot,Equipo B,152.08,66.48,10209,no
1715,68.6,0,balon,balon,70.12,66.3,0,no
1716,68.64,1,robot,Equipo A,13.43,48.59,0,no
1716,68.64,2,robot,Equipo A,37.07,70.5,15292,no
1716,68.64,3,robot,Equipo B,156.92,68.58,0,no
1716,68.64,4,robot,Equipo B,152.08,66.48,10209,no
1716,68.64,0,balon,balon,70.12,66.3,0,no
1717,68.68,1,robot,Equipo A,13.43,48.59,0,no
1717,68.68,2,robot,Equipo A,37.07,70.5,15292,no
1717,68.68,3,robot,Equipo B,156.92,68.58,0,no
1717,68.68,4,robot,Equipo B,152.08,66.48,10209,no
1717,68.68,0,balon,balon,70.12,66.3,0,no
1718,68.72,1,robot,Equipo A,13.43,48.59,0,no
1718,68.72,2,robot,Equipo A,37.07,70.5,15292,no
1718,68.72,3,robot,Equipo B,156.92,68.58,0,no
1718,68.72,4,robot,Equipo B,152.08,66.48,10209,no
1718,68.72,0,balon,balon,70.12,66.3,0,no
1719,68.76,1,robot,Equipo A,13.43,48.59,0,no
1719,68.76,2,robot,Equipo A,37.07,70.5,15292,no
1719,68.76,3,robot,Equipo B,156.92,68.58,0,no
1719,68.76,4,robot,Equipo B,152.08,66.48,10209,no
1719,68.76,0,balon,balon,70.12,66.3,0,no
1720,68.8,1,robot,Equipo A,13.43,48.59,0,no
1720,68.8,2,robot,Equipo A,36.51,70.06,19402,no
1720,68.8,3,robot,Equipo B,156.92,68.58,0,no
1720,68.8,4,robot,Equipo B,152.08,66.48,10260,no
1720,68.8,0,balon,balon,70.12,66.3,0,no
1721,68.84,1,robot,Equipo A,13.43,48.59,0,no
1721,68.84,2,robot,Equipo A,36.15,69.69,19131,no
1721,68.84,3,robot,Equipo B,156.92,68.58,0,no
1721,68.84,4,robot,Equipo B,152.08,66.48,10260,no
1721,68.84,0,balon,balon,70.12,66.3,0,no
1722,68.88,1,robot,Equipo A,13.43,48.59,0,no
1722,68.88,2,robot,Equipo A,36.15,69.69,19032,no
1722,68.88,3,robot,Equipo B,156.92,68.58,0,no
1722,68.88,4,robot,Equipo B,152.08,66.48,10260,no
1722,68.88,0,balon,balon,70.12,66.3,0,no
1723,68.92,1,robot,Equipo A,13.43,48.59,0,no
1723,68.92,2,robot,Equipo A,36.15,69.69,19010,no
1723,68.92,3,robot,Equipo B,156.92,68.58,0,no
1723,68.92,4,robot,Equipo B,152.08,66.48,10260,no
1723,68.92,0,balon,balon,70.12,66.3,0,no
1724,68.96,1,robot,Equipo A,13.43,48.59,0,no
1724,68.96,2,robot,Equipo A,36.15,69.69,18961,no
1724,68.96,3,robot,Equipo B,156.92,68.58,0,no
1724,68.96,4,robot,Equipo B,152.08,66.48,10260,no
1724,68.96,0,balon,balon,70.12,66.3,0,no
1725,69.0,1,robot,Equipo A,13.64,46.24,14629,no
1725,69.0,2,robot,Equipo A,36.15,69.69,15222,no
1725,69.0,3,robot,Equipo B,156.92,68.58,0,no
1725,69.0,4,robot,Equipo B,152.08,66.48,10298,no
1725,69.0,0,balon,balon,70.12,66.3,0,no
1726,69.04,1,robot,Equipo A,13.77,44.82,14629,no
1726,69.04,2,robot,Equipo A,36.15,69.69,15222,no
1726,69.04,3,robot,Equipo B,156.92,68.58,0,no
1726,69.04,4,robot,Equipo B,152.08,66.48,10298,no
1726,69.04,0,balon,balon,70.12,66.3,0,no
1727,69.08,1,robot,Equipo A,13.85,44.15,14629,no
1727,69.08,2,robot,Equipo A,36.15,69.69,15222,no
1727,69.08,3,robot,Equipo B,156.92,68.58,0,no
1727,69.08,4,robot,Equipo B,152.55,66.67,10298,no
1727,69.08,0,balon,balon,70.12,66.3,0,no
1728,69.12,1,robot,Equipo A,13.85,44.15,14629,no
1728,69.12,2,robot,Equipo A,36.15,69.69,15222,no
1728,69.12,3,robot,Equipo B,156.92,68.58,0,no
1728,69.12,4,robot,Equipo B,152.55,66.67,10298,no
1728,69.12,0,balon,balon,70.12,66.3,0,no
1729,69.16,1,robot,Equipo A,13.85,44.15,14629,no
1729,69.16,2,robot,Equipo A,36.15,69.69,15222,no
1729,69.16,3,robot,Equipo B,156.92,68.58,0,no
1729,69.16,4,robot,Equipo B,152.55,66.67,10298,no
1729,69.16,0,balon,balon,70.12,66.3,0,no
1730,69.2,1,robot,Equipo A,18.45,42.31,13571,no
1730,69.2,2,robot,Equipo A,36.15,69.69,15380,no
1730,69.2,3,robot,Equipo B,156.92,68.58,0,no
1730,69.2,4,robot,Equipo B,152.55,66.67,10164,no
1730,69.2,0,balon,balon,70.12,66.3,0,no
1731,69.24,1,robot,Equipo A,22.07,41.47,13301,no
1731,69.24,2,robot,Equipo A,36.15,69.69,15380,no
1731,69.24,3,robot,Equipo B,156.92,68.58,0,no
1731,69.24,4,robot,Equipo B,152.55,66.67,10164,no
1731,69.24,0,balon,balon,70.12,66.3,0,no
1732,69.28,1,robot,Equipo A,24.94,41.44,13244,no
1732,69.28,2,robot,Equipo A,36.15,69.69,15380,no
1732,69.28,3,robot,Equipo B,156.92,68.58,0,no
1732,69.28,4,robot,Equipo B,152.55,66.67,10164,no
1732,69.28,0,balon,balon,70.12,66.3,0,no
1733,69.32,1,robot,Equipo A,27.17,42.05,13141,no
1733,69.32,2,robot,Equipo A,36.15,69.69,15380,no
1733,69.32,3,robot,Equipo B,156.92,68.58,0,no
1733,69.32,4,robot,Equipo B,152.55,66.67,10164,no
1733,69.32,0,balon,balon,70.12,66.3,0,no
1734,69.36,1,robot,Equipo A,27.17,42.05,0,no
1734,69.36,2,robot,Equipo A,36.2,67.59,28438,no
1734,69.36,3,robot,Equipo B,156.92,68.58,0,no
1734,69.36,4,robot,Equipo B,152.55,66.67,10164,no
1734,69.36,0,balon,balon,70.12,66.3,0,no
1735,69.4,1,robot,Equipo A,29.16,43.32,14288,no
1735,69.4,2,robot,Equipo A,34.57,73.52,4903,no
1735,69.4,3,robot,Equipo B,156.92,68.58,0,no
1735,69.4,4,robot,Equipo B,152.55,66.67,9993,no
1735,69.4,0,balon,balon,70.12,66.3,0,no
1736,69.44,1,robot,Equipo A,30.58,44.27,14299,no
1736,69.44,2,robot,Equipo A,33.27,78.26,4903,no
1736,69.44,3,robot,Equipo B,156.92,68.58,0,no
1736,69.44,4,robot,Equipo B,152.55,66.67,9993,no
1736,69.44,0,balon,balon,70.12,66.3,0,no
1737,69.48,1,robot,Equipo A,31.55,44.98,14299,no
1737,69.48,2,robot,Equipo A,32.22,82.05,4903,no
1737,69.48,3,robot,Equipo B,156.92,68.58,0,no
1737,69.48,4,robot,Equipo B,152.55,66.67,9993,no
1737,69.48,0,balon,balon,70.12,66.3,0,no
1738,69.52,1,robot,Equipo A,32.15,45.49,14299,no
1738,69.52,2,robot,Equipo A,31.39,85.08,4903,no
1738,69.52,3,robot,Equipo B,156.92,68.58,0,no
1738,69.52,4,robot,Equipo B,152.55,66.67,9993,no
1738,69.52,0,balon,balon,70.12,66.3,0,no
1739,69.56,1,robot,Equipo A,32.15,45.49,14299,no
1739,69.56,2,robot,Equipo A,30.72,87.51,4903,no
1739,69.56,3,robot,Equipo B,156.92,68.58,0,no
1739,69.56,4,robot,Equipo B,152.55,66.67,9993,no
1739,69.56,0,balon,balon,70.12,66.3,0,no
1740,69.6,1,robot,Equipo A,33.12,47.66,9638,no
1740,69.6,2,robot,Equipo A,27.47,89.39,13709,no
1740,69.6,3,robot,Equipo B,156.92,68.58,0,no
1740,69.6,4,robot,Equipo B,152.55,66.67,10320,no
1740,69.6,0,balon,balon,70.12,66.3,0,no
1741,69.64,1,robot,Equipo A,33.98,48.9,9638,no
1741,69.64,2,robot,Equipo A,24.78,90.61,13709,no
1741,69.64,3,robot,Equipo B,156.92,68.58,0,no
1741,69.64,4,robot,Equipo B,152.55,66.67,10320,no
1741,69.64,0,balon,balon,70.12,66.3,0,no
1742,69.68,1,robot,Equipo A,34.74,49.41,9638,no
1742,69.68,2,robot,Equipo A,22.54,91.29,13709,no
1742,69.68,3,robot,Equipo B,156.92,68.58,0,no
1742,69.68,4,robot,Equipo B,152.55,66.67,10320,no
1742,69.68,0,balon,balon,70.12,66.3,0,no
1743,69.72,1,robot,Equipo A,35.45,49.32,9638,no
1743,69.72,2,robot,Equipo A,20.67,91.55,13709,no
1743,69.72,3,robot,Equipo B,156.92,68.58,0,no
1743,69.72,4,robot,Equipo B,152.55,66.67,10320,no
1743,69.72,0,balon,balon,70.12,66.3,0,no
1744,69.76,1,robot,Equipo A,36.09,48.76,9638,no
1744,69.76,2,robot,Equipo A,19.09,91.47,13709,no
1744,69.76,3,robot,Equipo B,156.92,68.58,0,no
1744,69.76,4,robot,Equipo B,152.55,66.67,10320,no
1744,69.76,0,balon,balon,70.12,66.3,0,no
1745,69.8,1,robot,Equipo A,32.92,45.36,2478,no
1745,69.8,2,robot,Equipo A,19.09,91.47,0,no
1745,69.8,3,robot,Equipo B,156.92,68.58,0,no
1745,69.8,4,robot,Equipo B,152.55,66.67,10295,no
1745,69.8,0,balon,balon,70.12,66.3,0,no
1746,69.84,1,robot,Equipo A,30.56,42.15,2478,no
1746,69.84,2,robot,Equipo A,19.09,91.47,0,no
1746,69.84,3,robot,Equipo B,156.92,68.58,0,no
1746,69.84,4,robot,Equipo B,152.55,66.67,10295,no
1746,69.84,0,balon,balon,70.12,66.3,0,no
1747,69.88,1,robot,Equipo A,28.84,39.1,2478,no
1747,69.88,2,robot,Equipo A,22.52,85.45,7633,no
1747,69.88,3,robot,Equipo B,156.92,68.58,0,no
1747,69.88,4,robot,Equipo B,152.55,66.67,10295,no
1747,69.88,0,balon,balon,70.12,66.3,0,no
1748,69.92,1,robot,Equipo A,27.64,36.16,2478,no
1748,69.92,2,robot,Equipo A,25.19,81.07,7633,no
1748,69.92,3,robot,Equipo B,156.92,68.58,0,no
1748,69.92,4,robot,Equipo B,152.55,66.67,10295,no
1748,69.92,0,balon,balon,70.12,66.3,0,no
1749,69.96,1,robot,Equipo A,26.84,33.32,2478,no
1749,69.96,2,robot,Equipo A,27.2,77.98,7545,no
1749,69.96,3,robot,Equipo B,156.92,68.58,0,no
1749,69.96,4,robot,Equipo B,152.55,66.67,10288,no
1749,69.96,0,balon,balon,70.12,66.3,0,no
1750,70.0,1,robot,Equipo A,26.84,33.32,0,no
1750,70.0,2,robot,Equipo A,27.2,77.98,0,no
1750,70.0,3,robot,Equipo B,156.92,68.58,0,no
1750,70.0,4,robot,Equipo B,152.55,66.67,10197,no
1750,70.0,0,balon,balon,70.12,66.3,0,no
1751,70.04,1,robot,Equipo A,26.84,33.32,0,no
1751,70.04,2,robot,Equipo A,27.2,77.98,0,no
1751,70.04,3,robot,Equipo B,156.92,68.58,0,no
1751,70.04,4,robot,Equipo B,152.55,66.67,10197,no
1751,70.04,0,balon,balon,70.12,66.3,0,no
1752,70.08,1,robot,Equipo A,26.84,33.32,0,no
1752,70.08,2,robot,Equipo A,27.2,77.98,0,no
1752,70.08,3,robot,Equipo B,156.92,68.58,0,no
1752,70.08,4,robot,Equipo B,152.55,66.67,10197,no
1752,70.08,0,balon,balon,70.12,66.3,0,no
1753,70.12,1,robot,Equipo A,26.84,33.32,0,no
1753,70.12,2,robot,Equipo A,27.2,77.98,0,no
1753,70.12,3,robot,Equipo B,156.92,68.58,0,no
1753,70.12,4,robot,Equipo B,152.55,66.67,10197,no
1753,70.12,0,balon,balon,70.12,66.3,0,no
1754,70.16,1,robot,Equipo A,26.84,33.32,0,no
1754,70.16,2,robot,Equipo A,27.2,77.98,0,no
1754,70.16,3,robot,Equipo B,156.92,68.58,0,no
1754,70.16,4,robot,Equipo B,152.55,66.67,10197,no
1754,70.16,0,balon,balon,70.12,66.3,0,no
1755,70.2,1,robot,Equipo A,26.84,33.32,0,no
1755,70.2,2,robot,Equipo A,29.16,73.99,7360,no
1755,70.2,3,robot,Equipo B,156.92,68.58,0,no
1755,70.2,4,robot,Equipo B,152.55,66.67,10109,no
1755,70.2,0,balon,balon,70.12,66.3,0,no
1756,70.24,1,robot,Equipo A,26.84,33.32,0,no
1756,70.24,2,robot,Equipo A,30.78,70.49,7360,no
1756,70.24,3,robot,Equipo B,156.92,68.58,0,no
1756,70.24,4,robot,Equipo B,152.55,66.67,10109,no
1756,70.24,0,balon,balon,70.12,66.3,0,no
1757,70.28,1,robot,Equipo A,26.84,33.32,0,no
1757,70.28,2,robot,Equipo A,32.13,67.37,7360,no
1757,70.28,3,robot,Equipo B,156.92,68.58,0,no
1757,70.28,4,robot,Equipo B,152.55,66.67,10109,no
1757,70.28,0,balon,balon,70.12,66.3,0,no
1758,70.32,1,robot,Equipo A,26.84,33.32,0,no
1758,70.32,2,robot,Equipo A,33.27,64.56,7360,no
1758,70.32,3,robot,Equipo B,156.92,68.58,0,no
1758,70.32,4,robot,Equipo B,152.55,66.67,10109,no
1758,70.32,0,balon,balon,70.12,66.3,0,no
1759,70.36,1,robot,Equipo A,26.84,33.32,0,no
1759,70.36,2,robot,Equipo A,34.24,61.99,7360,no
1759,70.36,3,robot,Equipo B,156.92,68.58,0,no
1759,70.36,4,robot,Equipo B,152.55,66.67,10109,no
1759,70.36,0,balon,balon,70.12,66.3,0,no
1760,70.4,1,robot,Equipo A,26.84,33.32,0,no
1760,70.4,2,robot,Equipo A,34.76,61.26,8119,no
1760,70.4,3,robot,Equipo B,156.92,68.58,0,no
1760,70.4,4,robot,Equipo B,152.55,66.67,10144,no
1760,70.4,0,balon,balon,70.12,66.3,0,no
1761,70.44,1,robot,Equipo A,26.84,33.32,0,no
1761,70.44,2,robot,Equipo A,35.14,60.94,8119,no
1761,70.44,3,robot,Equipo B,156.92,68.58,0,no
1761,70.44,4,robot,Equipo B,152.55,66.67,10144,no
1761,70.44,0,balon,balon,70.12,66.3,0,no
1762,70.48,1,robot,Equipo A,26.84,33.32,0,no
1762,70.48,2,robot,Equipo A,35.14,60.94,8119,no
1762,70.48,3,robot,Equipo B,156.92,68.58,0,no
1762,70.48,4,robot,Equipo B,152.55,66.67,10144,no
1762,70.48,0,balon,balon,70.12,66.3,0,no
1763,70.52,1,robot,Equipo A,26.84,33.32,0,no
1763,70.52,2,robot,Equipo A,35.14,60.94,8119,no
1763,70.52,3,robot,Equipo B,156.92,68.58,0,no
1763,70.52,4,robot,Equipo B,152.55,66.67,10144,no
1763,70.52,0,balon,balon,70.12,66.3,0,no
1764,70.56,1,robot,Equipo A,26.84,33.32,0,no
1764,70.56,2,robot,Equipo A,35.37,61.47,8119,no
1764,70.56,3,robot,Equipo B,156.92,68.58,0,no
1764,70.56,4,robot,Equipo B,152.55,66.67,10144,no
1764,70.56,0,balon,balon,70.12,66.3,0,no
1765,70.6,1,robot,Equipo A,26.84,33.32,0,no
1765,70.6,2,robot,Equipo A,35.69,61.02,8440,no
1765,70.6,3,robot,Equipo B,156.92,68.58,0,no
1765,70.6,4,robot,Equipo B,152.55,66.67,10290,no
1765,70.6,0,balon,balon,70.12,66.3,0,no
1766,70.64,1,robot,Equipo A,26.84,33.32,0,no
1766,70.64,2,robot,Equipo A,35.98,60.49,8440,no
1766,70.64,3,robot,Equipo B,156.92,68.58,0,no
1766,70.64,4,robot,Equipo B,152.55,66.67,10502,no
1766,70.64,0,balon,balon,70.12,66.3,0,no
1767,70.68,1,robot,Equipo A,26.84,33.32,0,no
1767,70.68,2,robot,Equipo A,36.23,59.89,8440,no
1767,70.68,3,robot,Equipo B,156.92,68.58,0,no
1767,70.68,4,robot,Equipo B,152.55,66.67,10854,no
1767,70.68,0,balon,balon,70.12,66.3,0,no
1768,70.72,1,robot,Equipo A,26.84,33.32,0,no
1768,70.72,2,robot,Equipo A,36.47,59.23,8440,no
1768,70.72,3,robot,Equipo B,156.92,68.58,0,no
1768,70.72,4,robot,Equipo B,152.55,66.67,11146,no
1768,70.72,0,balon,balon,70.12,66.3,0,no
1769,70.76,1,robot,Equipo A,26.84,33.32,0,no
1769,70.76,2,robot,Equipo A,36.68,58.54,8440,no
1769,70.76,3,robot,Equipo B,156.92,68.58,0,no
1769,70.76,4,robot,Equipo B,152.55,66.67,11385,no
1769,70.76,0,balon,balon,70.12,66.3,0,no
1770,70.8,1,robot,Equipo A,26.84,33.32,0,no
1770,70.8,2,robot,Equipo A,36.74,59.11,7321,no
1770,70.8,3,robot,Equipo B,156.92,68.58,0,no
1770,70.8,4,robot,Equipo B,152.55,66.67,10113,no
1770,70.8,0,balon,balon,70.12,66.3,0,no
1771,70.84,1,robot,Equipo A,26.84,33.32,0,no
1771,70.84,2,robot,Equipo A,36.73,59.71,7177,no
1771,70.84,3,robot,Equipo B,156.92,68.58,0,no
1771,70.84,4,robot,Equipo B,152.55,66.67,10113,no
1771,70.84,0,balon,balon,70.12,66.3,0,no
1772,70.88,1,robot,Equipo A,26.84,33.32,0,no
1772,70.88,2,robot,Equipo A,36.67,60.33,7067,no
1772,70.88,3,robot,Equipo B,156.92,68.58,0,no
1772,70.88,4,robot,Equipo B,152.55,66.67,10113,no
1772,70.88,0,balon,balon,70.12,66.3,0,no
1773,70.92,1,robot,Equipo A,26.84,33.32,0,no
1773,70.92,2,robot,Equipo A,36.56,61.01,6963,no
1773,70.92,3,robot,Equipo B,156.92,68.58,0,no
1773,70.92,4,robot,Equipo B,152.55,66.67,10113,no
1773,70.92,0,balon,balon,70.12,66.3,0,no
1774,70.96,1,robot,Equipo A,26.84,33.32,0,no
1774,70.96,2,robot,Equipo A,36.53,61.89,7262,no
1774,70.96,3,robot,Equipo B,156.92,68.58,0,no
1774,70.96,4,robot,Equipo B,152.55,66.67,10113,no
1774,70.96,0,balon,balon,70.12,66.3,0,no
1775,71.0,1,robot,Equipo A,24.84,34.17,2508,no
1775,71.0,2,robot,Equipo A,36.84,62.34,5503,no
1775,71.0,3,robot,Equipo B,156.92,68.58,0,no
1775,71.0,4,robot,Equipo B,152.55,66.67,10140,no
1775,71.0,0,balon,balon,70.12,66.3,0,no
1776,71.04,1,robot,Equipo A,22.85,35.39,2508,no
1776,71.04,2,robot,Equipo A,36.84,62.34,5191,no
1776,71.04,3,robot,Equipo B,156.92,68.58,0,no
1776,71.04,4,robot,Equipo B,152.55,66.67,10140,no
1776,71.04,0,balon,balon,70.12,66.3,0,no
1777,71.08,1,robot,Equipo A,20.86,36.92,2508,no
1777,71.08,2,robot,Equipo A,36.84,62.34,4802,no
1777,71.08,3,robot,Equipo B,156.92,68.58,0,no
1777,71.08,4,robot,Equipo B,152.55,66.67,10140,no
1777,71.08,0,balon,balon,70.12,66.3,0,no
1778,71.12,1,robot,Equipo A,18.87,38.7,2503,no
1778,71.12,2,robot,Equipo A,36.28,61.69,2632,no
1778,71.12,3,robot,Equipo B,156.28,68.41,10140,no
1778,71.12,4,robot,Equipo B,152.55,66.67,0,no
1778,71.12,0,balon,balon,70.12,66.3,0,no
1779,71.16,1,robot,Equipo A,17.19,40.75,2181,no
1779,71.16,2,robot,Equipo A,35.79,61.08,2300,no
1779,71.16,3,robot,Equipo B,155.79,68.28,10140,no
1779,71.16,4,robot,Equipo B,152.55,66.67,0,no
1779,71.16,0,balon,balon,70.12,66.3,0,no
1780,71.2,1,robot,Equipo A,17.19,40.75,0,no
1780,71.2,2,robot,Equipo A,36.94,62.04,6486,no
1780,71.2,3,robot,Equipo B,155.79,68.28,0,no
1780,71.2,4,robot,Equipo B,152.55,66.67,9997,no
1780,71.2,0,balon,balon,70.12,66.3,0,no
1781,71.24,1,robot,Equipo A,17.19,40.75,0,no
1781,71.24,2,robot,Equipo A,37.85,62.83,6745,no
1781,71.24,3,robot,Equipo B,155.79,68.28,0,no
1781,71.24,4,robot,Equipo B,152.55,66.67,9997,no
1781,71.24,0,balon,balon,70.12,66.3,0,no
1782,71.28,1,robot,Equipo A,17.19,40.75,0,no
1782,71.28,2,robot,Equipo A,38.55,63.52,6807,no
1782,71.28,3,robot,Equipo B,155.79,68.28,0,no
1782,71.28,4,robot,Equipo B,152.55,66.67,9997,no
1782,71.28,0,balon,balon,70.12,66.3,0,no
1783,71.32,1,robot,Equipo A,17.19,40.75,0,no
1783,71.32,2,robot,Equipo A,39.09,64.14,6844,no
1783,71.32,3,robot,Equipo B,155.79,68.28,0,no
1783,71.32,4,robot,Equipo B,152.55,66.67,9997,no
1783,71.32,0,balon,balon,70.12,66.3,0,no
1784,71.36,1,robot,Equipo A,17.19,40.75,0,no
1784,71.36,2,robot,Equipo A,39.49,64.66,6876,no
1784,71.36,3,robot,Equipo B,155.79,68.28,0,no
1784,71.36,4,robot,Equipo B,152.55,66.67,9997,no
1784,71.36,0,balon,balon,70.12,66.3,0,no
1785,71.4,1,robot,Equipo A,17.3,40.26,4977,no
1785,71.4,2,robot,Equipo A,38.25,63.8,2275,no
1785,71.4,3,robot,Equipo B,155.35,68.02,9798,no
1785,71.4,4,robot,Equipo B,152.55,66.67,0,no
1785,71.4,0,balon,balon,70.12,66.3,0,no
1786,71.44,1,robot,Equipo A,17.89,39.54,4977,no
1786,71.44,2,robot,Equipo A,37.2,63.12,2065,no
1786,71.44,3,robot,Equipo B,155.35,68.02,9798,no
1786,71.44,4,robot,Equipo B,152.55,66.67,0,no
1786,71.44,0,balon,balon,70.12,66.3,0,no
1787,71.48,1,robot,Equipo A,18.87,38.65,4977,no
1787,71.48,2,robot,Equipo A,36.47,62.6,2016,no
1787,71.48,3,robot,Equipo B,155.35,68.02,9798,no
1787,71.48,4,robot,Equipo B,152.55,66.67,0,no
1787,71.48,0,balon,balon,70.12,66.3,0,no
1788,71.52,1,robot,Equipo A,20.17,37.63,4977,no
1788,71.52,2,robot,Equipo A,35.98,62.21,1983,no
1788,71.52,3,robot,Equipo B,155.35,68.02,9798,no
1788,71.52,4,robot,Equipo B,152.55,66.67,0,no
1788,71.52,0,balon,balon,70.12,66.3,0,no
1789,71.56,1,robot,Equipo A,21.72,36.48,4977,no
1789,71.56,2,robot,Equipo A,35.98,62.21,1925,no
1789,71.56,3,robot,Equipo B,155.35,68.02,9798,no
1789,71.56,4,robot,Equipo B,152.55,66.67,0,no
1789,71.56,0,balon,balon,70.12,66.3,0,no
1790,71.6,1,robot,Equipo A,20.94,36.93,5998,no
1790,71.6,2,robot,Equipo A,37.26,65.25,12032,no
1790,71.6,3,robot,Equipo B,155.35,68.02,0,no
1790,71.6,4,robot,Equipo B,152.55,66.67,9626,no
1790,71.6,0,balon,balon,70.12,66.3,0,no
1791,71.64,1,robot,Equipo A,20.07,37.63,5998,no
1791,71.64,2,robot,Equipo A,38.28,67.92,12325,no
1791,71.64,3,robot,Equipo B,155.35,68.02,0,no
1791,71.64,4,robot,Equipo B,152.55,66.67,9626,no
1791,71.64,0,balon,balon,70.12,66.3,0,no
1792,71.68,1,robot,Equipo A,19.12,38.54,5998,no
1792,71.68,2,robot,Equipo A,39.07,70.34,12325,no
1792,71.68,3,robot,Equipo B,155.35,68.02,0,no
1792,71.68,4,robot,Equipo B,152.55,66.67,9626,no
1792,71.68,0,balon,balon,70.12,66.3,0,no
1793,71.72,1,robot,Equipo A,18.1,39.62,5998,no
1793,71.72,2,robot,Equipo A,39.67,72.57,12325,no
1793,71.72,3,robot,Equipo B,155.35,68.02,0,no
1793,71.72,4,robot,Equipo B,152.55,66.67,9626,no
1793,71.72,0,balon,balon,70.12,66.3,0,no
1794,71.76,1,robot,Equipo A,17.0,40.82,6086,no
1794,71.76,2,robot,Equipo A,40.12,74.63,12325,no
1794,71.76,3,robot,Equipo B,155.35,68.02,0,no
1794,71.76,4,robot,Equipo B,152.55,66.67,9626,no
1794,71.76,0,balon,balon,70.12,66.3,0,no
1795,71.8,1,robot,Equipo A,17.0,40.82,8507,no
1795,71.8,2,robot,Equipo A,46.06,72.91,11985,no
1795,71.8,3,robot,Equipo B,155.35,68.02,0,no
1795,71.8,4,robot,Equipo B,152.55,66.67,9847,no
1795,71.8,0,balon,balon,70.12,66.3,0,no
1796,71.84,1,robot,Equipo A,17.0,40.82,8502,no
1796,71.84,2,robot,Equipo A,51.3,71.39,11985,no
1796,71.84,3,robot,Equipo B,155.35,68.02,0,no
1796,71.84,4,robot,Equipo B,152.55,66.67,9847,no
1796,71.84,0,balon,balon,70.12,66.3,0,no
1797,71.88,1,robot,Equipo A,16.63,40.22,8488,no
1797,71.88,2,robot,Equipo A,55.97,70.02,11985,no
1797,71.88,3,robot,Equipo B,155.35,68.02,0,no
1797,71.88,4,robot,Equipo B,152.55,66.67,9847,no
1797,71.88,0,balon,balon,70.12,66.3,0,no
1798,71.92,1,robot,Equipo A,16.28,39.49,8481,no
1798,71.92,2,robot,Equipo A,60.19,68.79,11985,no
1798,71.92,3,robot,Equipo B,155.35,68.02,0,no
1798,71.92,4,robot,Equipo B,152.55,66.67,9847,no
1798,71.92,0,balon,balon,70.12,66.3,0,no
1799,71.96,1,robot,Equipo A,15.94,38.64,8496,no
1799,71.96,2,robot,Equipo A,64.05,67.65,11985,no
1799,71.96,3,robot,Equipo B,155.35,68.02,0,no
1799,71.96,4,robot,Equipo B,152.55,66.67,9849,no
1799,71.96,0,balon,balon,70.12,66.3,0,no
1800,72.0,1,robot,Equipo A,15.94,38.64,0,no
1800,72.0,2,robot,Equipo A,65.89,67.38,11562,no
1800,72.0,3,robot,Equipo B,155.35,68.02,0,no
1800,72.0,4,robot,Equipo B,152.55,66.67,9815,no
1800,72.0,0,balon,balon,70.12,66.3,0,no
1801,72.04,1,robot,Equipo A,15.94,38.64,0,no
1801,72.04,2,robot,Equipo A,67.1,67.28,11562,no
1801,72.04,3,robot,Equipo B,155.35,68.02,0,no
1801,72.04,4,robot,Equipo B,152.55,66.67,9815,no
1801,72.04,0,balon,balon,70.12,66.3,0,no
1802,72.08,1,robot,Equipo A,15.94,38.64,0,no
1802,72.08,2,robot,Equipo A,67.82,67.32,11562,no
1802,72.08,3,robot,Equipo B,155.35,68.02,0,no
1802,72.08,4,robot,Equipo B,152.55,66.67,9815,no
1802,72.08,0,balon,balon,70.12,66.3,0,no
1803,72.12,1,robot,Equipo A,15.94,38.64,0,no
1803,72.12,2,robot,Equipo A,67.82,67.32,11562,no
1803,72.12,3,robot,Equipo B,155.35,68.02,0,no
1803,72.12,4,robot,Equipo B,152.55,66.67,9815,no
1803,72.12,0,balon,balon,70.12,66.3,0,no
1804,72.16,1,robot,Equipo A,15.94,38.64,0,no
1804,72.16,2,robot,Equipo A,67.82,67.32,11562,no
1804,72.16,3,robot,Equipo B,155.35,68.02,0,no
1804,72.16,4,robot,Equipo B,152.55,66.67,9815,no
1804,72.16,0,balon,balon,70.12,66.3,0,no
1805,72.2,1,robot,Equipo A,15.94,38.64,0,no
1805,72.2,2,robot,Equipo A,69.61,66.57,11296,no
1805,72.2,3,robot,Equipo B,155.35,68.02,0,no
1805,72.2,4,robot,Equipo B,152.55,66.67,9661,no
1805,72.2,0,balon,balon,70.12,66.3,0,no
1806,72.24,1,robot,Equipo A,15.94,38.64,0,no
1806,72.24,2,robot,Equipo A,71.39,65.76,11296,no
1806,72.24,3,robot,Equipo B,155.35,68.02,0,no
1806,72.24,4,robot,Equipo B,152.55,66.67,9667,no
1806,72.24,0,balon,balon,70.12,66.3,0,no
1807,72.28,1,robot,Equipo A,15.94,38.64,0,no
1807,72.28,2,robot,Equipo A,73.14,64.91,11296,no
1807,72.28,3,robot,Equipo B,155.35,68.02,0,no
1807,72.28,4,robot,Equipo B,152.55,66.67,9672,no
1807,72.28,0,balon,balon,70.12,66.3,0,no
1808,72.32,1,robot,Equipo A,15.94,38.64,0,no
1808,72.32,2,robot,Equipo A,74.89,64.04,11296,no
1808,72.32,3,robot,Equipo B,155.35,68.02,0,no
1808,72.32,4,robot,Equipo B,152.55,66.67,9672,no
1808,72.32,0,balon,balon,70.12,66.3,0,no
1809,72.36,1,robot,Equipo A,15.94,38.64,0,no
1809,72.36,2,robot,Equipo A,76.63,63.13,11296,no
1809,72.36,3,robot,Equipo B,155.35,68.02,0,no
1809,72.36,4,robot,Equipo B,152.55,66.67,9672,no
1809,72.36,0,balon,balon,70.12,66.3,0,no
1810,72.4,1,robot,Equipo A,15.94,38.64,0,no
1810,72.4,2,robot,Equipo A,77.31,62.7,11485,no
1810,72.4,3,robot,Equipo B,155.35,68.02,0,no
1810,72.4,4,robot,Equipo B,152.55,66.67,9728,no
1810,72.4,0,balon,balon,70.12,66.3,0,no
1811,72.44,1,robot,Equipo A,15.94,38.64,0,no
1811,72.44,2,robot,Equipo A,77.31,62.7,11485,no
1811,72.44,3,robot,Equipo B,155.35,68.02,0,no
1811,72.44,4,robot,Equipo B,152.55,66.67,9727,no
1811,72.44,0,balon,balon,70.12,66.3,0,no
1812,72.48,1,robot,Equipo A,15.94,38.64,0,no
1812,72.48,2,robot,Equipo A,77.31,62.7,11485,no
1812,72.48,3,robot,Equipo B,155.35,68.02,0,no
1812,72.48,4,robot,Equipo B,152.55,66.67,9727,no
1812,72.48,0,balon,balon,70.12,66.3,0,no
1813,72.52,1,robot,Equipo A,15.94,38.64,0,no
1813,72.52,2,robot,Equipo A,77.31,62.7,11485,no
1813,72.52,3,robot,Equipo B,155.35,68.02,9727,no
1813,72.52,4,robot,Equipo B,152.55,66.67,0,no
1813,72.52,0,balon,balon,70.12,66.3,0,no
1814,72.56,1,robot,Equipo A,15.94,38.64,0,no
1814,72.56,2,robot,Equipo A,77.31,62.7,11485,no
1814,72.56,3,robot,Equipo B,155.35,68.02,9727,no
1814,72.56,4,robot,Equipo B,152.55,66.67,0,no
1814,72.56,0,balon,balon,70.12,66.3,0,no
1815,72.6,1,robot,Equipo A,15.94,38.64,0,no
1815,72.6,2,robot,Equipo A,77.86,62.29,11696,no
1815,72.6,3,robot,Equipo B,155.35,68.02,0,no
1815,72.6,4,robot,Equipo B,152.55,66.67,9900,no
1815,72.6,0,balon,balon,70.12,66.3,0,no
1816,72.64,1,robot,Equipo A,15.94,38.64,0,no
1816,72.64,2,robot,Equipo A,78.41,61.91,11696,no
1816,72.64,3,robot,Equipo B,155.35,68.02,0,no
1816,72.64,4,robot,Equipo B,152.55,66.67,9908,no
1816,72.64,0,balon,balon,70.12,66.3,0,no
1817,72.68,1,robot,Equipo A,15.94,38.64,0,no
1817,72.68,2,robot,Equipo A,78.96,61.55,11696,no
1817,72.68,3,robot,Equipo B,155.35,68.02,0,no
1817,72.68,4,robot,Equipo B,152.55,66.67,10097,no
1817,72.68,0,balon,balon,70.12,66.3,0,no
1818,72.72,1,robot,Equipo A,19.47,44.43,15768,no
1818,72.72,2,robot,Equipo A,79.52,61.2,11696,no
1818,72.72,3,robot,Equipo B,155.35,68.02,0,no
1818,72.72,4,robot,Equipo B,152.55,66.67,10221,no
1818,72.72,0,balon,balon,70.12,66.3,0,no
1819,72.76,1,robot,Equipo A,22.04,48.78,15768,no
1819,72.76,2,robot,Equipo A,80.07,60.86,11696,no
1819,72.76,3,robot,Equipo B,155.35,68.02,0,no
1819,72.76,4,robot,Equipo B,152.55,66.67,10529,no
1819,72.76,0,balon,balon,70.12,66.3,0,no
1820,72.8,1,robot,Equipo A,22.04,48.78,0,no
1820,72.8,2,robot,Equipo A,80.07,60.86,12170,no
1820,72.8,3,robot,Equipo B,155.35,68.02,0,no
1820,72.8,4,robot,Equipo B,152.55,66.67,9888,no
1820,72.8,0,balon,balon,70.12,66.3,0,no
1821,72.84,1,robot,Equipo A,22.04,48.78,0,no
1821,72.84,2,robot,Equipo A,80.07,60.86,12170,no
1821,72.84,3,robot,Equipo B,155.35,68.02,0,no
1821,72.84,4,robot,Equipo B,152.55,66.67,9885,no
1821,72.84,0,balon,balon,70.12,66.3,0,no
1822,72.88,1,robot,Equipo A,22.04,48.78,0,no
1822,72.88,2,robot,Equipo A,80.07,60.86,12170,no
1822,72.88,3,robot,Equipo B,155.35,68.02,9885,no
1822,72.88,4,robot,Equipo B,152.55,66.67,0,no
1822,72.88,0,balon,balon,70.12,66.3,0,no
1823,72.92,1,robot,Equipo A,22.04,48.78,0,no
1823,72.92,2,robot,Equipo A,80.07,60.86,12170,no
1823,72.92,3,robot,Equipo B,155.35,68.02,9885,no
1823,72.92,4,robot,Equipo B,152.55,66.67,0,no
1823,72.92,0,balon,balon,70.12,66.3,0,no
1824,72.96,1,robot,Equipo A,22.04,48.78,0,no
1824,72.96,2,robot,Equipo A,80.07,60.86,12170,no
1824,72.96,3,robot,Equipo B,155.35,68.02,9885,no
1824,72.96,4,robot,Equipo B,152.55,66.67,0,no
1824,72.96,0,balon,balon,70.12,66.3,0,no
1825,73.0,1,robot,Equipo A,22.04,48.78,0,no
1825,73.0,2,robot,Equipo A,80.07,60.86,12325,no
1825,73.0,3,robot,Equipo B,155.35,68.02,0,no
1825,73.0,4,robot,Equipo B,152.55,66.67,9780,no
1825,73.0,0,balon,balon,70.12,66.3,0,no
1826,73.04,1,robot,Equipo A,22.04,48.78,0,no
1826,73.04,2,robot,Equipo A,80.07,60.86,12325,no
1826,73.04,3,robot,Equipo B,155.35,68.02,0,no
1826,73.04,4,robot,Equipo B,152.55,66.67,10090,no
1826,73.04,0,balon,balon,70.12,66.3,0,no
1827,73.08,1,robot,Equipo A,22.04,48.78,0,no
1827,73.08,2,robot,Equipo A,80.07,60.86,12325,no
1827,73.08,3,robot,Equipo B,155.35,68.02,0,no
1827,73.08,4,robot,Equipo B,152.55,66.67,10300,no
1827,73.08,0,balon,balon,70.12,66.3,0,no
1828,73.12,1,robot,Equipo A,22.04,48.78,0,no
1828,73.12,2,robot,Equipo A,80.07,60.86,12325,no
1828,73.12,3,robot,Equipo B,155.35,68.02,0,no
1828,73.12,4,robot,Equipo B,152.55,66.67,10549,no
1828,73.12,0,balon,balon,70.12,66.3,0,no
1829,73.16,1,robot,Equipo A,22.04,48.78,0,no
1829,73.16,2,robot,Equipo A,80.07,60.86,12325,no
1829,73.16,3,robot,Equipo B,155.35,68.02,0,no
1829,73.16,4,robot,Equipo B,152.55,66.67,10769,no
1829,73.16,0,balon,balon,70.12,66.3,0,no
1830,73.2,1,robot,Equipo A,25.19,53.55,15398,no
1830,73.2,2,robot,Equipo A,80.07,60.86,11745,no
1830,73.2,3,robot,Equipo B,155.35,68.02,0,no
1830,73.2,4,robot,Equipo B,152.55,66.67,9593,no
1830,73.2,0,balon,balon,70.12,66.3,0,no
1831,73.24,1,robot,Equipo A,27.95,57.63,15398,no
1831,73.24,2,robot,Equipo A,80.07,60.86,11745,no
1831,73.24,3,robot,Equipo B,155.35,68.02,0,no
1831,73.24,4,robot,Equipo B,152.55,66.67,9592,no
1831,73.24,0,balon,balon,70.12,66.3,0,no
1832,73.28,1,robot,Equipo A,30.37,61.16,15398,no
1832,73.28,2,robot,Equipo A,80.07,60.86,11745,no
1832,73.28,3,robot,Equipo B,155.35,68.02,0,no
1832,73.28,4,robot,Equipo B,152.61,67.18,9592,no
1832,73.28,0,balon,balon,70.12,66.3,0,no
1833,73.32,1,robot,Equipo A,32.55,64.24,15398,no
1833,73.32,2,robot,Equipo A,80.07,60.86,11745,no
1833,73.32,3,robot,Equipo B,155.35,68.02,0,no
1833,73.32,4,robot,Equipo B,152.61,67.18,9592,no
1833,73.32,0,balon,balon,70.12,66.3,0,no
1834,73.36,1,robot,Equipo A,34.51,66.96,15377,no
1834,73.36,2,robot,Equipo A,80.07,60.86,11745,no
1834,73.36,3,robot,Equipo B,155.35,68.02,0,no
1834,73.36,4,robot,Equipo B,152.61,67.18,9592,no
1834,73.36,0,balon,balon,70.12,66.3,0,no
1835,73.4,1,robot,Equipo A,35.14,68.16,15632,no
1835,73.4,2,robot,Equipo A,80.07,60.86,11654,no
1835,73.4,3,robot,Equipo B,155.35,68.02,0,no
1835,73.4,4,robot,Equipo B,152.61,67.18,9741,no
1835,73.4,0,balon,balon,70.12,66.3,0,no
1836,73.44,1,robot,Equipo A,35.45,68.91,15632,no
1836,73.44,2,robot,Equipo A,80.07,60.86,11654,no
1836,73.44,3,robot,Equipo B,155.35,68.02,0,no
1836,73.44,4,robot,Equipo B,152.61,67.18,10153,no
1836,73.44,0,balon,balon,70.12,66.3,0,no
1837,73.48,1,robot,Equipo A,35.45,68.91,15632,no
1837,73.48,2,robot,Equipo A,80.07,60.86,11654,no
1837,73.48,3,robot,Equipo B,155.35,68.02,0,no
1837,73.48,4,robot,Equipo B,152.61,67.18,10362,no
1837,73.48,0,balon,balon,70.12,66.3,0,no
1838,73.52,1,robot,Equipo A,35.45,68.91,15632,no
1838,73.52,2,robot,Equipo A,80.07,60.86,11654,no
1838,73.52,3,robot,Equipo B,155.35,68.02,0,no
1838,73.52,4,robot,Equipo B,152.61,67.18,10481,no
1838,73.52,0,balon,balon,70.12,66.3,0,no
1839,73.56,1,robot,Equipo A,35.45,68.91,15632,no
1839,73.56,2,robot,Equipo A,80.07,60.86,11654,no
1839,73.56,3,robot,Equipo B,155.35,68.02,0,no
1839,73.56,4,robot,Equipo B,152.61,67.18,10844,no
1839,73.56,0,balon,balon,70.12,66.3,0,no
1840,73.6,1,robot,Equipo A,35.45,68.91,0,no
1840,73.6,2,robot,Equipo A,80.07,60.86,11684,no
1840,73.6,3,robot,Equipo B,155.35,68.02,11515,no
1840,73.6,4,robot,Equipo B,152.61,67.18,0,no
1840,73.6,0,balon,balon,70.12,66.3,0,no
1841,73.64,1,robot,Equipo A,35.45,68.91,0,no
1841,73.64,2,robot,Equipo A,80.07,60.86,11684,no
1841,73.64,3,robot,Equipo B,155.35,68.02,11514,no
1841,73.64,4,robot,Equipo B,152.61,67.18,0,no
1841,73.64,0,balon,balon,70.12,66.3,0,no
1842,73.68,1,robot,Equipo A,35.45,68.91,0,no
1842,73.68,2,robot,Equipo A,80.07,60.86,11684,no
1842,73.68,3,robot,Equipo B,155.35,68.02,11514,no
1842,73.68,4,robot,Equipo B,152.61,67.18,0,no
1842,73.68,0,balon,balon,70.12,66.3,0,no
1843,73.72,1,robot,Equipo A,35.45,68.91,0,no
1843,73.72,2,robot,Equipo A,80.07,60.86,11684,no
1843,73.72,3,robot,Equipo B,155.35,68.02,11514,no
1843,73.72,4,robot,Equipo B,152.61,67.18,0,no
1843,73.72,0,balon,balon,70.12,66.3,0,no
1844,73.76,1,robot,Equipo A,35.45,68.91,0,no
1844,73.76,2,robot,Equipo A,80.07,60.86,11684,no
1844,73.76,3,robot,Equipo B,155.35,68.02,11514,no
1844,73.76,4,robot,Equipo B,152.61,67.18,0,no
1844,73.76,0,balon,balon,70.12,66.3,0,no
1845,73.8,1,robot,Equipo A,35.84,69.69,15567,no
1845,73.8,2,robot,Equipo A,79.33,60.73,11841,no
1845,73.8,3,robot,Equipo B,155.35,68.02,0,no
1845,73.8,4,robot,Equipo B,152.61,67.18,0,no
1845,73.8,0,balon,balon,70.12,66.3,0,no
1846,73.84,1,robot,Equipo A,36.3,70.49,15567,no
1846,73.84,2,robot,Equipo A,78.68,60.6,11841,no
1846,73.84,3,robot,Equipo B,155.35,68.02,0,no
1846,73.84,4,robot,Equipo B,152.61,67.18,0,no
1846,73.84,0,balon,balon,70.12,66.3,0,no
1847,73.88,1,robot,Equipo A,36.8,71.3,15567,no
1847,73.88,2,robot,Equipo A,78.1,60.47,11841,no
1847,73.88,3,robot,Equipo B,155.35,68.02,0,no
1847,73.88,4,robot,Equipo B,152.61,67.18,0,no
1847,73.88,0,balon,balon,70.12,66.3,0,no
1848,73.92,1,robot,Equipo A,37.34,72.12,15567,no
1848,73.92,2,robot,Equipo A,77.58,60.34,11841,no
1848,73.92,3,robot,Equipo B,155.35,68.02,0,no
1848,73.92,4,robot,Equipo B,152.61,67.18,0,no
1848,73.92,0,balon,balon,70.12,66.3,0,no
1849,73.96,1,robot,Equipo A,37.92,72.95,15567,no
1849,73.96,2,robot,Equipo A,77.58,60.34,11841,no
1849,73.96,3,robot,Equipo B,155.35,68.02,0,no
1849,73.96,4,robot,Equipo B,152.61,67.18,0,no
1849,73.96,0,balon,balon,70.12,66.3,0,no
1850,74.0,1,robot,Equipo A,37.92,72.95,15618,no
1850,74.0,2,robot,Equipo A,76.04,59.83,12296,no
1850,74.0,3,robot,Equipo B,155.35,68.02,0,no
1850,74.0,4,robot,Equipo B,152.61,67.18,0,no
1850,74.0,0,balon,balon,70.12,66.3,0,no
1851,74.04,1,robot,Equipo A,37.92,72.95,15618,no
1851,74.04,2,robot,Equipo A,74.6,59.36,12296,no
1851,74.04,3,robot,Equipo B,155.35,68.02,0,no
1851,74.04,4,robot,Equipo B,152.61,67.18,0,no
1851,74.04,0,balon,balon,70.12,66.3,0,no
1852,74.08,1,robot,Equipo A,37.92,72.95,15618,no
1852,74.08,2,robot,Equipo A,73.25,58.93,12296,no
1852,74.08,3,robot,Equipo B,155.35,68.02,0,no
1852,74.08,4,robot,Equipo B,152.61,67.18,0,no
1852,74.08,0,balon,balon,70.12,66.3,0,no
1853,74.12,1,robot,Equipo A,37.51,72.48,15618,no
1853,74.12,2,robot,Equipo A,71.97,58.52,12296,no
1853,74.12,3,robot,Equipo B,155.35,68.02,0,no
1853,74.12,4,robot,Equipo B,152.61,67.18,0,no
1853,74.12,0,balon,balon,70.12,66.3,0,no
1854,74.16,1,robot,Equipo A,37.06,71.97,15618,no
1854,74.16,2,robot,Equipo A,70.76,58.14,12296,no
1854,74.16,3,robot,Equipo B,155.35,68.02,0,no
1854,74.16,4,robot,Equipo B,152.61,67.18,0,no
1854,74.16,0,balon,balon,70.12,66.3,0,no
1855,74.2,1,robot,Equipo A,37.06,71.97,15647,no
1855,74.2,2,robot,Equipo A,70.76,58.14,0,no
1855,74.2,3,robot,Equipo B,155.35,68.02,0,no
1855,74.2,4,robot,Equipo B,152.61,67.18,9741,no
1855,74.2,0,balon,balon,70.12,66.3,0,no
1856,74.24,1,robot,Equipo A,37.06,71.97,15647,no
1856,74.24,2,robot,Equipo A,70.76,58.14,0,no
1856,74.24,3,robot,Equipo B,155.35,68.02,0,no
1856,74.24,4,robot,Equipo B,152.61,67.18,9740,no
1856,74.24,0,balon,balon,70.12,66.3,0,no
1857,74.28,1,robot,Equipo A,37.32,72.4,15647,no
1857,74.28,2,robot,Equipo A,70.76,58.14,0,no
1857,74.28,3,robot,Equipo B,155.35,68.02,0,no
1857,74.28,4,robot,Equipo B,152.61,67.18,9740,no
1857,74.28,0,balon,balon,70.12,66.3,0,no
1858,74.32,1,robot,Equipo A,37.32,72.4,0,no
1858,74.32,2,robot,Equipo A,70.76,58.14,0,no
1858,74.32,3,robot,Equipo B,155.35,68.02,0,no
1858,74.32,4,robot,Equipo B,152.61,67.18,9740,no
1858,74.32,0,balon,balon,70.12,66.3,0,no
1859,74.36,1,robot,Equipo A,37.32,72.4,0,no
1859,74.36,2,robot,Equipo A,70.76,58.14,0,no
1859,74.36,3,robot,Equipo B,155.35,68.02,0,no
1859,74.36,4,robot,Equipo B,152.61,67.18,9740,no
1859,74.36,0,balon,balon,70.12,66.3,0,no
1860,74.4,1,robot,Equipo A,37.32,72.4,0,no
1860,74.4,2,robot,Equipo A,70.76,58.14,0,no
1860,74.4,3,robot,Equipo B,155.35,68.02,11244,no
1860,74.4,4,robot,Equipo B,152.61,67.18,0,no
1860,74.4,0,balon,balon,70.12,66.3,0,no
1861,74.44,1,robot,Equipo A,37.32,72.4,0,no
1861,74.44,2,robot,Equipo A,70.76,58.14,0,no
1861,74.44,3,robot,Equipo B,155.35,68.02,11196,no
1861,74.44,4,robot,Equipo B,152.61,67.18,0,no
1861,74.44,0,balon,balon,70.12,66.3,0,no
1862,74.48,1,robot,Equipo A,37.32,72.4,0,no
1862,74.48,2,robot,Equipo A,70.76,58.14,0,no
1862,74.48,3,robot,Equipo B,155.35,68.02,11377,no
1862,74.48,4,robot,Equipo B,152.61,67.18,0,no
1862,74.48,0,balon,balon,70.12,66.3,0,no
1863,74.52,1,robot,Equipo A,37.32,72.4,0,no
1863,74.52,2,robot,Equipo A,70.76,58.14,0,no
1863,74.52,3,robot,Equipo B,155.35,68.02,11509,no
1863,74.52,4,robot,Equipo B,152.61,67.18,0,no
1863,74.52,0,balon,balon,70.12,66.3,0,no
1864,74.56,1,robot,Equipo A,37.32,72.4,0,no
1864,74.56,2,robot,Equipo A,70.76,58.14,0,no
1864,74.56,3,robot,Equipo B,155.35,68.02,11525,no
1864,74.56,4,robot,Equipo B,152.61,67.18,0,no
1864,74.56,0,balon,balon,70.12,66.3,0,no
1865,74.6,1,robot,Equipo A,36.89,77.88,13576,no
1865,74.6,2,robot,Equipo A,70.76,58.14,0,no
1865,74.6,3,robot,Equipo B,155.35,68.02,10680,no
1865,74.6,4,robot,Equipo B,152.61,67.18,0,no
1865,74.6,0,balon,balon,70.12,66.3,0,no
1866,74.64,1,robot,Equipo A,36.39,82.81,13576,no
1866,74.64,2,robot,Equipo A,70.76,58.14,0,no
1866,74.64,3,robot,Equipo B,155.35,68.02,0,no
1866,74.64,4,robot,Equipo B,152.61,67.18,10645,no
1866,74.64,0,balon,balon,70.12,66.3,0,no
1867,74.68,1,robot,Equipo A,35.86,87.31,13576,no
1867,74.68,2,robot,Equipo A,70.76,58.14,0,no
1867,74.68,3,robot,Equipo B,155.35,68.02,0,no
1867,74.68,4,robot,Equipo B,152.61,67.18,10634,no
1867,74.68,0,balon,balon,70.12,66.3,0,no
1868,74.72,1,robot,Equipo A,35.29,91.46,13576,no
1868,74.72,2,robot,Equipo A,70.76,58.14,0,no
1868,74.72,3,robot,Equipo B,155.35,68.02,0,no
1868,74.72,4,robot,Equipo B,152.61,67.18,10634,no
1868,74.72,0,balon,balon,70.12,66.3,0,no
1869,74.76,1,robot,Equipo A,34.69,95.32,13576,no
1869,74.76,2,robot,Equipo A,70.76,58.14,0,no
1869,74.76,3,robot,Equipo B,155.35,68.02,0,no
1869,74.76,4,robot,Equipo B,152.49,67.7,10634,no
1869,74.76,0,balon,balon,70.12,66.3,0,no
1870,74.8,1,robot,Equipo A,34.67,96.22,13545,no
1870,74.8,2,robot,Equipo A,70.76,58.14,0,no
1870,74.8,3,robot,Equipo B,155.35,68.02,12061,no
1870,74.8,4,robot,Equipo B,152.49,67.7,0,no
1870,74.8,0,balon,balon,70.12,66.3,0,no
1871,74.84,1,robot,Equipo A,34.51,96.88,13545,no
1871,74.84,2,robot,Equipo A,70.76,58.14,0,no
1871,74.84,3,robot,Equipo B,155.35,68.02,11767,no
1871,74.84,4,robot,Equipo B,152.49,67.7,0,no
1871,74.84,0,balon,balon,70.12,66.3,0,no
1872,74.88,1,robot,Equipo A,34.23,97.35,13545,no
1872,74.88,2,robot,Equipo A,70.76,58.14,0,no
1872,74.88,3,robot,Equipo B,155.35,68.02,11544,no
1872,74.88,4,robot,Equipo B,152.49,67.7,0,no
1872,74.88,0,balon,balon,70.12,66.3,0,no
1873,74.92,1,robot,Equipo A,34.23,97.35,13545,no
1873,74.92,2,robot,Equipo A,70.76,58.14,0,no
1873,74.92,3,robot,Equipo B,155.35,68.02,11274,no
1873,74.92,4,robot,Equipo B,152.49,67.7,0,no
1873,74.92,0,balon,balon,70.12,66.3,0,no
1874,74.96,1,robot,Equipo A,33.73,97.61,13545,no
1874,74.96,2,robot,Equipo A,70.76,58.14,0,no
1874,74.96,3,robot,Equipo B,155.35,68.02,10911,no
1874,74.96,4,robot,Equipo B,152.49,67.7,0,no
1874,74.96,0,balon,balon,70.12,66.3,0,no
1875,75.0,1,robot,Equipo A,33.79,98.11,12918,no
1875,75.0,2,robot,Equipo A,70.76,58.14,0,no
1875,75.0,3,robot,Equipo B,155.35,68.02,0,no
1875,75.0,4,robot,Equipo B,152.49,67.7,0,no
1875,75.0,0,balon,balon,70.12,66.3,0,no
1876,75.04,1,robot,Equipo A,33.79,98.11,12918,no
1876,75.04,2,robot,Equipo A,70.76,58.14,0,no
1876,75.04,3,robot,Equipo B,155.35,68.02,0,no
1876,75.04,4,robot,Equipo B,152.49,67.7,0,no
1876,75.04,0,balon,balon,70.12,66.3,0,no
1877,75.08,1,robot,Equipo A,34.23,97.81,12918,no
1877,75.08,2,robot,Equipo A,70.76,58.14,0,no
1877,75.08,3,robot,Equipo B,155.35,68.02,0,no
1877,75.08,4,robot,Equipo B,152.49,67.7,0,no
1877,75.08,0,balon,balon,70.12,66.3,0,no
1878,75.12,1,robot,Equipo A,34.78,97.23,12918,no
1878,75.12,2,robot,Equipo A,70.76,58.14,0,no
1878,75.12,3,robot,Equipo B,155.35,68.02,0,no
1878,75.12,4,robot,Equipo B,152.49,67.7,0,no
1878,75.12,0,balon,balon,70.12,66.3,0,no
1879,75.16,1,robot,Equipo A,35.42,96.42,12918,no
1879,75.16,2,robot,Equipo A,70.76,58.14,0,no
1879,75.16,3,robot,Equipo B,155.35,68.02,0,no
1879,75.16,4,robot,Equipo B,152.49,67.7,0,no
1879,75.16,0,balon,balon,70.12,66.3,0,no
1880,75.2,1,robot,Equipo A,34.76,97.53,12554,no
1880,75.2,2,robot,Equipo A,70.76,58.14,0,no
1880,75.2,3,robot,Equipo B,155.35,68.02,0,no
1880,75.2,4,robot,Equipo B,152.49,67.7,10459,no
1880,75.2,0,balon,balon,70.12,66.3,0,no
1881,75.24,1,robot,Equipo A,34.22,98.68,12554,no
1881,75.24,2,robot,Equipo A,70.76,58.14,0,no
1881,75.24,3,robot,Equipo B,155.35,68.02,0,no
1881,75.24,4,robot,Equipo B,151.89,67.79,10245,no
1881,75.24,0,balon,balon,70.12,66.3,0,no
1882,75.28,1,robot,Equipo A,33.75,99.86,12554,no
1882,75.28,2,robot,Equipo A,70.76,58.14,0,no
1882,75.28,3,robot,Equipo B,155.35,68.02,0,no
1882,75.28,4,robot,Equipo B,151.12,67.99,9992,no
1882,75.28,0,balon,balon,70.12,66.3,0,no
1883,75.32,1,robot,Equipo A,33.34,101.06,12554,no
1883,75.32,2,robot,Equipo A,70.76,58.14,0,no
1883,75.32,3,robot,Equipo B,155.35,68.02,0,no
1883,75.32,4,robot,Equipo B,150.25,68.28,9726,no
1883,75.32,0,balon,balon,70.12,66.3,0,no
1884,75.36,1,robot,Equipo A,32.99,102.29,12554,no
1884,75.36,2,robot,Equipo A,70.76,58.14,0,no
1884,75.36,3,robot,Equipo B,155.35,68.02,0,no
1884,75.36,4,robot,Equipo B,149.3,68.67,9325,no
1884,75.36,0,balon,balon,70.12,66.3,0,no
1885,75.4,1,robot,Equipo A,32.99,102.29,0,no
1885,75.4,2,robot,Equipo A,68.99,59.63,12542,no
1885,75.4,3,robot,Equipo B,155.35,68.02,0,no
1885,75.4,4,robot,Equipo B,148.76,69.09,4153,no
1885,75.4,0,balon,balon,70.12,66.3,0,no
1886,75.44,1,robot,Equipo A,32.99,102.29,0,no
1886,75.44,2,robot,Equipo A,67.4,61.17,12542,no
1886,75.44,3,robot,Equipo B,155.35,68.02,0,no
1886,75.44,4,robot,Equipo B,148.45,69.63,3620,no
1886,75.44,0,balon,balon,70.12,66.3,0,no
1887,75.48,1,robot,Equipo A,32.99,102.29,0,no
1887,75.48,2,robot,Equipo A,65.96,62.74,12542,no
1887,75.48,3,robot,Equipo B,155.35,68.02,0,no
1887,75.48,4,robot,Equipo B,148.34,70.24,3226,no
1887,75.48,0,balon,balon,70.12,66.3,0,no
1888,75.52,1,robot,Equipo A,32.99,102.29,0,no
1888,75.52,2,robot,Equipo A,64.64,64.35,12542,no
1888,75.52,3,robot,Equipo B,155.35,68.02,0,no
1888,75.52,4,robot,Equipo B,148.33,70.81,3043,no
1888,75.52,0,balon,balon,70.12,66.3,0,no
1889,75.56,1,robot,Equipo A,32.99,102.29,0,no
1889,75.56,2,robot,Equipo A,63.42,65.98,12542,no
1889,75.56,3,robot,Equipo B,155.35,68.02,0,no
1889,75.56,4,robot,Equipo B,148.33,70.81,3080,no
1889,75.56,0,balon,balon,70.12,66.3,0,no
1890,75.6,1,robot,Equipo A,33.9,96.53,15925,no
1890,75.6,2,robot,Equipo A,63.42,65.98,12448,no
1890,75.6,3,robot,Equipo B,150.29,66.93,1986,no
1890,75.6,4,robot,Equipo B,148.08,71.32,2748,no
1890,75.6,0,balon,balon,97.92,61.23,129,no
1891,75.64,1,robot,Equipo A,34.8,91.12,15925,no
1891,75.64,2,robot,Equipo A,63.42,65.98,12448,no
1891,75.64,3,robot,Equipo B,146.18,66.02,1628,no
1891,75.64,4,robot,Equipo B,147.82,71.79,2761,no
1891,75.64,0,balon,balon,113.08,58.51,205,no
1892,75.68,1,robot,Equipo A,35.69,85.98,15925,no
1892,75.68,2,robot,Equipo A,63.34,65.32,12448,no
1892,75.68,3,robot,Equipo B,142.84,65.24,1296,no
1892,75.68,4,robot,Equipo B,147.82,71.79,2788,no
1892,75.68,0,balon,balon,121.29,57.07,308,no
1893,75.72,1,robot,Equipo A,36.57,81.07,15925,no
1893,75.72,2,robot,Equipo A,63.39,64.51,12448,no
1893,75.72,3,robot,Equipo B,142.84,65.24,0,no
1893,75.72,4,robot,Equipo B,147.49,72.25,2792,no
1893,75.72,0,balon,balon,125.74,56.28,420,no
1894,75.76,1,robot,Equipo A,37.44,76.32,15925,no
1894,75.76,2,robot,Equipo A,63.55,63.57,12448,no
1894,75.76,3,robot,Equipo B,142.84,65.24,0,no
1894,75.76,4,robot,Equipo B,147.18,72.68,2792,no
1894,75.76,0,balon,balon,125.74,56.28,0,no
1895,75.8,1,robot,Equipo A,37.52,75.7,13965,no
1895,75.8,2,robot,Equipo A,63.55,63.57,0,no
1895,75.8,3,robot,Equipo B,139.72,64.76,2198,no
1895,75.8,4,robot,Equipo B,147.18,72.68,0,no
1895,75.8,0,balon,balon,125.74,56.28,0,no
1896,75.84,1,robot,Equipo A,37.52,75.7,13965,no
1896,75.84,2,robot,Equipo A,63.55,63.57,0,no
1896,75.84,3,robot,Equipo B,137.13,64.4,2310,no
1896,75.84,4,robot,Equipo B,147.18,72.68,0,no
1896,75.84,0,balon,balon,125.74,56.28,0,no
1897,75.88,1,robot,Equipo A,37.3,76.42,13965,no
1897,75.88,2,robot,Equipo A,63.55,63.57,0,no
1897,75.88,3,robot,Equipo B,134.95,64.15,2329,no
1897,75.88,4,robot,Equipo B,147.18,72.68,0,no
1897,75.88,0,balon,balon,125.74,56.28,0,no
1898,75.92,1,robot,Equipo A,36.98,77.6,13965,no
1898,75.92,2,robot,Equipo A,63.55,63.57,0,no
1898,75.92,3,robot,Equipo B,133.09,63.97,2333,no
1898,75.92,4,robot,Equipo B,147.18,72.68,0,no
1898,75.92,0,balon,balon,125.74,56.28,0,no
1899,75.96,1,robot,Equipo A,36.58,79.16,13965,no
1899,75.96,2,robot,Equipo A,63.55,63.57,0,no
1899,75.96,3,robot,Equipo B,131.49,63.86,2333,no
1899,75.96,4,robot,Equipo B,147.18,72.68,0,no
1899,75.96,0,balon,balon,125.74,56.28,0,no
1900,76.0,1,robot,Equipo A,36.58,79.16,0,no
1900,76.0,2,robot,Equipo A,63.25,63.97,12280,no
1900,76.0,3,robot,Equipo B,130.38,63.59,1983,no
1900,76.0,4,robot,Equipo B,147.18,72.68,0,no
1900,76.0,0,balon,balon,125.74,56.28,0,no
1901,76.04,1,robot,Equipo A,36.58,79.16,0,no
1901,76.04,2,robot,Equipo A,63.25,63.97,12280,no
1901,76.04,3,robot,Equipo B,129.52,63.33,1887,no
1901,76.04,4,robot,Equipo B,147.18,72.68,0,no
1901,76.04,0,balon,balon,125.74,56.28,0,no
1902,76.08,1,robot,Equipo A,36.58,79.16,0,no
1902,76.08,2,robot,Equipo A,63.25,63.97,12280,no
1902,76.08,3,robot,Equipo B,128.92,62.94,2064,no
1902,76.08,4,robot,Equipo B,147.18,72.68,0,no
1902,76.08,0,balon,balon,125.74,56.28,0,no
1903,76.12,1,robot,Equipo A,36.58,79.16,0,no
1903,76.12,2,robot,Equipo A,63.25,63.97,12280,no
1903,76.12,3,robot,Equipo B,128.44,62.46,2331,no
1903,76.12,4,robot,Equipo B,147.18,72.68,0,no
1903,76.12,0,balon,balon,125.74,56.28,0,no
1904,76.16,1,robot,Equipo A,36.58,79.16,0,no
1904,76.16,2,robot,Equipo A,63.25,63.97,12280,no
1904,76.16,3,robot,Equipo B,127.94,61.92,2611,no
1904,76.16,4,robot,Equipo B,147.18,72.68,0,no
1904,76.16,0,balon,balon,125.74,56.28,0,no
1905,76.2,1,robot,Equipo A,36.26,77.71,16953,no
1905,76.2,2,robot,Equipo A,63.25,63.97,12298,no
1905,76.2,3,robot,Equipo B,127.45,62.08,1890,no
1905,76.2,4,robot,Equipo B,147.49,73.22,3244,no
1905,76.2,0,balon,balon,125.74,56.28,0,no
1906,76.24,1,robot,Equipo A,36.04,75.98,16953,no
1906,76.24,2,robot,Equipo A,62.92,64.46,12298,no
1906,76.24,3,robot,Equipo B,127.45,62.08,1981,no
1906,76.24,4,robot,Equipo B,147.86,73.66,3257,no
1906,76.24,0,balon,balon,125.74,56.28,0,no
1907,76.28,1,robot,Equipo A,35.88,74.01,16953,no
1907,76.28,2,robot,Equipo A,62.61,65.0,12298,no
1907,76.28,3,robot,Equipo B,126.98,62.29,2035,no
1907,76.28,4,robot,Equipo B,148.26,74.01,3270,no
1907,76.28,0,balon,balon,125.74,56.28,0,no
1908,76.32,1,robot,Equipo A,35.79,71.87,16953,no
1908,76.32,2,robot,Equipo A,62.3,65.58,12298,no
1908,76.32,3,robot,Equipo B,126.98,62.29,2038,no
1908,76.32,4,robot,Equipo B,148.7,74.29,3276,no
1908,76.32,0,balon,balon,125.74,56.28,0,no
1909,76.36,1,robot,Equipo A,35.74,69.57,16953,no
1909,76.36,2,robot,Equipo A,61.99,66.19,12298,no
1909,76.36,3,robot,Equipo B,126.49,62.48,2037,no
1909,76.36,4,robot,Equipo B,149.16,74.51,3276,no
1909,76.36,0,balon,balon,125.74,56.28,0,no
1910,76.4,1,robot,Equipo A,35.74,69.57,14434,no
1910,76.4,2,robot,Equipo A,61.99,66.19,11862,no
1910,76.4,3,robot,Equipo B,126.49,62.48,1805,no
1910,76.4,4,robot,Equipo B,149.16,74.51,2896,no
1910,76.4,0,balon,balon,125.74,56.28,0,no
1911,76.44,1,robot,Equipo A,35.85,70.16,14434,no
1911,76.44,2,robot,Equipo A,61.99,66.19,11862,no
1911,76.44,3,robot,Equipo B,126.49,62.48,1652,no
1911,76.44,4,robot,Equipo B,148.63,74.37,2870,no
1911,76.44,0,balon,balon,125.74,56.28,0,no
1912,76.48,1,robot,Equipo A,35.93,71.06,14434,no
1912,76.48,2,robot,Equipo A,61.99,66.19,11862,no
1912,76.48,3,robot,Equipo B,126.49,62.48,1472,no
1912,76.48,4,robot,Equipo B,148.06,74.23,2815,no
1912,76.48,0,balon,balon,125.74,56.28,0,no
1913,76.52,1,robot,Equipo A,36.0,72.22,14434,no
1913,76.52,2,robot,Equipo A,61.99,66.19,11862,no
1913,76.52,3,robot,Equipo B,126.49,62.48,1354,no
1913,76.52,4,robot,Equipo B,147.46,74.06,2795,no
1913,76.52,0,balon,balon,125.74,56.28,0,no
1914,76.56,1,robot,Equipo A,36.05,73.58,14434,no
1914,76.56,2,robot,Equipo A,62.23,65.69,11862,no
1914,76.56,3,robot,Equipo B,126.49,62.48,1210,no
1914,76.56,4,robot,Equipo B,146.84,73.89,2750,no
1914,76.56,0,balon,balon,125.74,56.28,0,no
1915,76.6,1,robot,Equipo A,36.1,72.99,13997,no
1915,76.6,2,robot,Equipo A,62.23,65.69,11807,no
1915,76.6,3,robot,Equipo B,126.49,62.48,1950,no
1915,76.6,4,robot,Equipo B,146.84,73.89,0,no
1915,76.6,0,balon,balon,125.74,56.28,0,no
1916,76.64,1,robot,Equipo A,36.13,72.17,13997,no
1916,76.64,2,robot,Equipo A,62.23,65.69,11807,no
1916,76.64,3,robot,Equipo B,126.49,62.48,2119,no
1916,76.64,4,robot,Equipo B,146.84,73.89,0,no
1916,76.64,0,balon,balon,125.74,56.28,0,no
1917,76.68,1,robot,Equipo A,36.16,71.17,13997,no
1917,76.68,2,robot,Equipo A,62.23,65.69,11807,no
1917,76.68,3,robot,Equipo B,126.49,62.48,2209,no
1917,76.68,4,robot,Equipo B,146.84,73.89,0,no
1917,76.68,0,balon,balon,125.74,56.28,0,no
1918,76.72,1,robot,Equipo A,36.18,70.02,13997,no
1918,76.72,2,robot,Equipo A,62.23,65.69,11807,no
1918,76.72,3,robot,Equipo B,126.49,62.48,2220,no
1918,76.72,4,robot,Equipo B,146.84,73.89,0,no
1918,76.72,0,balon,balon,125.74,56.28,0,no
1919,76.76,1,robot,Equipo A,36.2,68.76,13997,no
1919,76.76,2,robot,Equipo A,62.23,65.69,11807,no
1919,76.76,3,robot,Equipo B,126.49,62.48,2230,no
1919,76.76,4,robot,Equipo B,146.84,73.89,0,no
1919,76.76,0,balon,balon,125.74,56.28,0,no
1920,76.8,1,robot,Equipo A,36.2,68.76,14206,no
1920,76.8,2,robot,Equipo A,62.23,65.69,11857,no
1920,76.8,3,robot,Equipo B,126.49,62.48,1956,no
1920,76.8,4,robot,Equipo B,146.84,73.89,0,no
1920,76.8,0,balon,balon,125.74,56.28,0,no
1921,76.84,1,robot,Equipo A,36.21,69.39,14206,no
1921,76.84,2,robot,Equipo A,62.23,65.69,11857,no
1921,76.84,3,robot,Equipo B,126.49,62.48,1843,no
1921,76.84,4,robot,Equipo B,146.84,73.89,0,no
1921,76.84,0,balon,balon,125.74,56.28,0,no
1922,76.88,1,robot,Equipo A,36.22,70.19,14206,no
1922,76.88,2,robot,Equipo A,62.23,65.69,11857,no
1922,76.88,3,robot,Equipo B,126.49,62.48,1700,no
1922,76.88,4,robot,Equipo B,148.02,71.51,3666,no
1922,76.88,0,balon,balon,125.74,56.28,0,no
1923,76.92,1,robot,Equipo A,36.23,71.12,14206,no
1923,76.92,2,robot,Equipo A,62.23,65.69,11857,no
1923,76.92,3,robot,Equipo B,126.49,62.48,1498,no
1923,76.92,4,robot,Equipo B,148.93,70.06,4345,no
1923,76.92,0,balon,balon,125.74,56.28,0,no
1924,76.96,1,robot,Equipo A,36.24,72.15,14206,no
1924,76.96,2,robot,Equipo A,62.23,65.69,11857,no
1924,76.96,3,robot,Equipo B,126.49,62.48,1372,no
1924,76.96,4,robot,Equipo B,149.15,69.45,6086,no
1924,76.96,0,balon,balon,125.74,56.28,0,no
1925,77.0,1,robot,Equipo A,36.24,72.15,13954,no
1925,77.0,2,robot,Equipo A,62.23,65.69,11859,no
1925,77.0,3,robot,Equipo B,126.49,62.48,1994,no
1925,77.0,4,robot,Equipo B,149.15,69.45,0,no
1925,77.0,0,balon,balon,125.74,56.28,0,no
1926,77.04,1,robot,Equipo A,36.25,71.61,13954,no
1926,77.04,2,robot,Equipo A,62.23,65.69,11859,no
1926,77.04,3,robot,Equipo B,126.49,62.48,2048,no
1926,77.04,4,robot,Equipo B,149.15,69.45,0,no
1926,77.04,0,balon,balon,125.74,56.28,0,no
1927,77.08,1,robot,Equipo A,36.25,70.95,13954,no
1927,77.08,2,robot,Equipo A,62.23,65.69,11859,no
1927,77.08,3,robot,Equipo B,126.49,62.48,2148,no
1927,77.08,4,robot,Equipo B,149.15,69.45,0,no
1927,77.08,0,balon,balon,125.74,56.28,0,no
1928,77.12,1,robot,Equipo A,36.26,70.2,13954,no
1928,77.12,2,robot,Equipo A,62.23,65.69,11859,no
1928,77.12,3,robot,Equipo B,126.49,62.48,2224,no
1928,77.12,4,robot,Equipo B,149.15,69.45,0,no
1928,77.12,0,balon,balon,125.74,56.28,0,no
1929,77.16,1,robot,Equipo A,36.26,69.36,13954,no
1929,77.16,2,robot,Equipo A,62.23,65.69,11859,no
1929,77.16,3,robot,Equipo B,126.49,62.48,2251,no
1929,77.16,4,robot,Equipo B,149.15,69.45,0,no
1929,77.16,0,balon,balon,125.74,56.28,0,no
1930,77.2,1,robot,Equipo A,36.26,69.36,14012,no
1930,77.2,2,robot,Equipo A,62.23,65.69,11853,no
1930,77.2,3,robot,Equipo B,126.49,62.48,0,no
1930,77.2,4,robot,Equipo B,148.78,70.12,2307,no
1930,77.2,0,balon,balon,125.74,56.28,0,no
1931,77.24,1,robot,Equipo A,36.26,69.36,14012,no
1931,77.24,2,robot,Equipo A,62.23,65.69,11853,no
1931,77.24,3,robot,Equipo B,126.49,62.48,0,no
1931,77.24,4,robot,Equipo B,149.4,71.06,2326,no
1931,77.24,0,balon,balon,125.74,56.28,0,no
1932,77.28,1,robot,Equipo A,36.26,69.96,14012,no
1932,77.28,2,robot,Equipo A,62.23,65.69,11853,no
1932,77.28,3,robot,Equipo B,126.49,62.48,0,no
1932,77.28,4,robot,Equipo B,149.4,71.06,0,no
1932,77.28,0,balon,balon,125.74,56.28,0,no
1933,77.32,1,robot,Equipo A,36.26,70.62,14012,no
1933,77.32,2,robot,Equipo A,62.23,65.69,11853,no
1933,77.32,3,robot,Equipo B,126.49,62.48,0,no
1933,77.32,4,robot,Equipo B,151.71,72.68,2326,no
1933,77.32,0,balon,balon,125.74,56.28,0,no
1934,77.36,1,robot,Equipo A,36.26,71.31,14012,no
1934,77.36,2,robot,Equipo A,62.23,65.69,11853,no
1934,77.36,3,robot,Equipo B,131.51,62.15,4129,no
1934,77.36,4,robot,Equipo B,154.46,74.41,2344,no
1934,77.36,0,balon,balon,125.74,56.28,0,no
1935,77.4,1,robot,Equipo A,36.26,71.31,13992,no
1935,77.4,2,robot,Equipo A,62.23,65.69,11901,no
1935,77.4,3,robot,Equipo B,129.57,62.11,7832,no
1935,77.4,4,robot,Equipo B,154.46,74.41,0,no
1935,77.4,0,balon,balon,125.74,56.28,0,no
1936,77.44,1,robot,Equipo A,36.26,71.31,13992,no
1936,77.44,2,robot,Equipo A,62.23,65.69,11901,no
1936,77.44,3,robot,Equipo B,127.6,62.34,7837,no
1936,77.44,4,robot,Equipo B,154.46,74.41,0,no
1936,77.44,0,balon,balon,125.74,56.28,0,no
1937,77.48,1,robot,Equipo A,36.26,71.31,13992,no
1937,77.48,2,robot,Equipo A,62.23,65.69,11901,no
1937,77.48,3,robot,Equipo B,125.6,62.79,7822,no
1937,77.48,4,robot,Equipo B,154.46,74.41,0,no
1937,77.48,0,balon,balon,125.74,56.28,0,no
1938,77.52,1,robot,Equipo A,36.24,70.74,13992,no
1938,77.52,2,robot,Equipo A,62.23,65.69,11901,no
1938,77.52,3,robot,Equipo B,123.57,63.41,7837,no
1938,77.52,4,robot,Equipo B,154.46,74.41,0,no
1938,77.52,0,balon,balon,125.74,56.28,0,no
1939,77.56,1,robot,Equipo A,36.21,70.14,13992,no
1939,77.56,2,robot,Equipo A,62.23,65.69,11901,no
1939,77.56,3,robot,Equipo B,121.52,64.16,7837,no
1939,77.56,4,robot,Equipo B,154.46,74.41,0,no
1939,77.56,0,balon,balon,125.74,56.28,0,no
1940,77.6,1,robot,Equipo A,36.21,70.14,13999,no
1940,77.6,2,robot,Equipo A,62.23,65.69,11872,no
1940,77.6,3,robot,Equipo B,121.52,64.16,0,no
1940,77.6,4,robot,Equipo B,149.27,72.07,4197,no
1940,77.6,0,balon,balon,125.74,56.28,0,no
1941,77.64,1,robot,Equipo A,36.21,70.14,13999,no
1941,77.64,2,robot,Equipo A,62.23,65.69,11872,no
1941,77.64,3,robot,Equipo B,121.52,64.16,0,no
1941,77.64,4,robot,Equipo B,145.48,69.99,3435,no
1941,77.64,0,balon,balon,125.74,56.28,0,no
1942,77.68,1,robot,Equipo A,36.21,70.14,13999,no
1942,77.68,2,robot,Equipo A,62.23,65.69,11872,no
1942,77.68,3,robot,Equipo B,121.52,64.16,0,no
1942,77.68,4,robot,Equipo B,142.87,68.21,2617,no
1942,77.68,0,balon,balon,125.74,56.28,0,no
1943,77.72,1,robot,Equipo A,36.21,70.14,13999,no
1943,77.72,2,robot,Equipo A,62.23,65.69,11872,no
1943,77.72,3,robot,Equipo B,121.52,64.16,0,no
1943,77.72,4,robot,Equipo B,141.24,66.73,1886,no
1943,77.72,0,balon,balon,125.74,56.28,0,no
1944,77.76,1,robot,Equipo A,36.19,70.7,13999,no
1944,77.76,2,robot,Equipo A,62.23,65.69,11872,no
1944,77.76,3,robot,Equipo B,121.52,64.16,0,no
1944,77.76,4,robot,Equipo B,141.24,66.73,0,no
1944,77.76,0,balon,balon,125.74,56.28,0,no
1945,77.8,1,robot,Equipo A,36.19,70.7,13985,no
1945,77.8,2,robot,Equipo A,62.23,65.69,11849,no
1945,77.8,3,robot,Equipo B,122.38,63.6,11448,no
1945,77.8,4,robot,Equipo B,142.35,67.74,2530,no
1945,77.8,0,balon,balon,125.74,56.28,0,no
1946,77.84,1,robot,Equipo A,36.19,70.7,13985,no
1946,77.84,2,robot,Equipo A,62.23,65.69,11849,no
1946,77.84,3,robot,Equipo B,123.26,63.57,14436,no
1946,77.84,4,robot,Equipo B,142.35,67.74,0,no
1946,77.84,0,balon,balon,125.74,56.28,0,no
1947,77.88,1,robot,Equipo A,36.19,70.7,13985,no
1947,77.88,2,robot,Equipo A,62.23,65.69,11849,no
1947,77.88,3,robot,Equipo B,123.26,63.57,14526,no
1947,77.88,4,robot,Equipo B,142.35,67.74,0,no
1947,77.88,0,balon,balon,125.74,56.28,0,no
1948,77.92,1,robot,Equipo A,36.19,70.7,13985,no
1948,77.92,2,robot,Equipo A,62.23,65.69,11849,no
1948,77.92,3,robot,Equipo B,123.26,63.57,14501,no
1948,77.92,4,robot,Equipo B,142.35,67.74,0,no
1948,77.92,0,balon,balon,125.74,56.28,0,no
1949,77.96,1,robot,Equipo A,36.19,70.7,13985,no
1949,77.96,2,robot,Equipo A,62.23,65.69,11849,no
1949,77.96,3,robot,Equipo B,122.18,63.77,14474,no
1949,77.96,4,robot,Equipo B,142.35,67.74,0,no
1949,77.96,0,balon,balon,125.74,56.28,0,no
1950,78.0,1,robot,Equipo A,36.19,70.7,13956,no
1950,78.0,2,robot,Equipo A,62.23,65.69,11837,no
1950,78.0,3,robot,Equipo B,121.49,63.47,3374,no
1950,78.0,4,robot,Equipo B,145.22,68.29,14153,no
1950,78.0,0,balon,balon,125.74,56.28,0,no
1951,78.04,1,robot,Equipo A,36.19,70.7,13956,no
1951,78.04,2,robot,Equipo A,62.23,65.69,11837,no
1951,78.04,3,robot,Equipo B,121.49,63.47,3374,no
1951,78.04,4,robot,Equipo B,147.51,68.73,14135,no
1951,78.04,0,balon,balon,125.74,56.28,0,no
1952,78.08,1,robot,Equipo A,36.19,70.7,13956,no
1952,78.08,2,robot,Equipo A,62.23,65.69,11837,no
1952,78.08,3,robot,Equipo B,121.49,63.47,3374,no
1952,78.08,4,robot,Equipo B,149.34,69.08,14155,no
1952,78.08,0,balon,balon,125.74,56.28,0,no
1953,78.12,1,robot,Equipo A,36.19,70.7,13956,no
1953,78.12,2,robot,Equipo A,62.23,65.69,11837,no
1953,78.12,3,robot,Equipo B,121.79,62.96,3374,no
1953,78.12,4,robot,Equipo B,150.81,69.36,14159,no
1953,78.12,0,balon,balon,125.74,56.28,0,no
1954,78.16,1,robot,Equipo A,36.19,70.7,13956,no
1954,78.16,2,robot,Equipo A,62.23,65.69,11837,no
1954,78.16,3,robot,Equipo B,122.3,62.48,3374,no
1954,78.16,4,robot,Equipo B,151.98,69.59,14153,no
1954,78.16,0,balon,balon,125.74,56.28,0,no
1955,78.2,1,robot,Equipo A,36.19,70.7,13955,no
1955,78.2,2,robot,Equipo A,62.23,65.69,11878,no
1955,78.2,3,robot,Equipo B,121.62,62.43,3359,no
1955,78.2,4,robot,Equipo B,151.98,69.59,9723,no
1955,78.2,0,balon,balon,125.74,56.28,0,no
1956,78.24,1,robot,Equipo A,36.19,70.7,13955,no
1956,78.24,2,robot,Equipo A,62.23,65.69,11878,no
1956,78.24,3,robot,Equipo B,120.84,62.48,3359,no
1956,78.24,4,robot,Equipo B,152.1,69.08,9729,no
1956,78.24,0,balon,balon,125.74,56.28,0,no
1957,78.28,1,robot,Equipo A,36.19,70.7,13955,no
1957,78.28,2,robot,Equipo A,62.23,65.69,11878,no
1957,78.28,3,robot,Equipo B,119.99,62.61,3359,no
1957,78.28,4,robot,Equipo B,152.1,69.08,9731,no
1957,78.28,0,balon,balon,125.74,56.28,0,no
1958,78.32,1,robot,Equipo A,36.19,70.7,13955,no
1958,78.32,2,robot,Equipo A,62.23,65.69,11878,no
1958,78.32,3,robot,Equipo B,119.08,62.8,3359,no
1958,78.32,4,robot,Equipo B,152.08,68.55,9731,no
1958,78.32,0,balon,balon,125.74,56.28,0,no
1959,78.36,1,robot,Equipo A,36.19,70.7,13955,no
1959,78.36,2,robot,Equipo A,62.23,65.69,11878,no
1959,78.36,3,robot,Equipo B,118.13,63.04,3359,no
1959,78.36,4,robot,Equipo B,152.08,68.55,9731,no
1959,78.36,0,balon,balon,125.74,56.28,0,no
1960,78.4,1,robot,Equipo A,36.19,70.7,14114,no
1960,78.4,2,robot,Equipo A,62.23,65.69,11893,no
1960,78.4,3,robot,Equipo B,118.13,63.04,3387,no
1960,78.4,4,robot,Equipo B,152.08,68.55,9736,no
1960,78.4,0,balon,balon,125.74,56.28,0,no
1961,78.44,1,robot,Equipo A,36.19,70.7,14114,no
1961,78.44,2,robot,Equipo A,62.23,65.69,11893,no
1961,78.44,3,robot,Equipo B,118.13,63.04,3387,no
1961,78.44,4,robot,Equipo B,152.08,68.55,9725,no
1961,78.44,0,balon,balon,125.74,56.28,0,no
1962,78.48,1,robot,Equipo A,36.19,70.7,14114,no
1962,78.48,2,robot,Equipo A,62.23,65.69,11893,no
1962,78.48,3,robot,Equipo B,118.7,62.68,3387,no
1962,78.48,4,robot,Equipo B,152.08,68.55,9704,no
1962,78.48,0,balon,balon,125.74,56.28,0,no
1963,78.52,1,robot,Equipo A,36.19,70.7,14114,no
1963,78.52,2,robot,Equipo A,62.23,65.69,11893,no
1963,78.52,3,robot,Equipo B,119.35,62.31,3387,no
1963,78.52,4,robot,Equipo B,152.08,68.55,9665,no
1963,78.52,0,balon,balon,125.74,56.28,0,no
1964,78.56,1,robot,Equipo A,36.19,70.7,14114,no
1964,78.56,2,robot,Equipo A,62.23,65.69,11893,no
1964,78.56,3,robot,Equipo B,120.08,61.92,3387,no
1964,78.56,4,robot,Equipo B,152.08,68.55,9635,no
1964,78.56,0,balon,balon,125.74,56.28,0,no
1965,78.6,1,robot,Equipo A,36.19,70.7,14390,no
1965,78.6,2,robot,Equipo A,62.23,65.69,11922,no
1965,78.6,3,robot,Equipo B,120.08,61.92,3383,no
1965,78.6,4,robot,Equipo B,152.08,68.55,9739,no
1965,78.6,0,balon,balon,125.74,56.28,0,no
1966,78.64,1,robot,Equipo A,36.19,70.7,14390,no
1966,78.64,2,robot,Equipo A,62.23,65.69,11922,no
1966,78.64,3,robot,Equipo B,120.08,61.92,3383,no
1966,78.64,4,robot,Equipo B,152.08,68.55,9748,no
1966,78.64,0,balon,balon,125.74,56.28,0,no
1967,78.68,1,robot,Equipo A,36.19,70.7,14390,no
1967,78.68,2,robot,Equipo A,62.23,65.69,11922,no
1967,78.68,3,robot,Equipo B,119.52,62.16,3383,no
1967,78.68,4,robot,Equipo B,152.08,68.55,9754,no
1967,78.68,0,balon,balon,125.74,56.28,0,no
1968,78.72,1,robot,Equipo A,36.19,70.7,14390,no
1968,78.72,2,robot,Equipo A,62.23,65.69,11922,no
1968,78.72,3,robot,Equipo B,118.91,62.44,3383,no
1968,78.72,4,robot,Equipo B,152.08,68.55,9760,no
1968,78.72,0,balon,balon,125.74,56.28,0,no
1969,78.76,1,robot,Equipo A,36.19,70.7,14390,no
1969,78.76,2,robot,Equipo A,62.23,65.69,11922,no
1969,78.76,3,robot,Equipo B,118.25,62.75,3383,no
1969,78.76,4,robot,Equipo B,152.08,68.55,9760,no
1969,78.76,0,balon,balon,125.74,56.28,0,no
1970,78.8,1,robot,Equipo A,36.19,70.7,0,no
1970,78.8,2,robot,Equipo A,59.25,65.87,11692,no
1970,78.8,3,robot,Equipo B,118.25,62.75,3393,no
1970,78.8,4,robot,Equipo B,152.08,68.55,9769,no
1970,78.8,0,balon,balon,125.74,56.28,0,no
1971,78.84,1,robot,Equipo A,36.19,70.7,0,no
1971,78.84,2,robot,Equipo A,57.34,65.87,11692,no
1971,78.84,3,robot,Equipo B,118.25,62.75,3393,no
1971,78.84,4,robot,Equipo B,152.08,68.55,9763,no
1971,78.84,0,balon,balon,125.74,56.28,0,no
1972,78.88,1,robot,Equipo A,36.19,70.7,0,no
1972,78.88,2,robot,Equipo A,56.3,65.72,11692,no
1972,78.88,3,robot,Equipo B,118.25,62.75,3393,no
1972,78.88,4,robot,Equipo B,152.08,68.55,9775,no
1972,78.88,0,balon,balon,125.74,56.28,0,no
1973,78.92,1,robot,Equipo A,36.19,70.7,0,no
1973,78.92,2,robot,Equipo A,56.3,65.72,11692,no
1973,78.92,3,robot,Equipo B,118.79,62.51,3393,no
1973,78.92,4,robot,Equipo B,152.08,68.55,9775,no
1973,78.92,0,balon,balon,125.74,56.28,0,no
1974,78.96,1,robot,Equipo A,36.19,70.7,0,no
1974,78.96,2,robot,Equipo A,56.3,65.72,11692,no
1974,78.96,3,robot,Equipo B,119.37,62.25,3393,no
1974,78.96,4,robot,Equipo B,152.08,68.55,9775,no
1974,78.96,0,balon,balon,125.74,56.28,0,no
1975,79.0,1,robot,Equipo A,36.19,70.7,0,no
1975,79.0,2,robot,Equipo A,54.17,66.39,13057,no
1975,79.0,3,robot,Equipo B,119.37,62.25,3384,no
1975,79.0,4,robot,Equipo B,153.14,68.65,15102,no
1975,79.0,0,balon,balon,125.74,56.28,0,no
1976,79.04,1,robot,Equipo A,32.44,64.97,13384,no
1976,79.04,2,robot,Equipo A,52.03,67.09,13057,no
1976,79.04,3,robot,Equipo B,119.37,62.25,3384,no
1976,79.04,4,robot,Equipo B,153.99,68.73,15102,no
1976,79.04,0,balon,balon,125.74,56.28,0,no
1977,79.08,1,robot,Equipo A,29.89,60.5,13384,no
1977,79.08,2,robot,Equipo A,49.9,67.83,13057,no
1977,79.08,3,robot,Equipo B,119.37,62.25,3384,no
1977,79.08,4,robot,Equipo B,154.67,68.79,15102,no
1977,79.08,0,balon,balon,125.74,56.28,0,no
1978,79.12,1,robot,Equipo A,28.3,57.04,13384,no
1978,79.12,2,robot,Equipo A,47.77,68.59,13057,no
1978,79.12,3,robot,Equipo B,119.37,62.25,3384,no
1978,79.12,4,robot,Equipo B,155.22,68.84,15102,no
1978,79.12,0,balon,balon,125.74,56.28,0,no
1979,79.16,1,robot,Equipo A,27.49,54.38,13384,no
1979,79.16,2,robot,Equipo A,45.64,69.38,13057,no
1979,79.16,3,robot,Equipo B,118.82,62.4,3384,no
1979,79.16,4,robot,Equipo B,155.22,68.84,15102,no
1979,79.16,0,balon,balon,125.74,56.28,0,no
1980,79.2,1,robot,Equipo A,29.24,57.69,14515,no
1980,79.2,2,robot,Equipo A,48.92,68.7,11852,no
1980,79.2,3,robot,Equipo B,118.82,62.4,3418,no
1980,79.2,4,robot,Equipo B,155.22,68.84,15216,no
1980,79.2,0,balon,balon,125.74,56.28,0,no
1981,79.24,1,robot,Equipo A,30.59,60.34,14515,no
1981,79.24,2,robot,Equipo A,51.55,68.16,11852,no
1981,79.24,3,robot,Equipo B,118.82,62.4,3418,no
1981,79.24,4,robot,Equipo B,155.22,68.84,15216,no
1981,79.24,0,balon,balon,125.74,56.28,0,no
1982,79.28,1,robot,Equipo A,31.61,62.45,14515,no
1982,79.28,2,robot,Equipo A,53.65,67.73,11852,no
1982,79.28,3,robot,Equipo B,118.82,62.4,3418,no
1982,79.28,4,robot,Equipo B,155.22,68.84,15216,no
1982,79.28,0,balon,balon,125.74,56.28,0,no
1983,79.32,1,robot,Equipo A,32.37,64.15,14515,no
1983,79.32,2,robot,Equipo A,55.33,67.39,11852,no
1983,79.32,3,robot,Equipo B,118.82,62.4,3418,no
1983,79.32,4,robot,Equipo B,155.22,68.84,15216,no
1983,79.32,0,balon,balon,125.74,56.28,0,no
1984,79.36,1,robot,Equipo A,32.93,65.5,14515,no
1984,79.36,2,robot,Equipo A,56.67,67.11,11852,no
1984,79.36,3,robot,Equipo B,118.82,62.4,3418,no
1984,79.36,4,robot,Equipo B,155.22,68.84,15216,no
1984,79.36,0,balon,balon,125.74,56.28,0,no
1985,79.4,1,robot,Equipo A,33.59,66.58,14547,no
1985,79.4,2,robot,Equipo A,57.75,66.89,11880,no
1985,79.4,3,robot,Equipo B,118.82,62.4,3413,no
1985,79.4,4,robot,Equipo B,155.22,68.84,15435,no
1985,79.4,0,balon,balon,125.74,56.28,0,no
1986,79.44,1,robot,Equipo A,34.19,67.45,14547,no
1986,79.44,2,robot,Equipo A,58.61,66.72,11880,no
1986,79.44,3,robot,Equipo B,118.82,62.4,3413,no
1986,79.44,4,robot,Equipo B,155.22,68.84,15435,no
1986,79.44,0,balon,balon,125.74,56.28,0,no
1987,79.48,1,robot,Equipo A,34.71,68.15,14547,no
1987,79.48,2,robot,Equipo A,59.3,66.57,11880,no
1987,79.48,3,robot,Equipo B,118.82,62.4,3413,no
1987,79.48,4,robot,Equipo B,155.22,68.84,15435,no
1987,79.48,0,balon,balon,125.74,56.28,0,no
1988,79.52,1,robot,Equipo A,35.2,68.7,14547,no
1988,79.52,2,robot,Equipo A,59.85,66.46,11880,no
1988,79.52,3,robot,Equipo B,118.82,62.4,3413,no
1988,79.52,4,robot,Equipo B,155.22,68.84,15435,no
1988,79.52,0,balon,balon,125.74,56.28,0,no
1989,79.56,1,robot,Equipo A,35.64,69.14,14547,no
1989,79.56,2,robot,Equipo A,59.85,66.46,11880,no
1989,79.56,3,robot,Equipo B,118.82,62.4,3413,no
1989,79.56,4,robot,Equipo B,155.22,68.84,15435,no
1989,79.56,0,balon,balon,125.74,56.28,0,no
1990,79.6,1,robot,Equipo A,35.64,69.14,14443,no
1990,79.6,2,robot,Equipo A,59.85,66.46,11871,no
1990,79.6,3,robot,Equipo B,118.82,62.4,3414,no
1990,79.6,4,robot,Equipo B,154.38,68.3,10024,no
1990,79.6,0,balon,balon,125.74,56.28,0,no
1991,79.64,1,robot,Equipo A,35.64,69.14,14443,no
1991,79.64,2,robot,Equipo A,59.85,66.46,11871,no
1991,79.64,3,robot,Equipo B,118.82,62.4,3414,no
1991,79.64,4,robot,Equipo B,153.56,67.87,10024,no
1991,79.64,0,balon,balon,125.74,56.28,0,no
1992,79.68,1,robot,Equipo A,35.64,69.14,14443,no
1992,79.68,2,robot,Equipo A,59.85,66.46,11871,no
1992,79.68,3,robot,Equipo B,118.82,62.4,3414,no
1992,79.68,4,robot,Equipo B,152.77,67.53,10024,no
1992,79.68,0,balon,balon,125.74,56.28,0,no
1993,79.72,1,robot,Equipo A,35.64,69.14,14443,no
1993,79.72,2,robot,Equipo A,59.85,66.46,11871,no
1993,79.72,3,robot,Equipo B,118.82,62.4,3414,no
1993,79.72,4,robot,Equipo B,151.99,67.26,10024,no
1993,79.72,0,balon,balon,125.74,56.28,0,no
1994,79.76,1,robot,Equipo A,35.64,69.14,14443,no
1994,79.76,2,robot,Equipo A,59.85,66.46,11871,no
1994,79.76,3,robot,Equipo B,118.82,62.4,3414,no
1994,79.76,4,robot,Equipo B,151.23,67.04,10024,no
1994,79.76,0,balon,balon,125.74,56.28,0,no
1995,79.8,1,robot,Equipo A,35.64,69.14,14460,no
1995,79.8,2,robot,Equipo A,59.85,66.46,11792,no
1995,79.8,3,robot,Equipo B,120.52,62.54,3377,no
1995,79.8,4,robot,Equipo B,151.81,67.35,14299,no
1995,79.8,0,balon,balon,125.74,56.28,0,no
1996,79.84,1,robot,Equipo A,35.64,69.14,14460,no
1996,79.84,2,robot,Equipo A,59.85,66.46,11792,no
1996,79.84,3,robot,Equipo B,121.66,62.57,3377,no
1996,79.84,4,robot,Equipo B,152.42,67.6,14027,no
1996,79.84,0,balon,balon,125.74,56.28,0,no
1997,79.88,1,robot,Equipo A,35.64,69.14,14460,no
1997,79.88,2,robot,Equipo A,59.85,66.46,11792,no
1997,79.88,3,robot,Equipo B,122.35,62.51,3377,no
1997,79.88,4,robot,Equipo B,153.04,67.81,13708,no
1997,79.88,0,balon,balon,125.74,56.28,0,no
1998,79.92,1,robot,Equipo A,35.64,69.14,14460,no
1998,79.92,2,robot,Equipo A,59.85,66.46,11792,no
1998,79.92,3,robot,Equipo B,122.35,62.51,3377,no
1998,79.92,4,robot,Equipo B,153.69,67.94,13392,no
1998,79.92,0,balon,balon,125.74,56.28,0,no
1999,79.96,1,robot,Equipo A,35.64,69.14,14460,no
1999,79.96,2,robot,Equipo A,59.85,66.46,11792,no
1999,79.96,3,robot,Equipo B,122.35,62.51,3377,no
1999,79.96,4,robot,Equipo B,154.31,68.01,13063,no
1999,79.96,0,balon,balon,125.74,56.28,0,no
2000,80.0,1,robot,Equipo A,35.64,69.14,14687,no
2000,80.0,2,robot,Equipo A,59.85,66.46,11870,no
2000,80.0,3,robot,Equipo B,122.35,62.51,0,no
2000,80.0,4,robot,Equipo B,154.31,68.01,15984,no
2000,80.0,0,balon,balon,125.74,56.28,0,no
2001,80.04,1,robot,Equipo A,35.64,69.14,14687,no
2001,80.04,2,robot,Equipo A,59.85,66.46,11870,no
2001,80.04,3,robot,Equipo B,122.35,62.51,0,no
2001,80.04,4,robot,Equipo B,154.31,68.01,16409,no
2001,80.04,0,balon,balon,125.74,56.28,0,no
2002,80.08,1,robot,Equipo A,35.64,69.14,14687,no
2002,80.08,2,robot,Equipo A,59.85,66.46,11870,no
2002,80.08,3,robot,Equipo B,122.35,62.51,0,no
2002,80.08,4,robot,Equipo B,154.31,68.01,15975,no
2002,80.08,0,balon,balon,125.74,56.28,0,no
2003,80.12,1,robot,Equipo A,35.64,69.14,14687,no
2003,80.12,2,robot,Equipo A,59.85,66.46,11870,no
2003,80.12,3,robot,Equipo B,122.35,62.51,0,no
2003,80.12,4,robot,Equipo B,154.31,68.01,15975,no
2003,80.12,0,balon,balon,125.74,56.28,0,no
2004,80.16,1,robot,Equipo A,35.64,69.14,14687,no
2004,80.16,2,robot,Equipo A,59.85,66.46,11870,no
2004,80.16,3,robot,Equipo B,122.35,62.51,0,no
2004,80.16,4,robot,Equipo B,154.31,68.01,15975,no
2004,80.16,0,balon,balon,125.74,56.28,0,no
2005,80.2,1,robot,Equipo A,35.64,69.14,14749,no
2005,80.2,2,robot,Equipo A,59.85,66.46,11834,no
2005,80.2,3,robot,Equipo B,121.62,62.46,3390,no
2005,80.2,4,robot,Equipo B,153.09,68.31,10876,no
2005,80.2,0,balon,balon,125.74,56.28,0,no
2006,80.24,1,robot,Equipo A,35.64,69.14,14749,no
2006,80.24,2,robot,Equipo A,59.85,66.46,11834,no
2006,80.24,3,robot,Equipo B,120.98,62.45,3390,no
2006,80.24,4,robot,Equipo B,152.05,68.57,10876,no
2006,80.24,0,balon,balon,125.74,56.28,0,no
2007,80.28,1,robot,Equipo A,35.64,69.14,14749,no
2007,80.28,2,robot,Equipo A,59.85,66.46,11834,no
2007,80.28,3,robot,Equipo B,120.42,62.47,3390,no
2007,80.28,4,robot,Equipo B,151.16,68.81,10876,no
2007,80.28,0,balon,balon,125.74,56.28,0,no
2008,80.32,1,robot,Equipo A,35.64,69.14,14749,no
2008,80.32,2,robot,Equipo A,59.85,66.46,11834,no
2008,80.32,3,robot,Equipo B,119.91,62.51,3390,no
2008,80.32,4,robot,Equipo B,150.4,69.03,10876,no
2008,80.32,0,balon,balon,125.74,56.28,0,no
2009,80.36,1,robot,Equipo A,35.64,69.14,14749,no
2009,80.36,2,robot,Equipo A,59.85,66.46,11834,no
2009,80.36,3,robot,Equipo B,119.91,62.51,3390,no
2009,80.36,4,robot,Equipo B,149.73,69.24,10876,no
2009,80.36,0,balon,balon,125.74,56.28,0,no
2010,80.4,1,robot,Equipo A,35.64,69.14,0,no
2010,80.4,2,robot,Equipo A,58.19,67.3,25696,no
2010,80.4,3,robot,Equipo B,119.91,62.51,3425,no
2010,80.4,4,robot,Equipo B,149.73,69.24,10605,no
2010,80.4,0,balon,balon,125.74,56.28,0,no
2011,80.44,1,robot,Equipo A,35.64,69.14,0,no
2011,80.44,2,robot,Equipo A,56.98,67.96,26103,no
2011,80.44,3,robot,Equipo B,119.91,62.51,3425,no
2011,80.44,4,robot,Equipo B,149.73,69.24,10605,no
2011,80.44,0,balon,balon,125.74,56.28,0,no
2012,80.48,1,robot,Equipo A,35.64,69.14,0,no
2012,80.48,2,robot,Equipo A,56.12,68.53,26131,no
2012,80.48,3,robot,Equipo B,119.91,62.51,3425,no
2012,80.48,4,robot,Equipo B,149.73,69.24,10478,no
2012,80.48,0,balon,balon,125.74,56.28,0,no
2013,80.52,1,robot,Equipo A,35.64,69.14,0,no
2013,80.52,2,robot,Equipo A,55.55,69.03,25706,no
2013,80.52,3,robot,Equipo B,119.91,62.51,3425,no
2013,80.52,4,robot,Equipo B,149.73,69.24,10389,no
2013,80.52,0,balon,balon,125.74,56.28,0,no
2014,80.56,1,robot,Equipo A,35.64,69.14,0,no
2014,80.56,2,robot,Equipo A,55.18,69.5,25155,no
2014,80.56,3,robot,Equipo B,119.91,62.51,3425,no
2014,80.56,4,robot,Equipo B,149.73,69.24,10264,no
2014,80.56,0,balon,balon,125.74,56.28,0,no
2015,80.6,1,robot,Equipo A,35.64,69.14,0,no
2015,80.6,2,robot,Equipo A,54.34,69.87,26698,no
2015,80.6,3,robot,Equipo B,119.91,62.51,3370,no
2015,80.6,4,robot,Equipo B,150.98,69.31,16989,no
2015,80.6,0,balon,balon,125.74,56.28,0,no
2016,80.64,1,robot,Equipo A,36.81,70.37,14712,no
2016,80.64,2,robot,Equipo A,55.89,69.1,11772,no
2016,80.64,3,robot,Equipo B,119.91,62.51,3370,no
2016,80.64,4,robot,Equipo B,152.03,69.37,16111,no
2016,80.64,0,balon,balon,125.74,56.28,0,no
2017,80.68,1,robot,Equipo A,37.61,71.26,14712,no
2017,80.68,2,robot,Equipo A,57.12,68.48,11772,no
2017,80.68,3,robot,Equipo B,119.91,62.51,3370,no
2017,80.68,4,robot,Equipo B,153.05,69.57,16756,no
2017,80.68,0,balon,balon,125.74,56.28,0,no
2018,80.72,1,robot,Equipo A,38.11,71.88,14712,no
2018,80.72,2,robot,Equipo A,58.1,67.99,11772,no
2018,80.72,3,robot,Equipo B,119.91,62.51,3370,no
2018,80.72,4,robot,Equipo B,153.89,69.75,16119,no
2018,80.72,0,balon,balon,125.74,56.28,0,no
2019,80.76,1,robot,Equipo A,38.11,71.88,14712,no
2019,80.76,2,robot,Equipo A,58.89,67.59,11772,no
2019,80.76,3,robot,Equipo B,119.91,62.51,3370,no
2019,80.76,4,robot,Equipo B,154.62,69.9,15483,no
2019,80.76,0,balon,balon,125.74,56.28,0,no
2020,80.8,1,robot,Equipo A,38.11,71.88,14640,no
2020,80.8,2,robot,Equipo A,59.52,67.28,11785,no
2020,80.8,3,robot,Equipo B,119.91,62.51,3324,no
2020,80.8,4,robot,Equipo B,154.62,69.9,15871,no
2020,80.8,0,balon,balon,125.74,56.28,0,no
2021,80.84,1,robot,Equipo A,37.54,71.81,14640,no
2021,80.84,2,robot,Equipo A,60.03,67.02,11785,no
2021,80.84,3,robot,Equipo B,119.91,62.51,3324,no
2021,80.84,4,robot,Equipo B,154.62,69.9,16303,no
2021,80.84,0,balon,balon,125.74,56.28,0,no
2022,80.88,1,robot,Equipo A,36.97,71.83,14640,no
2022,80.88,2,robot,Equipo A,60.03,67.02,11785,no
2022,80.88,3,robot,Equipo B,119.91,62.51,3324,no
2022,80.88,4,robot,Equipo B,154.62,69.9,16735,no
2022,80.88,0,balon,balon,125.74,56.28,0,no
2023,80.92,1,robot,Equipo A,36.41,71.94,14640,no
2023,80.92,2,robot,Equipo A,60.03,67.02,11785,no
2023,80.92,3,robot,Equipo B,119.91,62.51,3324,no
2023,80.92,4,robot,Equipo B,154.62,69.9,15867,no
2023,80.92,0,balon,balon,125.74,56.28,0,no
2024,80.96,1,robot,Equipo A,35.84,72.11,14640,no
2024,80.96,2,robot,Equipo A,60.03,67.02,11785,no
2024,80.96,3,robot,Equipo B,119.91,62.51,3324,no
2024,80.96,4,robot,Equipo B,154.62,69.9,15867,no
2024,80.96,0,balon,balon,125.74,56.28,0,no
2025,81.0,1,robot,Equipo A,35.84,72.11,14432,no
2025,81.0,2,robot,Equipo A,60.03,67.02,11855,no
2025,81.0,3,robot,Equipo B,119.91,62.51,3342,no
2025,81.0,4,robot,Equipo B,155.12,69.76,14518,no
2025,81.0,0,balon,balon,125.74,56.28,0,no
2026,81.04,1,robot,Equipo A,35.84,72.11,14432,no
2026,81.04,2,robot,Equipo A,60.03,67.02,11855,no
2026,81.04,3,robot,Equipo B,119.91,62.51,3342,no
2026,81.04,4,robot,Equipo B,155.12,69.76,14200,no
2026,81.04,0,balon,balon,125.74,56.28,0,no
2027,81.08,1,robot,Equipo A,35.84,72.11,14432,no
2027,81.08,2,robot,Equipo A,60.03,67.02,11855,no
2027,81.08,3,robot,Equipo B,119.91,62.51,3342,no
2027,81.08,4,robot,Equipo B,155.12,69.76,13875,no
2027,81.08,0,balon,balon,125.74,56.28,0,no
2028,81.12,1,robot,Equipo A,36.12,71.59,14432,no
2028,81.12,2,robot,Equipo A,60.03,67.02,11855,no
2028,81.12,3,robot,Equipo B,119.91,62.51,3342,no
2028,81.12,4,robot,Equipo B,155.63,69.67,13640,no
2028,81.12,0,balon,balon,125.74,56.28,0,no
2029,81.16,1,robot,Equipo A,36.43,71.08,14432,no
2029,81.16,2,robot,Equipo A,60.03,67.02,11855,no
2029,81.16,3,robot,Equipo B,119.91,62.51,3342,no
2029,81.16,4,robot,Equipo B,156.6,69.37,9355,no
2029,81.16,0,balon,balon,125.74,56.28,0,no
2030,81.2,1,robot,Equipo A,36.43,71.08,14482,no
2030,81.2,2,robot,Equipo A,60.03,67.02,11834,no
2030,81.2,3,robot,Equipo B,119.91,62.51,3352,no
2030,81.2,4,robot,Equipo B,154.41,68.82,7817,no
2030,81.2,0,balon,balon,125.74,56.28,0,no
2031,81.24,1,robot,Equipo A,36.43,71.08,14482,no
2031,81.24,2,robot,Equipo A,60.03,67.02,11834,no
2031,81.24,3,robot,Equipo B,119.91,62.51,3352,no
2031,81.24,4,robot,Equipo B,152.43,68.2,7817,no
2031,81.24,0,balon,balon,125.74,56.28,0,no
2032,81.28,1,robot,Equipo A,36.43,71.08,14482,no
2032,81.28,2,robot,Equipo A,60.03,67.02,11834,no
2032,81.28,3,robot,Equipo B,119.91,62.51,3352,no
2032,81.28,4,robot,Equipo B,150.62,67.53,7740,no
2032,81.28,0,balon,balon,125.74,56.28,0,no
2033,81.32,1,robot,Equipo A,36.43,71.08,14482,no
2033,81.32,2,robot,Equipo A,60.03,67.02,11834,no
2033,81.32,3,robot,Equipo B,119.91,62.51,3352,no
2033,81.32,4,robot,Equipo B,148.91,66.85,7497,no
2033,81.32,0,balon,balon,125.74,56.28,0,no
2034,81.36,1,robot,Equipo A,36.43,71.08,14482,no
2034,81.36,2,robot,Equipo A,60.03,67.02,11834,no
2034,81.36,3,robot,Equipo B,119.91,62.51,3352,no
2034,81.36,4,robot,Equipo B,147.18,66.25,6869,no
2034,81.36,0,balon,balon,125.74,56.28,0,no
2035,81.4,1,robot,Equipo A,36.43,71.08,14691,no
2035,81.4,2,robot,Equipo A,60.03,67.02,11840,no
2035,81.4,3,robot,Equipo B,121.82,62.89,5147,no
2035,81.4,4,robot,Equipo B,148.46,65.68,5835,no
2035,81.4,0,balon,balon,125.74,56.28,0,no
2036,81.44,1,robot,Equipo A,36.43,71.08,14691,no
2036,81.44,2,robot,Equipo A,60.03,67.02,11840,no
2036,81.44,3,robot,Equipo B,123.58,63.29,5147,no
2036,81.44,4,robot,Equipo B,149.82,65.26,5909,no
2036,81.44,0,balon,balon,125.74,56.28,0,no
2037,81.48,1,robot,Equipo A,36.43,71.08,14691,no
2037,81.48,2,robot,Equipo A,60.03,67.02,11840,no
2037,81.48,3,robot,Equipo B,125.22,63.69,5147,no
2037,81.48,4,robot,Equipo B,151.28,64.95,6047,no
2037,81.48,0,balon,balon,125.74,56.28,0,no
2038,81.52,1,robot,Equipo A,36.43,71.08,14691,no
2038,81.52,2,robot,Equipo A,60.03,67.02,11840,no
2038,81.52,3,robot,Equipo B,126.75,64.09,5147,no
2038,81.52,4,robot,Equipo B,152.73,64.75,6024,no
2038,81.52,0,balon,balon,125.74,56.28,0,no
2039,81.56,1,robot,Equipo A,36.43,71.08,14691,no
2039,81.56,2,robot,Equipo A,60.03,67.02,11840,no
2039,81.56,3,robot,Equipo B,128.2,64.51,5147,no
2039,81.56,4,robot,Equipo B,154.17,64.69,5997,no
2039,81.56,0,balon,balon,125.74,56.28,0,no
2040,81.6,1,robot,Equipo A,36.43,71.08,14712,no
2040,81.6,2,robot,Equipo A,60.03,67.02,11896,no
2040,81.6,3,robot,Equipo B,128.2,64.51,0,no
2040,81.6,4,robot,Equipo B,147.67,64.11,7545,no
2040,81.6,0,balon,balon,125.74,56.28,0,no
2041,81.64,1,robot,Equipo A,36.43,71.08,14712,no
2041,81.64,2,robot,Equipo A,60.03,67.02,11896,no
2041,81.64,3,robot,Equipo B,128.2,64.51,0,no
2041,81.64,4,robot,Equipo B,142.56,63.66,7545,no
2041,81.64,0,balon,balon,125.74,56.28,0,no
2042,81.68,1,robot,Equipo A,36.43,71.08,14712,no
2042,81.68,2,robot,Equipo A,60.03,67.02,11896,no
2042,81.68,3,robot,Equipo B,128.2,64.51,0,no
2042,81.68,4,robot,Equipo B,138.56,63.29,7545,no
2042,81.68,0,balon,balon,125.74,56.28,0,no
2043,81.72,1,robot,Equipo A,36.43,71.08,14712,no
2043,81.72,2,robot,Equipo A,60.03,67.02,11896,no
2043,81.72,3,robot,Equipo B,128.2,64.51,0,no
2043,81.72,4,robot,Equipo B,135.44,62.99,7545,no
2043,81.72,0,balon,balon,125.74,56.28,0,no
2044,81.76,1,robot,Equipo A,36.43,71.08,14712,no
2044,81.76,2,robot,Equipo A,60.03,67.02,11896,no
2044,81.76,3,robot,Equipo B,128.2,64.51,0,no
2044,81.76,4,robot,Equipo B,133.03,62.76,7545,no
2044,81.76,0,balon,balon,125.74,56.28,0,no
2045,81.8,1,robot,Equipo A,36.43,71.08,14698,no
2045,81.8,2,robot,Equipo A,60.03,67.02,11816,no
2045,81.8,3,robot,Equipo B,126.87,63.97,7158,no
2045,81.8,4,robot,Equipo B,135.81,64.8,1958,no
2045,81.8,0,balon,balon,125.74,56.28,0,no
2046,81.84,1,robot,Equipo A,36.43,71.08,14698,no
2046,81.84,2,robot,Equipo A,60.03,67.02,11816,no
2046,81.84,3,robot,Equipo B,125.75,63.51,7158,no
2046,81.84,4,robot,Equipo B,137.52,66.8,1958,no
2046,81.84,0,balon,balon,125.74,56.28,0,no
2047,81.88,1,robot,Equipo A,36.43,71.08,14698,no
2047,81.88,2,robot,Equipo A,60.03,67.02,11816,no
2047,81.88,3,robot,Equipo B,124.8,63.12,7158,no
2047,81.88,4,robot,Equipo B,138.38,68.78,1958,no
2047,81.88,0,balon,balon,125.74,56.28,0,no
2048,81.92,1,robot,Equipo A,36.43,71.08,14698,no
2048,81.92,2,robot,Equipo A,60.03,67.02,11816,no
2048,81.92,3,robot,Equipo B,123.98,62.77,7158,no
2048,81.92,4,robot,Equipo B,138.55,70.74,1958,no
2048,81.92,0,balon,balon,125.74,56.28,0,no
2049,81.96,1,robot,Equipo A,36.43,71.08,14698,no
2049,81.96,2,robot,Equipo A,60.03,67.02,11816,no
2049,81.96,3,robot,Equipo B,123.27,62.46,7158,no
2049,81.96,4,robot,Equipo B,138.18,72.68,1958,no
2049,81.96,0,balon,balon,125.74,56.28,0,no
2050,82.0,1,robot,Equipo A,36.43,71.08,0,no
2050,82.0,2,robot,Equipo A,58.45,67.43,25493,no
2050,82.0,3,robot,Equipo B,123.27,62.46,7081,no
2050,82.0,4,robot,Equipo B,139.93,72.68,2066,no
2050,82.0,0,balon,balon,125.74,56.28,0,no
2051,82.04,1,robot,Equipo A,36.43,71.08,0,no
2051,82.04,2,robot,Equipo A,57.38,67.75,24974,no
2051,82.04,3,robot,Equipo B,123.27,62.46,7081,no
2051,82.04,4,robot,Equipo B,141.72,72.36,2066,no
2051,82.04,0,balon,balon,125.74,56.28,0,no
2052,82.08,1,robot,Equipo A,36.43,71.08,0,no
2052,82.08,2,robot,Equipo A,56.76,67.98,24411,no
2052,82.08,3,robot,Equipo B,123.27,62.46,7081,no
2052,82.08,4,robot,Equipo B,143.55,71.78,2066,no
2052,82.08,0,balon,balon,125.74,56.28,0,no
2053,82.12,1,robot,Equipo A,36.43,71.08,0,no
2053,82.12,2,robot,Equipo A,56.76,67.98,23491,no
2053,82.12,3,robot,Equipo B,123.27,62.46,7081,no
2053,82.12,4,robot,Equipo B,145.41,71.0,2066,no
2053,82.12,0,balon,balon,125.74,56.28,0,no
2054,82.16,1,robot,Equipo A,36.43,71.08,0,no
2054,82.16,2,robot,Equipo A,56.76,67.98,22271,no
2054,82.16,3,robot,Equipo B,123.27,62.46,7081,no
2054,82.16,4,robot,Equipo B,147.3,70.06,2066,no
2054,82.16,0,balon,balon,125.74,56.28,0,no
2055,82.2,1,robot,Equipo A,36.43,71.08,14485,no
2055,82.2,2,robot,Equipo A,57.82,67.56,11776,no
2055,82.2,3,robot,Equipo B,123.27,62.46,7260,no
2055,82.2,4,robot,Equipo B,147.22,70.64,2004,no
2055,82.2,0,balon,balon,125.74,56.28,0,no
2056,82.24,1,robot,Equipo A,36.43,71.08,14485,no
2056,82.24,2,robot,Equipo A,58.64,67.22,11776,no
2056,82.24,3,robot,Equipo B,123.27,62.46,7260,no
2056,82.24,4,robot,Equipo B,146.85,71.36,2004,no
2056,82.24,0,balon,balon,125.74,56.28,0,no
2057,82.28,1,robot,Equipo A,36.43,71.08,14485,no
2057,82.28,2,robot,Equipo A,59.26,66.95,11776,no
2057,82.28,3,robot,Equipo B,123.27,62.46,7260,no
2057,82.28,4,robot,Equipo B,146.24,72.19,2004,no
2057,82.28,0,balon,balon,125.74,56.28,0,no
2058,82.32,1,robot,Equipo A,36.43,71.08,14485,no
2058,82.32,2,robot,Equipo A,59.73,66.73,11776,no
2058,82.32,3,robot,Equipo B,123.27,62.46,7260,no
2058,82.32,4,robot,Equipo B,145.43,73.12,2004,no
2058,82.32,0,balon,balon,125.74,56.28,0,no
2059,82.36,1,robot,Equipo A,36.43,71.08,14485,no
2059,82.36,2,robot,Equipo A,59.73,66.73,11776,no
2059,82.36,3,robot,Equipo B,123.27,62.46,7260,no
2059,82.36,4,robot,Equipo B,144.48,74.13,2004,no
2059,82.36,0,balon,balon,125.74,56.28,0,no
2060,82.4,1,robot,Equipo A,36.43,71.08,14283,no
2060,82.4,2,robot,Equipo A,59.73,66.73,11802,no
2060,82.4,3,robot,Equipo B,123.27,62.46,7434,no
2060,82.4,4,robot,Equipo B,144.97,73.86,2067,no
2060,82.4,0,balon,balon,125.74,56.28,0,no
2061,82.44,1,robot,Equipo A,36.43,71.08,14283,no
2061,82.44,2,robot,Equipo A,60.23,66.56,11802,no
2061,82.44,3,robot,Equipo B,123.27,62.46,7434,no
2061,82.44,4,robot,Equipo B,145.61,73.45,2067,no
2061,82.44,0,balon,balon,125.74,56.28,0,no
2062,82.48,1,robot,Equipo A,36.43,71.08,14283,no
2062,82.48,2,robot,Equipo A,60.23,66.56,11802,no
2062,82.48,3,robot,Equipo B,123.27,62.46,7434,no
2062,82.48,4,robot,Equipo B,146.38,72.91,2067,no
2062,82.48,0,balon,balon,125.74,56.28,0,no
2063,82.52,1,robot,Equipo A,36.43,71.08,14283,no
2063,82.52,2,robot,Equipo A,60.23,66.56,11802,no
2063,82.52,3,robot,Equipo B,123.27,62.46,7434,no
2063,82.52,4,robot,Equipo B,147.25,72.29,2067,no
2063,82.52,0,balon,balon,125.74,56.28,0,no
2064,82.56,1,robot,Equipo A,36.43,71.08,14283,no
2064,82.56,2,robot,Equipo A,60.23,66.56,11802,no
2064,82.56,3,robot,Equipo B,123.27,62.46,7434,no
2064,82.56,4,robot,Equipo B,148.2,71.58,2067,no
2064,82.56,0,balon,balon,125.74,56.28,0,no
2065,82.6,1,robot,Equipo A,36.43,71.08,14054,no
2065,82.6,2,robot,Equipo A,60.23,66.56,11809,no
2065,82.6,3,robot,Equipo B,123.83,62.45,2342,no
2065,82.6,4,robot,Equipo B,148.2,71.58,0,no
2065,82.6,0,balon,balon,125.74,56.28,0,no
2066,82.64,1,robot,Equipo A,36.43,71.08,14054,no
2066,82.64,2,robot,Equipo A,60.23,66.56,11809,no
2066,82.64,3,robot,Equipo B,124.45,62.47,2342,no
2066,82.64,4,robot,Equipo B,148.2,71.58,0,no
2066,82.64,0,balon,balon,125.74,56.28,0,no
2067,82.68,1,robot,Equipo A,36.43,71.08,14054,no
2067,82.68,2,robot,Equipo A,60.23,66.56,11809,no
2067,82.68,3,robot,Equipo B,125.12,62.51,2342,no
2067,82.68,4,robot,Equipo B,148.2,71.58,0,no
2067,82.68,0,balon,balon,125.74,56.28,0,no
2068,82.72,1,robot,Equipo A,36.43,71.08,14054,no
2068,82.72,2,robot,Equipo A,60.23,66.56,11809,no
2068,82.72,3,robot,Equipo B,125.82,62.58,2342,no
2068,82.72,4,robot,Equipo B,148.2,71.58,0,no
2068,82.72,0,balon,balon,125.74,56.28,0,no
2069,82.76,1,robot,Equipo A,36.43,71.08,14054,no
2069,82.76,2,robot,Equipo A,60.23,66.56,11809,no
2069,82.76,3,robot,Equipo B,126.55,62.66,2342,no
2069,82.76,4,robot,Equipo B,148.2,71.58,0,no
2069,82.76,0,balon,balon,125.74,56.28,0,no
2070,82.8,1,robot,Equipo A,36.43,71.08,13955,no
2070,82.8,2,robot,Equipo A,60.23,66.56,11758,no
2070,82.8,3,robot,Equipo B,126.55,62.66,2329,no
2070,82.8,4,robot,Equipo B,148.2,71.58,2121,no
2070,82.8,0,balon,balon,125.74,56.28,0,no
2071,82.84,1,robot,Equipo A,36.43,71.08,13955,no
2071,82.84,2,robot,Equipo A,60.23,66.56,11758,no
2071,82.84,3,robot,Equipo B,126.55,62.66,2329,no
2071,82.84,4,robot,Equipo B,147.89,72.6,2121,no
2071,82.84,0,balon,balon,125.74,56.28,0,no
2072,82.88,1,robot,Equipo A,36.43,71.08,13955,no
2072,82.88,2,robot,Equipo A,60.23,66.56,11758,no
2072,82.88,3,robot,Equipo B,126.55,62.66,2329,no
2072,82.88,4,robot,Equipo B,147.55,74.2,2121,no
2072,82.88,0,balon,balon,125.74,56.28,0,no
2073,82.92,1,robot,Equipo A,36.43,71.08,13955,no
2073,82.92,2,robot,Equipo A,60.23,66.56,11758,no
2073,82.92,3,robot,Equipo B,126.17,62.29,2329,no
2073,82.92,4,robot,Equipo B,147.19,76.26,2121,no
2073,82.92,0,balon,balon,125.74,56.28,0,no
2074,82.96,1,robot,Equipo A,36.43,71.08,13955,no
2074,82.96,2,robot,Equipo A,60.23,66.56,11758,no
2074,82.96,3,robot,Equipo B,125.76,61.93,2329,no
2074,82.96,4,robot,Equipo B,146.83,78.69,2121,no
2074,82.96,0,balon,balon,125.74,56.28,0,no
2075,83.0,1,robot,Equipo A,36.43,71.08,13668,no
2075,83.0,2,robot,Equipo A,60.23,66.56,11772,no
2075,83.0,3,robot,Equipo B,125.76,61.93,0,no
2075,83.0,4,robot,Equipo B,146.81,77.43,2310,no
2075,83.0,0,balon,balon,125.74,56.28,0,no
2076,83.04,1,robot,Equipo A,36.43,71.08,13668,no
2076,83.04,2,robot,Equipo A,60.23,66.56,11772,no
2076,83.04,3,robot,Equipo B,125.76,61.93,0,no
2076,83.04,4,robot,Equipo B,146.86,75.78,2310,no
2076,83.04,0,balon,balon,125.74,56.28,0,no
2077,83.08,1,robot,Equipo A,36.43,71.08,13668,no
2077,83.08,2,robot,Equipo A,60.23,66.56,11772,no
2077,83.08,3,robot,Equipo B,125.76,61.93,0,no
2077,83.08,4,robot,Equipo B,146.96,73.83,2310,no
2077,83.08,0,balon,balon,125.74,56.28,0,no
2078,83.12,1,robot,Equipo A,36.43,71.08,13668,no
2078,83.12,2,robot,Equipo A,60.23,66.56,11772,no
2078,83.12,3,robot,Equipo B,125.76,61.93,0,no
2078,83.12,4,robot,Equipo B,147.12,71.66,2206,no
2078,83.12,0,balon,balon,125.74,56.28,0,no
2079,83.16,1,robot,Equipo A,36.43,71.08,13668,no
2079,83.16,2,robot,Equipo A,60.23,66.56,11772,no
2079,83.16,3,robot,Equipo B,125.76,61.93,0,no
2079,83.16,4,robot,Equipo B,147.42,69.6,1425,no
2079,83.16,0,balon,balon,125.74,56.28,0,no
2080,83.2,1,robot,Equipo A,36.43,71.08,13486,no
2080,83.2,2,robot,Equipo A,60.23,66.56,11732,no
2080,83.2,3,robot,Equipo B,125.76,61.93,0,no
2080,83.2,4,robot,Equipo B,147.31,70.27,1984,no
2080,83.2,0,balon,balon,125.74,56.28,0,no
2081,83.24,1,robot,Equipo A,36.43,71.08,13486,no
2081,83.24,2,robot,Equipo A,60.23,66.56,11732,no
2081,83.24,3,robot,Equipo B,125.76,61.93,0,no
2081,83.24,4,robot,Equipo B,147.21,71.32,1984,no
2081,83.24,0,balon,balon,125.74,56.28,0,no
2082,83.28,1,robot,Equipo A,36.43,71.08,13486,no
2082,83.28,2,robot,Equipo A,60.23,66.56,11732,no
2082,83.28,3,robot,Equipo B,125.76,61.93,0,no
2082,83.28,4,robot,Equipo B,147.09,72.69,1984,no
2082,83.28,0,balon,balon,125.74,56.28,0,no
2083,83.32,1,robot,Equipo A,36.43,71.08,13486,no
2083,83.32,2,robot,Equipo A,60.23,66.56,11732,no
2083,83.32,3,robot,Equipo B,125.76,61.93,0,no
2083,83.32,4,robot,Equipo B,146.97,74.3,1984,no
2083,83.32,0,balon,balon,125.74,56.28,0,no
2084,83.36,1,robot,Equipo A,36.43,71.08,13486,no
2084,83.36,2,robot,Equipo A,60.23,66.56,11732,no
2084,83.36,3,robot,Equipo B,125.76,61.93,0,no
2084,83.36,4,robot,Equipo B,146.84,76.11,1984,no
2084,83.36,0,balon,balon,125.74,56.28,0,no
2085,83.4,1,robot,Equipo A,36.43,71.08,13485,no
2085,83.4,2,robot,Equipo A,60.23,66.56,11748,no
2085,83.4,3,robot,Equipo B,126.65,60.61,2186,no
2085,83.4,4,robot,Equipo B,146.84,76.11,0,no
2085,83.4,0,balon,balon,125.74,56.28,0,no
2086,83.44,1,robot,Equipo A,36.43,71.08,13485,no
2086,83.44,2,robot,Equipo A,60.23,66.56,11748,no
2086,83.44,3,robot,Equipo B,127.5,59.35,1461,no
2086,83.44,4,robot,Equipo B,146.84,76.11,0,no
2086,83.44,0,balon,balon,125.74,56.28,0,no
2087,83.48,1,robot,Equipo A,36.43,71.08,13485,no
2087,83.48,2,robot,Equipo A,60.23,66.56,11748,no
2087,83.48,3,robot,Equipo B,127.5,59.35,0,no
2087,83.48,4,robot,Equipo B,146.84,76.11,0,no
2087,83.48,0,balon,balon,125.74,56.28,0,no
2088,83.52,1,robot,Equipo A,36.43,71.08,13485,no
2088,83.52,2,robot,Equipo A,60.23,66.56,11748,no
2088,83.52,3,robot,Equipo B,127.5,59.35,0,no
2088,83.52,4,robot,Equipo B,146.84,76.11,0,no
2088,83.52,0,balon,balon,125.74,56.28,0,no
2089,83.56,1,robot,Equipo A,36.43,71.08,13485,no
2089,83.56,2,robot,Equipo A,60.23,66.56,11748,no
2089,83.56,3,robot,Equipo B,127.5,59.35,0,no
2089,83.56,4,robot,Equipo B,146.84,76.11,0,no
2089,83.56,0,balon,balon,125.74,56.28,0,no
2090,83.6,1,robot,Equipo A,36.43,71.08,13577,no
2090,83.6,2,robot,Equipo A,60.23,66.56,11711,no
2090,83.6,3,robot,Equipo B,127.5,59.35,0,no
2090,83.6,4,robot,Equipo B,146.84,76.11,0,no
2090,83.6,0,balon,balon,125.74,56.28,0,no
2091,83.64,1,robot,Equipo A,36.43,71.08,13577,no
2091,83.64,2,robot,Equipo A,60.23,66.56,11711,no
2091,83.64,3,robot,Equipo B,127.5,59.35,0,no
2091,83.64,4,robot,Equipo B,146.84,76.11,0,no
2091,83.64,0,balon,balon,125.74,56.28,0,no
2092,83.68,1,robot,Equipo A,36.43,71.08,13577,no
2092,83.68,2,robot,Equipo A,60.23,66.56,11711,no
2092,83.68,3,robot,Equipo B,127.5,59.35,0,no
2092,83.68,4,robot,Equipo B,146.84,76.11,0,no
2092,83.68,0,balon,balon,125.74,56.28,0,no
2093,83.72,1,robot,Equipo A,36.43,71.08,13577,no
2093,83.72,2,robot,Equipo A,60.23,66.56,11711,no
2093,83.72,3,robot,Equipo B,127.5,59.35,0,no
2093,83.72,4,robot,Equipo B,146.84,76.11,0,no
2093,83.72,0,balon,balon,125.74,56.28,0,no
2094,83.76,1,robot,Equipo A,36.43,71.08,13577,no
2094,83.76,2,robot,Equipo A,60.23,66.56,11711,no
2094,83.76,3,robot,Equipo B,127.5,59.35,0,no
2094,83.76,4,robot,Equipo B,149.77,73.11,2510,no
2094,83.76,0,balon,balon,125.74,56.28,0,no
2095,83.8,1,robot,Equipo A,36.43,71.08,13714,no
2095,83.8,2,robot,Equipo A,60.23,66.56,11703,no
2095,83.8,3,robot,Equipo B,127.5,59.35,0,no
2095,83.8,4,robot,Equipo B,148.63,72.26,8074,no
2095,83.8,0,balon,balon,125.74,56.28,0,no
2096,83.84,1,robot,Equipo A,36.43,71.08,13714,no
2096,83.84,2,robot,Equipo A,60.23,66.56,11703,no
2096,83.84,3,robot,Equipo B,127.5,59.35,0,no
2096,83.84,4,robot,Equipo B,148.03,71.36,7450,no
2096,83.84,0,balon,balon,125.74,56.28,0,no
2097,83.88,1,robot,Equipo A,36.43,71.08,13714,no
2097,83.88,2,robot,Equipo A,60.23,66.56,11703,no
2097,83.88,3,robot,Equipo B,127.5,59.35,0,no
2097,83.88,4,robot,Equipo B,147.84,70.38,6815,no
2097,83.88,0,balon,balon,125.74,56.28,0,no
2098,83.92,1,robot,Equipo A,36.43,71.08,13714,no
2098,83.92,2,robot,Equipo A,60.23,66.56,11703,no
2098,83.92,3,robot,Equipo B,127.5,59.35,0,no
2098,83.92,4,robot,Equipo B,148.05,69.39,5950,no
2098,83.92,0,balon,balon,125.74,56.28,0,no
2099,83.96,1,robot,Equipo A,36.43,71.08,13714,no
2099,83.96,2,robot,Equipo A,60.23,66.56,11703,no
2099,83.96,3,robot,Equipo B,127.5,59.35,0,no
2099,83.96,4,robot,Equipo B,148.58,68.39,5106,no
2099,83.96,0,balon,balon,125.74,56.28,0,no
2100,84.0,1,robot,Equipo A,36.43,71.08,13786,no
2100,84.0,2,robot,Equipo A,60.23,66.56,11769,no
2100,84.0,3,robot,Equipo B,127.5,59.35,0,no
2100,84.0,4,robot,Equipo B,148.58,68.39,9379,no
2100,84.0,0,balon,balon,125.74,56.28,0,no
2101,84.04,1,robot,Equipo A,36.43,71.08,13786,no
2101,84.04,2,robot,Equipo A,60.23,66.56,11769,no
2101,84.04,3,robot,Equipo B,127.5,59.35,0,no
2101,84.04,4,robot,Equipo B,148.58,68.39,9542,no
2101,84.04,0,balon,balon,125.74,56.28,0,no
2102,84.08,1,robot,Equipo A,36.43,71.08,13786,no
2102,84.08,2,robot,Equipo A,60.23,66.56,11769,no
2102,84.08,3,robot,Equipo B,127.5,59.35,0,no
2102,84.08,4,robot,Equipo B,148.58,68.39,9713,no
2102,84.08,0,balon,balon,125.74,56.28,0,no
2103,84.12,1,robot,Equipo A,36.43,71.08,13786,no
2103,84.12,2,robot,Equipo A,60.23,66.56,11769,no
2103,84.12,3,robot,Equipo B,127.5,59.35,0,no
2103,84.12,4,robot,Equipo B,148.58,68.39,9898,no
2103,84.12,0,balon,balon,125.74,56.28,0,no
2104,84.16,1,robot,Equipo A,36.43,71.08,13786,no
2104,84.16,2,robot,Equipo A,60.23,66.56,11769,no
2104,84.16,3,robot,Equipo B,127.5,59.35,0,no
2104,84.16,4,robot,Equipo B,148.58,68.39,10022,no
2104,84.16,0,balon,balon,125.74,56.28,0,no
2105,84.2,1,robot,Equipo A,36.43,71.08,13579,no
2105,84.2,2,robot,Equipo A,60.23,66.56,11757,no
2105,84.2,3,robot,Equipo B,127.5,59.35,0,no
2105,84.2,4,robot,Equipo B,148.58,68.39,0,no
2105,84.2,0,balon,balon,125.74,56.28,0,no
2106,84.24,1,robot,Equipo A,36.43,71.08,13579,no
2106,84.24,2,robot,Equipo A,60.23,66.56,11757,no
2106,84.24,3,robot,Equipo B,127.5,59.35,0,no
2106,84.24,4,robot,Equipo B,148.58,68.39,0,no
2106,84.24,0,balon,balon,125.74,56.28,0,no
2107,84.28,1,robot,Equipo A,36.43,71.08,13579,no
2107,84.28,2,robot,Equipo A,60.23,66.56,11757,no
2107,84.28,3,robot,Equipo B,127.5,59.35,0,no
2107,84.28,4,robot,Equipo B,148.58,68.39,0,no
2107,84.28,0,balon,balon,125.74,56.28,0,no
2108,84.32,1,robot,Equipo A,36.43,71.08,13579,no
2108,84.32,2,robot,Equipo A,60.23,66.56,11757,no
2108,84.32,3,robot,Equipo B,127.5,59.35,0,no
2108,84.32,4,robot,Equipo B,148.58,68.39,0,no
2108,84.32,0,balon,balon,125.74,56.28,0,no
2109,84.36,1,robot,Equipo A,36.43,71.08,13579,no
2109,84.36,2,robot,Equipo A,60.23,66.56,11757,no
2109,84.36,3,robot,Equipo B,127.5,59.35,0,no
2109,84.36,4,robot,Equipo B,148.58,68.39,0,no
2109,84.36,0,balon,balon,125.74,56.28,0,no
2110,84.4,1,robot,Equipo A,36.43,71.08,13674,no
2110,84.4,2,robot,Equipo A,60.23,66.56,11777,no
2110,84.4,3,robot,Equipo B,127.5,59.35,0,no
2110,84.4,4,robot,Equipo B,150.43,68.67,16041,no
2110,84.4,0,balon,balon,125.74,56.28,0,no
2111,84.44,1,robot,Equipo A,36.43,71.08,13674,no
2111,84.44,2,robot,Equipo A,60.23,66.56,11777,no
2111,84.44,3,robot,Equipo B,127.5,59.35,0,no
2111,84.44,4,robot,Equipo B,151.99,68.77,15295,no
2111,84.44,0,balon,balon,125.74,56.28,0,no
2112,84.48,1,robot,Equipo A,36.43,71.08,13674,no
2112,84.48,2,robot,Equipo A,60.23,66.56,11777,no
2112,84.48,3,robot,Equipo B,127.5,59.35,0,no
2112,84.48,4,robot,Equipo B,153.33,68.71,14636,no
2112,84.48,0,balon,balon,125.74,56.28,0,no
2113,84.52,1,robot,Equipo A,36.43,71.08,13674,no
2113,84.52,2,robot,Equipo A,60.23,66.56,11777,no
2113,84.52,3,robot,Equipo B,127.5,59.35,0,no
2113,84.52,4,robot,Equipo B,154.48,68.52,13835,no
2113,84.52,0,balon,balon,125.74,56.28,0,no
2114,84.56,1,robot,Equipo A,36.43,71.08,13674,no
2114,84.56,2,robot,Equipo A,60.23,66.56,11777,no
2114,84.56,3,robot,Equipo B,127.5,59.35,0,no
2114,84.56,4,robot,Equipo B,155.46,68.25,13027,no
2114,84.56,0,balon,balon,125.74,56.28,0,no
2115,84.6,1,robot,Equipo A,36.43,71.08,13756,no
2115,84.6,2,robot,Equipo A,60.23,66.56,11788,no
2115,84.6,3,robot,Equipo B,127.5,59.35,0,no
2115,84.6,4,robot,Equipo B,155.93,68.55,16165,no
2115,84.6,0,balon,balon,125.74,56.28,0,no
2116,84.64,1,robot,Equipo A,36.43,71.08,13756,no
2116,84.64,2,robot,Equipo A,60.23,66.56,11788,no
2116,84.64,3,robot,Equipo B,127.5,59.35,0,no
2116,84.64,4,robot,Equipo B,155.93,68.55,16668,no
2116,84.64,0,balon,balon,125.74,56.28,0,no
2117,84.68,1,robot,Equipo A,36.43,71.08,13756,no
2117,84.68,2,robot,Equipo A,60.23,66.56,11788,no
2117,84.68,3,robot,Equipo B,127.5,59.35,0,no
2117,84.68,4,robot,Equipo B,155.93,68.55,16004,no
2117,84.68,0,balon,balon,125.74,56.28,0,no
2118,84.72,1,robot,Equipo A,36.43,71.08,13756,no
2118,84.72,2,robot,Equipo A,60.23,66.56,11788,no
2118,84.72,3,robot,Equipo B,127.5,59.35,0,no
2118,84.72,4,robot,Equipo B,155.93,68.55,15803,no
2118,84.72,0,balon,balon,125.74,56.28,0,no
2119,84.76,1,robot,Equipo A,36.43,71.08,13756,no
2119,84.76,2,robot,Equipo A,60.23,66.56,11788,no
2119,84.76,3,robot,Equipo B,127.5,59.35,0,no
2119,84.76,4,robot,Equipo B,155.93,68.55,15593,no
2119,84.76,0,balon,balon,125.74,56.28,0,no
2120,84.8,1,robot,Equipo A,36.43,71.08,14093,no
2120,84.8,2,robot,Equipo A,60.23,66.56,11808,no
2120,84.8,3,robot,Equipo B,127.5,59.35,0,no
2120,84.8,4,robot,Equipo B,155.93,68.55,16195,no
2120,84.8,0,balon,balon,125.74,56.28,0,no
2121,84.84,1,robot,Equipo A,36.43,71.08,14093,no
2121,84.84,2,robot,Equipo A,60.23,66.56,11808,no
2121,84.84,3,robot,Equipo B,127.5,59.35,0,no
2121,84.84,4,robot,Equipo B,155.93,68.55,15754,no
2121,84.84,0,balon,balon,125.74,56.28,0,no
2122,84.88,1,robot,Equipo A,36.43,71.08,14093,no
2122,84.88,2,robot,Equipo A,60.23,66.56,11808,no
2122,84.88,3,robot,Equipo B,127.5,59.35,0,no
2122,84.88,4,robot,Equipo B,155.93,68.55,15308,no
2122,84.88,0,balon,balon,125.74,56.28,0,no
2123,84.92,1,robot,Equipo A,36.43,71.08,14093,no
2123,84.92,2,robot,Equipo A,60.23,66.56,11808,no
2123,84.92,3,robot,Equipo B,127.5,59.35,0,no
2123,84.92,4,robot,Equipo B,156.45,68.51,14994,no
2123,84.92,0,balon,balon,125.74,56.28,0,no
2124,84.96,1,robot,Equipo A,36.43,71.08,14093,no
2124,84.96,2,robot,Equipo A,60.23,66.56,11808,no
2124,84.96,3,robot,Equipo B,127.5,59.35,0,no
2124,84.96,4,robot,Equipo B,156.45,68.51,14541,no
2124,84.96,0,balon,balon,125.74,56.28,0,no
2125,85.0,1,robot,Equipo A,36.43,71.08,14210,no
2125,85.0,2,robot,Equipo A,60.23,66.56,11791,no
2125,85.0,3,robot,Equipo B,127.5,59.35,0,no
2125,85.0,4,robot,Equipo B,156.45,68.51,16454,no
2125,85.0,0,balon,balon,125.74,56.28,0,no
2126,85.04,1,robot,Equipo A,36.43,71.08,14210,no
2126,85.04,2,robot,Equipo A,60.23,66.56,11791,no
2126,85.04,3,robot,Equipo B,127.5,59.35,0,no
2126,85.04,4,robot,Equipo B,156.45,68.51,16678,no
2126,85.04,0,balon,balon,125.74,56.28,0,no
2127,85.08,1,robot,Equipo A,36.43,71.08,14210,no
2127,85.08,2,robot,Equipo A,60.23,66.56,11791,no
2127,85.08,3,robot,Equipo B,127.5,59.35,0,no
2127,85.08,4,robot,Equipo B,156.45,68.51,16977,no
2127,85.08,0,balon,balon,125.74,56.28,0,no
2128,85.12,1,robot,Equipo A,36.43,71.08,14210,no
2128,85.12,2,robot,Equipo A,60.23,66.56,11791,no
2128,85.12,3,robot,Equipo B,127.5,59.35,0,no
2128,85.12,4,robot,Equipo B,156.45,68.51,16293,no
2128,85.12,0,balon,balon,125.74,56.28,0,no
2129,85.16,1,robot,Equipo A,36.43,71.08,14210,no
2129,85.16,2,robot,Equipo A,60.23,66.56,11791,no
2129,85.16,3,robot,Equipo B,127.5,59.35,0,no
2129,85.16,4,robot,Equipo B,156.45,68.51,16232,no
2129,85.16,0,balon,balon,125.74,56.28,0,no
2130,85.2,1,robot,Equipo A,36.43,71.08,14372,no
2130,85.2,2,robot,Equipo A,60.23,66.56,11768,no
2130,85.2,3,robot,Equipo B,127.5,59.35,0,no
2130,85.2,4,robot,Equipo B,156.45,68.51,16358,no
2130,85.2,0,balon,balon,125.74,56.28,0,no
2131,85.24,1,robot,Equipo A,36.43,71.08,14372,no
2131,85.24,2,robot,Equipo A,60.23,66.56,11768,no
2131,85.24,3,robot,Equipo B,127.5,59.35,0,no
2131,85.24,4,robot,Equipo B,156.45,68.51,16137,no
2131,85.24,0,balon,balon,125.74,56.28,0,no
2132,85.28,1,robot,Equipo A,36.43,71.08,14372,no
2132,85.28,2,robot,Equipo A,60.23,66.56,11768,no
2132,85.28,3,robot,Equipo B,127.5,59.35,0,no
2132,85.28,4,robot,Equipo B,156.45,68.51,15926,no
2132,85.28,0,balon,balon,125.74,56.28,0,no
2133,85.32,1,robot,Equipo A,36.43,71.08,14372,no
2133,85.32,2,robot,Equipo A,60.23,66.56,11768,no
2133,85.32,3,robot,Equipo B,127.5,59.35,0,no
2133,85.32,4,robot,Equipo B,156.45,68.51,15680,no
2133,85.32,0,balon,balon,125.74,56.28,0,no
2134,85.36,1,robot,Equipo A,36.43,71.08,14372,no
2134,85.36,2,robot,Equipo A,60.23,66.56,11768,no
2134,85.36,3,robot,Equipo B,127.5,59.35,0,no
2134,85.36,4,robot,Equipo B,156.45,68.51,15462,no
2134,85.36,0,balon,balon,125.74,56.28,0,no
2135,85.4,1,robot,Equipo A,32.18,73.01,12744,no
2135,85.4,2,robot,Equipo A,57.42,66.91,12272,no
2135,85.4,3,robot,Equipo B,127.5,59.35,0,no
2135,85.4,4,robot,Equipo B,156.45,68.51,16180,no
2135,85.4,0,balon,balon,125.74,56.28,0,no
2136,85.44,1,robot,Equipo A,28.41,74.61,12744,no
2136,85.44,2,robot,Equipo A,54.89,67.25,12272,no
2136,85.44,3,robot,Equipo B,127.5,59.35,0,no
2136,85.44,4,robot,Equipo B,156.45,68.51,16290,no
2136,85.44,0,balon,balon,125.74,56.28,0,no
2137,85.48,1,robot,Equipo A,25.02,75.95,12744,no
2137,85.48,2,robot,Equipo A,52.58,67.58,12272,no
2137,85.48,3,robot,Equipo B,127.5,59.35,0,no
2137,85.48,4,robot,Equipo B,156.45,68.51,16400,no
2137,85.48,0,balon,balon,125.74,56.28,0,no
2138,85.52,1,robot,Equipo A,21.91,77.12,12800,no
2138,85.52,2,robot,Equipo A,50.45,67.9,12272,no
2138,85.52,3,robot,Equipo B,127.5,59.35,0,no
2138,85.52,4,robot,Equipo B,156.45,68.51,16510,no
2138,85.52,0,balon,balon,125.74,56.28,0,no
2139,85.56,1,robot,Equipo A,19.15,78.04,12278,no
2139,85.56,2,robot,Equipo A,48.46,68.22,12272,no
2139,85.56,3,robot,Equipo B,127.5,59.35,0,no
2139,85.56,4,robot,Equipo B,156.45,68.51,16848,no
2139,85.56,0,balon,balon,125.74,56.28,0,no
2140,85.6,1,robot,Equipo A,22.57,76.59,14126,no
2140,85.6,2,robot,Equipo A,51.18,67.78,11836,no
2140,85.6,3,robot,Equipo B,127.5,59.35,0,no
2140,85.6,4,robot,Equipo B,156.45,68.51,16170,no
2140,85.6,0,balon,balon,125.74,56.28,0,no
2141,85.64,1,robot,Equipo A,25.17,75.49,14126,no
2141,85.64,2,robot,Equipo A,53.35,67.42,11836,no
2141,85.64,3,robot,Equipo B,127.5,59.35,0,no
2141,85.64,4,robot,Equipo B,156.45,68.51,16058,no
2141,85.64,0,balon,balon,125.74,56.28,0,no
2142,85.68,1,robot,Equipo A,27.1,74.66,14126,no
2142,85.68,2,robot,Equipo A,55.09,67.14,11836,no
2142,85.68,3,robot,Equipo B,127.5,59.35,0,no
2142,85.68,4,robot,Equipo B,156.45,68.51,15943,no
2142,85.68,0,balon,balon,125.74,56.28,0,no
2143,85.72,1,robot,Equipo A,28.51,74.06,14126,no
2143,85.72,2,robot,Equipo A,56.49,66.91,11836,no
2143,85.72,3,robot,Equipo B,127.5,59.35,0,no
2143,85.72,4,robot,Equipo B,156.45,68.51,15836,no
2143,85.72,0,balon,balon,125.74,56.28,0,no
2144,85.76,1,robot,Equipo A,29.5,73.63,14126,no
2144,85.76,2,robot,Equipo A,57.6,66.73,11836,no
2144,85.76,3,robot,Equipo B,127.5,59.35,0,no
2144,85.76,4,robot,Equipo B,156.45,68.51,15716,no
2144,85.76,0,balon,balon,125.74,56.28,0,no
2145,85.8,1,robot,Equipo A,26.34,67.49,13910,no
2145,85.8,2,robot,Equipo A,53.3,67.54,14497,no
2145,85.8,3,robot,Equipo B,127.5,59.35,0,no
2145,85.8,4,robot,Equipo B,156.45,68.51,16256,no
2145,85.8,0,balon,balon,125.74,56.28,0,no
2146,85.84,1,robot,Equipo A,23.82,62.57,13910,no
2146,85.84,2,robot,Equipo A,49.98,68.16,14497,no
2146,85.84,3,robot,Equipo B,127.5,59.35,0,no
2146,85.84,4,robot,Equipo B,156.45,68.51,16377,no
2146,85.84,0,balon,balon,125.74,56.28,0,no
2147,85.88,1,robot,Equipo A,21.81,58.63,13910,no
2147,85.88,2,robot,Equipo A,47.44,68.63,14497,no
2147,85.88,3,robot,Equipo B,127.5,59.35,0,no
2147,85.88,4,robot,Equipo B,156.45,68.51,16511,no
2147,85.88,0,balon,balon,125.74,56.28,0,no
2148,85.92,1,robot,Equipo A,20.19,55.49,13910,no
2148,85.92,2,robot,Equipo A,45.51,68.97,14497,no
2148,85.92,3,robot,Equipo B,127.5,59.35,0,no
2148,85.92,4,robot,Equipo B,156.45,68.51,16617,no
2148,85.92,0,balon,balon,125.74,56.28,0,no
2149,85.96,1,robot,Equipo A,18.9,52.97,13910,no
2149,85.96,2,robot,Equipo A,44.09,69.22,14497,no
2149,85.96,3,robot,Equipo B,127.5,59.35,0,no
2149,85.96,4,robot,Equipo B,156.45,68.51,16722,no
2149,85.96,0,balon,balon,125.74,56.28,0,no
2150,86.0,1,robot,Equipo A,17.98,50.78,13214,no
2150,86.0,2,robot,Equipo A,42.47,69.53,14636,no
2150,86.0,3,robot,Equipo B,127.5,59.35,0,no
2150,86.0,4,robot,Equipo B,156.45,68.51,16140,no
2150,86.0,0,balon,balon,125.74,56.28,0,no
2151,86.04,1,robot,Equipo A,17.39,48.97,13214,no
2151,86.04,2,robot,Equipo A,41.06,69.81,14636,no
2151,86.04,3,robot,Equipo B,127.5,59.35,0,no
2151,86.04,4,robot,Equipo B,156.45,68.51,16017,no
2151,86.04,0,balon,balon,125.74,56.28,0,no
2152,86.08,1,robot,Equipo A,17.06,47.47,13214,no
2152,86.08,2,robot,Equipo A,39.82,70.06,14636,no
2152,86.08,3,robot,Equipo B,127.5,59.35,0,no
2152,86.08,4,robot,Equipo B,156.45,68.51,15886,no
2152,86.08,0,balon,balon,125.74,56.28,0,no
2153,86.12,1,robot,Equipo A,16.93,46.21,13214,no
2153,86.12,2,robot,Equipo A,38.71,70.29,14636,no
2153,86.12,3,robot,Equipo B,127.5,59.35,0,no
2153,86.12,4,robot,Equipo B,156.45,68.51,15731,no
2153,86.12,0,balon,balon,125.74,56.28,0,no
2154,86.16,1,robot,Equipo A,16.97,45.14,13214,no
2154,86.16,2,robot,Equipo A,37.71,70.5,14636,no
2154,86.16,3,robot,Equipo B,127.5,59.35,0,no
2154,86.16,4,robot,Equipo B,156.45,68.51,15624,no
2154,86.16,0,balon,balon,125.74,56.28,0,no
2155,86.2,1,robot,Equipo A,16.41,44.67,14256,no
2155,86.2,2,robot,Equipo A,37.71,70.5,14529,no
2155,86.2,3,robot,Equipo B,127.5,59.35,0,no
2155,86.2,4,robot,Equipo B,156.45,68.51,16025,no
2155,86.2,0,balon,balon,125.74,56.28,0,no
2156,86.24,1,robot,Equipo A,15.71,44.34,14256,no
2156,86.24,2,robot,Equipo A,37.71,70.5,14529,no
2156,86.24,3,robot,Equipo B,127.5,59.35,0,no
2156,86.24,4,robot,Equipo B,156.45,68.51,16138,no
2156,86.24,0,balon,balon,125.74,56.28,0,no
2157,86.28,1,robot,Equipo A,14.89,44.14,14256,no
2157,86.28,2,robot,Equipo A,37.71,70.5,14529,no
2157,86.28,3,robot,Equipo B,127.5,59.35,0,no
2157,86.28,4,robot,Equipo B,156.45,68.51,16272,no
2157,86.28,0,balon,balon,125.74,56.28,0,no
2158,86.32,1,robot,Equipo A,13.98,44.04,14256,no
2158,86.32,2,robot,Equipo A,37.71,70.5,14529,no
2158,86.32,3,robot,Equipo B,127.5,59.35,0,no
2158,86.32,4,robot,Equipo B,156.45,68.51,16380,no
2158,86.32,0,balon,balon,125.74,56.28,0,no
2159,86.36,1,robot,Equipo A,13.0,44.01,14256,no
2159,86.36,2,robot,Equipo A,37.71,70.5,14529,no
2159,86.36,3,robot,Equipo B,127.5,59.35,0,no
2159,86.36,4,robot,Equipo B,156.45,68.51,16485,no
2159,86.36,0,balon,balon,125.74,56.28,0,no
2160,86.4,1,robot,Equipo A,13.0,44.01,0,no
2160,86.4,2,robot,Equipo A,39.43,70.07,12808,no
2160,86.4,3,robot,Equipo B,127.5,59.35,0,no
2160,86.4,4,robot,Equipo B,156.45,68.51,15780,no
2160,86.4,0,balon,balon,125.74,56.28,0,no
2161,86.44,1,robot,Equipo A,13.0,44.01,0,no
2161,86.44,2,robot,Equipo A,41.18,69.6,12808,no
2161,86.44,3,robot,Equipo B,127.5,59.35,0,no
2161,86.44,4,robot,Equipo B,156.45,68.51,15662,no
2161,86.44,0,balon,balon,125.74,56.28,0,no
2162,86.48,1,robot,Equipo A,13.0,44.01,0,no
2162,86.48,2,robot,Equipo A,42.95,69.12,12808,no
2162,86.48,3,robot,Equipo B,127.5,59.35,0,no
2162,86.48,4,robot,Equipo B,156.45,68.51,15536,no
2162,86.48,0,balon,balon,125.74,56.28,0,no
2163,86.52,1,robot,Equipo A,13.0,44.01,0,no
2163,86.52,2,robot,Equipo A,44.73,68.61,12808,no
2163,86.52,3,robot,Equipo B,127.5,59.35,0,no
2163,86.52,4,robot,Equipo B,156.45,68.51,15654,no
2163,86.52,0,balon,balon,125.74,56.28,0,no
2164,86.56,1,robot,Equipo A,13.0,44.01,0,no
2164,86.56,2,robot,Equipo A,46.52,68.09,12808,no
2164,86.56,3,robot,Equipo B,127.5,59.35,0,no
2164,86.56,4,robot,Equipo B,156.45,68.51,15537,no
2164,86.56,0,balon,balon,125.74,56.28,0,no
2165,86.6,1,robot,Equipo A,13.0,44.01,0,no
2165,86.6,2,robot,Equipo A,46.52,68.09,12634,no
2165,86.6,3,robot,Equipo B,127.5,59.35,0,no
2165,86.6,4,robot,Equipo B,156.45,68.51,15810,no
2165,86.6,0,balon,balon,125.74,56.28,0,no
2166,86.64,1,robot,Equipo A,13.0,44.01,0,no
2166,86.64,2,robot,Equipo A,46.52,68.09,12634,no
2166,86.64,3,robot,Equipo B,127.5,59.35,0,no
2166,86.64,4,robot,Equipo B,156.45,68.51,15915,no
2166,86.64,0,balon,balon,125.74,56.28,0,no
2167,86.68,1,robot,Equipo A,13.0,44.01,0,no
2167,86.68,2,robot,Equipo A,46.0,68.22,12634,no
2167,86.68,3,robot,Equipo B,127.5,59.35,0,no
2167,86.68,4,robot,Equipo B,156.45,68.51,16020,no
2167,86.68,0,balon,balon,125.74,56.28,0,no
2168,86.72,1,robot,Equipo A,13.0,44.01,0,no
2168,86.72,2,robot,Equipo A,45.33,68.39,12634,no
2168,86.72,3,robot,Equipo B,127.5,59.35,0,no
2168,86.72,4,robot,Equipo B,156.45,68.51,16125,no
2168,86.72,0,balon,balon,125.74,56.28,0,no
2169,86.76,1,robot,Equipo A,13.0,44.01,0,no
2169,86.76,2,robot,Equipo A,44.54,68.58,12634,no
2169,86.76,3,robot,Equipo B,127.5,59.35,0,no
2169,86.76,4,robot,Equipo B,156.45,68.51,16230,no
2169,86.76,0,balon,balon,125.74,56.28,0,no
2170,86.8,1,robot,Equipo A,13.0,44.01,0,no
2170,86.8,2,robot,Equipo A,48.04,68.06,11861,no
2170,86.8,3,robot,Equipo B,127.5,59.35,0,no
2170,86.8,4,robot,Equipo B,156.45,68.51,15740,no
2170,86.8,0,balon,balon,125.74,56.28,0,no
2171,86.84,1,robot,Equipo A,17.31,49.45,14647,no
2171,86.84,2,robot,Equipo A,50.84,67.65,11861,no
2171,86.84,3,robot,Equipo B,127.5,59.35,0,no
2171,86.84,4,robot,Equipo B,156.45,68.51,15636,no
2171,86.84,0,balon,balon,125.74,56.28,0,no
2172,86.88,1,robot,Equipo A,20.48,53.92,14647,no
2172,86.88,2,robot,Equipo A,53.08,67.32,11861,no
2172,86.88,3,robot,Equipo B,127.5,59.35,0,no
2172,86.88,4,robot,Equipo B,156.45,68.51,15532,no
2172,86.88,0,balon,balon,125.74,56.28,0,no
2173,86.92,1,robot,Equipo A,22.73,57.61,14647,no
2173,86.92,2,robot,Equipo A,54.88,67.06,11861,no
2173,86.92,3,robot,Equipo B,127.5,59.35,0,no
2173,86.92,4,robot,Equipo B,156.45,68.51,15426,no
2173,86.92,0,balon,balon,125.74,56.28,0,no
2174,86.96,1,robot,Equipo A,24.25,60.67,14647,no
2174,86.96,2,robot,Equipo A,56.31,66.85,11861,no
2174,86.96,3,robot,Equipo B,127.5,59.35,0,no
2174,86.96,4,robot,Equipo B,156.45,68.51,15311,no
2174,86.96,0,balon,balon,125.74,56.28,0,no
2175,87.0,1,robot,Equipo A,22.15,57.12,13870,no
2175,87.0,2,robot,Equipo A,52.24,67.61,14773,no
2175,87.0,3,robot,Equipo B,127.5,59.35,0,no
2175,87.0,4,robot,Equipo B,156.45,68.51,15431,no
2175,87.0,0,balon,balon,125.74,56.28,0,no
2176,87.04,1,robot,Equipo A,20.61,54.28,13870,no
2176,87.04,2,robot,Equipo A,49.19,68.1,14773,no
2176,87.04,3,robot,Equipo B,127.5,59.35,0,no
2176,87.04,4,robot,Equipo B,156.45,68.51,15534,no
2176,87.04,0,balon,balon,125.74,56.28,0,no
2177,87.08,1,robot,Equipo A,19.52,52.0,13870,no
2177,87.08,2,robot,Equipo A,46.95,68.37,14773,no
2177,87.08,3,robot,Equipo B,127.5,59.35,0,no
2177,87.08,4,robot,Equipo B,156.45,68.51,15637,no
2177,87.08,0,balon,balon,125.74,56.28,0,no
2178,87.12,1,robot,Equipo A,18.79,50.18,13870,no
2178,87.12,2,robot,Equipo A,45.35,68.48,14773,no
2178,87.12,3,robot,Equipo B,127.5,59.35,0,no
2178,87.12,4,robot,Equipo B,156.45,68.51,15740,no
2178,87.12,0,balon,balon,125.74,56.28,0,no
2179,87.16,1,robot,Equipo A,18.34,48.72,13870,no
2179,87.16,2,robot,Equipo A,44.27,68.45,14773,no
2179,87.16,3,robot,Equipo B,127.5,59.35,0,no
2179,87.16,4,robot,Equipo B,156.45,68.51,15843,no
2179,87.16,0,balon,balon,125.74,56.28,0,no
2180,87.2,1,robot,Equipo A,17.42,47.5,13605,no
2180,87.2,2,robot,Equipo A,42.61,68.88,14846,no
2180,87.2,3,robot,Equipo B,127.5,59.35,0,no
2180,87.2,4,robot,Equipo B,156.45,68.51,15624,no
2180,87.2,0,balon,balon,125.74,56.28,0,no
2181,87.24,1,robot,Equipo A,16.63,46.47,13605,no
2181,87.24,2,robot,Equipo A,41.12,69.32,14846,no
2181,87.24,3,robot,Equipo B,127.5,59.35,0,no
2181,87.24,4,robot,Equipo B,156.45,68.51,15384,no
2181,87.24,0,balon,balon,125.74,56.28,0,no
2182,87.28,1,robot,Equipo A,15.94,45.58,13605,no
2182,87.28,2,robot,Equipo A,39.75,69.76,14846,no
2182,87.28,3,robot,Equipo B,127.5,59.35,0,no
2182,87.28,4,robot,Equipo B,156.45,68.51,15161,no
2182,87.28,0,balon,balon,125.74,56.28,0,no
2183,87.32,1,robot,Equipo A,15.33,44.81,13605,no
2183,87.32,2,robot,Equipo A,38.48,70.19,14846,no
2183,87.32,3,robot,Equipo B,127.5,59.35,0,no
2183,87.32,4,robot,Equipo B,156.45,68.51,14936,no
2183,87.32,0,balon,balon,125.74,56.28,0,no
2184,87.36,1,robot,Equipo A,14.79,44.14,13605,no
2184,87.36,2,robot,Equipo A,37.3,70.63,14846,no
2184,87.36,3,robot,Equipo B,127.5,59.35,0,no
2184,87.36,4,robot,Equipo B,156.45,68.51,14608,no
2184,87.36,0,balon,balon,125.74,56.28,0,no
2185,87.4,1,robot,Equipo A,14.79,44.14,0,no
2185,87.4,2,robot,Equipo A,37.3,70.63,14733,no
2185,87.4,3,robot,Equipo B,127.5,59.35,0,no
2185,87.4,4,robot,Equipo B,156.45,68.51,15328,no
2185,87.4,0,balon,balon,125.74,56.28,0,no
2186,87.44,1,robot,Equipo A,14.79,44.14,0,no
2186,87.44,2,robot,Equipo A,37.3,70.63,14733,no
2186,87.44,3,robot,Equipo B,127.5,59.35,0,no
2186,87.44,4,robot,Equipo B,156.45,68.51,15596,no
2186,87.44,0,balon,balon,125.74,56.28,0,no
2187,87.48,1,robot,Equipo A,14.79,44.14,0,no
2187,87.48,2,robot,Equipo A,37.3,70.63,14733,no
2187,87.48,3,robot,Equipo B,127.5,59.35,0,no
2187,87.48,4,robot,Equipo B,156.45,68.51,15868,no
2187,87.48,0,balon,balon,125.74,56.28,0,no
2188,87.52,1,robot,Equipo A,14.79,44.14,0,no
2188,87.52,2,robot,Equipo A,37.3,70.63,14733,no
2188,87.52,3,robot,Equipo B,127.5,59.35,0,no
2188,87.52,4,robot,Equipo B,156.45,68.51,16117,no
2188,87.52,0,balon,balon,125.74,56.28,0,no
2189,87.56,1,robot,Equipo A,14.79,44.14,0,no
2189,87.56,2,robot,Equipo A,37.3,70.63,14733,no
2189,87.56,3,robot,Equipo B,127.5,59.35,0,no
2189,87.56,4,robot,Equipo B,156.45,68.51,16372,no
2189,87.56,0,balon,balon,125.74,56.28,0,no
2190,87.6,1,robot,Equipo A,14.79,44.14,13986,no
2190,87.6,2,robot,Equipo A,37.3,70.63,14870,no
2190,87.6,3,robot,Equipo B,127.5,59.35,0,no
2190,87.6,4,robot,Equipo B,156.45,68.51,15481,no
2190,87.6,0,balon,balon,125.74,56.28,0,no
2191,87.64,1,robot,Equipo A,14.79,44.14,13986,no
2191,87.64,2,robot,Equipo A,37.3,70.63,14870,no
2191,87.64,3,robot,Equipo B,127.5,59.35,0,no
2191,87.64,4,robot,Equipo B,156.45,68.51,15228,no
2191,87.64,0,balon,balon,125.74,56.28,0,no
2192,87.68,1,robot,Equipo A,14.79,44.14,13986,no
2192,87.68,2,robot,Equipo A,36.81,70.74,14870,no
2192,87.68,3,robot,Equipo B,127.5,59.35,0,no
2192,87.68,4,robot,Equipo B,156.45,68.51,15059,no
2192,87.68,0,balon,balon,125.74,56.28,0,no
2193,87.72,1,robot,Equipo A,14.79,44.14,13986,no
2193,87.72,2,robot,Equipo A,36.31,70.89,14870,no
2193,87.72,3,robot,Equipo B,127.5,59.35,0,no
2193,87.72,4,robot,Equipo B,156.45,68.51,14879,no
2193,87.72,0,balon,balon,125.74,56.28,0,no
2194,87.76,1,robot,Equipo A,14.79,44.14,13986,no
2194,87.76,2,robot,Equipo A,35.79,71.07,14870,no
2194,87.76,3,robot,Equipo B,127.5,59.35,0,no
2194,87.76,4,robot,Equipo B,156.45,68.51,14966,no
2194,87.76,0,balon,balon,125.74,56.28,0,no
2195,87.8,1,robot,Equipo A,14.79,44.14,14146,no
2195,87.8,2,robot,Equipo A,35.79,71.07,14889,no
2195,87.8,3,robot,Equipo B,127.5,59.35,0,no
2195,87.8,4,robot,Equipo B,156.45,68.51,15569,no
2195,87.8,0,balon,balon,125.74,56.28,0,no
2196,87.84,1,robot,Equipo A,14.79,44.14,14146,no
2196,87.84,2,robot,Equipo A,35.79,71.07,14889,no
2196,87.84,3,robot,Equipo B,127.5,59.35,0,no
2196,87.84,4,robot,Equipo B,156.45,68.51,15789,no
2196,87.84,0,balon,balon,125.74,56.28,0,no
2197,87.88,1,robot,Equipo A,14.15,43.98,14146,no
2197,87.88,2,robot,Equipo A,35.79,71.07,14889,no
2197,87.88,3,robot,Equipo B,127.5,59.35,0,no
2197,87.88,4,robot,Equipo B,156.45,68.51,16009,no
2197,87.88,0,balon,balon,125.74,56.28,0,no
2198,87.92,1,robot,Equipo A,13.45,43.88,14146,no
2198,87.92,2,robot,Equipo A,35.79,71.07,14889,no
2198,87.92,3,robot,Equipo B,127.5,59.35,0,no
2198,87.92,4,robot,Equipo B,156.45,68.51,16229,no
2198,87.92,0,balon,balon,125.74,56.28,0,no
2199,87.96,1,robot,Equipo A,12.68,43.83,14146,no
2199,87.96,2,robot,Equipo A,35.79,71.07,14889,no
2199,87.96,3,robot,Equipo B,127.5,59.35,0,no
2199,87.96,4,robot,Equipo B,156.45,68.51,16449,no
2199,87.96,0,balon,balon,125.74,56.28,0,no
2200,88.0,1,robot,Equipo A,12.68,43.83,0,no
2200,88.0,2,robot,Equipo A,35.79,71.07,14917,no
2200,88.0,3,robot,Equipo B,127.5,59.35,0,no
2200,88.0,4,robot,Equipo B,156.45,68.51,15709,no
2200,88.0,0,balon,balon,125.74,56.28,0,no
2201,88.04,1,robot,Equipo A,12.68,43.83,0,no
2201,88.04,2,robot,Equipo A,35.79,71.07,14917,no
2201,88.04,3,robot,Equipo B,127.5,59.35,0,no
2201,88.04,4,robot,Equipo B,156.45,68.51,15597,no
2201,88.04,0,balon,balon,125.74,56.28,0,no
2202,88.08,1,robot,Equipo A,12.68,43.83,0,no
2202,88.08,2,robot,Equipo A,35.79,71.07,14917,no
2202,88.08,3,robot,Equipo B,127.5,59.35,0,no
2202,88.08,4,robot,Equipo B,156.45,68.51,15488,no
2202,88.08,0,balon,balon,125.74,56.28,0,no
2203,88.12,1,robot,Equipo A,12.68,43.83,0,no
2203,88.12,2,robot,Equipo A,35.79,71.07,14917,no
2203,88.12,3,robot,Equipo B,127.5,59.35,0,no
2203,88.12,4,robot,Equipo B,156.45,68.51,15357,no
2203,88.12,0,balon,balon,125.74,56.28,0,no
2204,88.16,1,robot,Equipo A,12.68,43.83,0,no
2204,88.16,2,robot,Equipo A,35.79,71.07,14917,no
2204,88.16,3,robot,Equipo B,127.5,59.35,0,no
2204,88.16,4,robot,Equipo B,156.45,68.51,15290,no
2204,88.16,0,balon,balon,125.74,56.28,0,no
2205,88.2,1,robot,Equipo A,12.68,43.83,0,no
2205,88.2,2,robot,Equipo A,35.79,71.07,14870,no
2205,88.2,3,robot,Equipo B,127.5,59.35,0,no
2205,88.2,4,robot,Equipo B,156.45,68.51,16225,no
2205,88.2,0,balon,balon,125.74,56.28,0,no
2206,88.24,1,robot,Equipo A,12.68,43.83,0,no
2206,88.24,2,robot,Equipo A,35.79,71.07,14870,no
2206,88.24,3,robot,Equipo B,127.5,59.35,0,no
2206,88.24,4,robot,Equipo B,156.45,68.51,16335,no
2206,88.24,0,balon,balon,125.74,56.28,0,no
2207,88.28,1,robot,Equipo A,12.68,43.83,0,no
2207,88.28,2,robot,Equipo A,35.79,71.07,14870,no
2207,88.28,3,robot,Equipo B,127.5,59.35,0,no
2207,88.28,4,robot,Equipo B,156.45,68.51,16437,no
2207,88.28,0,balon,balon,125.74,56.28,0,no
2208,88.32,1,robot,Equipo A,12.68,43.83,0,no
2208,88.32,2,robot,Equipo A,35.79,71.07,14870,no
2208,88.32,3,robot,Equipo B,127.5,59.35,0,no
2208,88.32,4,robot,Equipo B,156.45,68.51,16546,no
2208,88.32,0,balon,balon,125.74,56.28,0,no
2209,88.36,1,robot,Equipo A,12.68,43.83,0,no
2209,88.36,2,robot,Equipo A,35.79,71.07,14870,no
2209,88.36,3,robot,Equipo B,127.5,59.35,0,no
2209,88.36,4,robot,Equipo B,156.45,68.51,16655,no
2209,88.36,0,balon,balon,125.74,56.28,0,no
2210,88.4,1,robot,Equipo A,12.68,43.83,13781,no
2210,88.4,2,robot,Equipo A,35.79,71.07,14862,no
2210,88.4,3,robot,Equipo B,127.5,59.35,0,no
2210,88.4,4,robot,Equipo B,156.45,68.51,16858,no
2210,88.4,0,balon,balon,125.74,56.28,0,no
2211,88.44,1,robot,Equipo A,12.68,43.83,13781,no
2211,88.44,2,robot,Equipo A,35.79,71.07,14862,no
2211,88.44,3,robot,Equipo B,127.5,59.35,0,no
2211,88.44,4,robot,Equipo B,156.45,68.51,16747,no
2211,88.44,0,balon,balon,125.74,56.28,0,no
2212,88.48,1,robot,Equipo A,13.15,43.53,13781,no
2212,88.48,2,robot,Equipo A,35.79,71.07,14862,no
2212,88.48,3,robot,Equipo B,127.5,59.35,0,no
2212,88.48,4,robot,Equipo B,156.45,68.51,16636,no
2212,88.48,0,balon,balon,125.74,56.28,0,no
2213,88.52,1,robot,Equipo A,13.66,43.23,13781,no
2213,88.52,2,robot,Equipo A,35.79,71.07,14862,no
2213,88.52,3,robot,Equipo B,127.5,59.35,0,no
2213,88.52,4,robot,Equipo B,156.45,68.51,16539,no
2213,88.52,0,balon,balon,125.74,56.28,0,no
2214,88.56,1,robot,Equipo A,14.22,42.93,13781,no
2214,88.56,2,robot,Equipo A,35.79,71.07,14862,no
2214,88.56,3,robot,Equipo B,127.5,59.35,0,no
2214,88.56,4,robot,Equipo B,156.45,68.51,16423,no
2214,88.56,0,balon,balon,125.74,56.28,0,no
2215,88.6,1,robot,Equipo A,14.22,42.93,0,no
2215,88.6,2,robot,Equipo A,35.79,71.07,14860,no
2215,88.6,3,robot,Equipo B,127.5,59.35,0,no
2215,88.6,4,robot,Equipo B,156.45,68.51,16545,no
2215,88.6,0,balon,balon,125.74,56.28,0,no
2216,88.64,1,robot,Equipo A,14.22,42.93,0,no
2216,88.64,2,robot,Equipo A,35.79,71.07,14860,no
2216,88.64,3,robot,Equipo B,127.5,59.35,0,no
2216,88.64,4,robot,Equipo B,156.45,68.51,16602,no
2216,88.64,0,balon,balon,125.74,56.28,0,no
2217,88.68,1,robot,Equipo A,14.22,42.93,0,no
2217,88.68,2,robot,Equipo A,35.79,71.07,14860,no
2217,88.68,3,robot,Equipo B,127.5,59.35,0,no
2217,88.68,4,robot,Equipo B,156.45,68.51,16725,no
2217,88.68,0,balon,balon,125.74,56.28,0,no
2218,88.72,1,robot,Equipo A,14.22,42.93,0,no
2218,88.72,2,robot,Equipo A,35.79,71.07,14860,no
2218,88.72,3,robot,Equipo B,127.5,59.35,0,no
2218,88.72,4,robot,Equipo B,156.45,68.51,16849,no
2218,88.72,0,balon,balon,125.74,56.28,0,no
2219,88.76,1,robot,Equipo A,14.22,42.93,0,no
2219,88.76,2,robot,Equipo A,35.79,71.07,14860,no
2219,88.76,3,robot,Equipo B,127.5,59.35,0,no
2219,88.76,4,robot,Equipo B,156.45,68.51,16952,no
2219,88.76,0,balon,balon,125.74,56.28,0,no
2220,88.8,1,robot,Equipo A,14.22,42.93,13871,no
2220,88.8,2,robot,Equipo A,35.79,71.07,14857,no
2220,88.8,3,robot,Equipo B,127.5,59.35,0,no
2220,88.8,4,robot,Equipo B,156.45,68.51,16430,no
2220,88.8,0,balon,balon,125.74,56.28,0,no
2221,88.84,1,robot,Equipo A,14.22,42.93,13871,no
2221,88.84,2,robot,Equipo A,35.79,71.07,14857,no
2221,88.84,3,robot,Equipo B,127.5,59.35,0,no
2221,88.84,4,robot,Equipo B,156.45,68.51,16431,no
2221,88.84,0,balon,balon,125.74,56.28,0,no
2222,88.88,1,robot,Equipo A,14.22,42.93,13871,no
2222,88.88,2,robot,Equipo A,35.79,71.07,14857,no
2222,88.88,3,robot,Equipo B,127.5,59.35,0,no
2222,88.88,4,robot,Equipo B,156.45,68.51,16430,no
2222,88.88,0,balon,balon,125.74,56.28,0,no
2223,88.92,1,robot,Equipo A,14.22,42.93,13871,no
2223,88.92,2,robot,Equipo A,35.79,71.07,14857,no
2223,88.92,3,robot,Equipo B,127.5,59.35,0,no
2223,88.92,4,robot,Equipo B,156.45,68.51,16430,no
2223,88.92,0,balon,balon,125.74,56.28,0,no
2224,88.96,1,robot,Equipo A,14.22,42.93,13871,no
2224,88.96,2,robot,Equipo A,35.79,71.07,14857,no
2224,88.96,3,robot,Equipo B,127.5,59.35,0,no
2224,88.96,4,robot,Equipo B,156.45,68.51,16436,no
2224,88.96,0,balon,balon,125.74,56.28,0,no
2225,89.0,1,robot,Equipo A,14.22,42.93,0,no
2225,89.0,2,robot,Equipo A,35.79,71.07,14841,no
2225,89.0,3,robot,Equipo B,127.5,59.35,0,no
2225,89.0,4,robot,Equipo B,156.45,68.51,16573,no
2225,89.0,0,balon,balon,125.74,56.28,0,no
2226,89.04,1,robot,Equipo A,14.22,42.93,0,no
2226,89.04,2,robot,Equipo A,35.79,71.07,14841,no
2226,89.04,3,robot,Equipo B,127.5,59.35,0,no
2226,89.04,4,robot,Equipo B,156.45,68.51,16597,no
2226,89.04,0,balon,balon,125.74,56.28,0,no
2227,89.08,1,robot,Equipo A,14.22,42.93,0,no
2227,89.08,2,robot,Equipo A,35.79,71.07,14841,no
2227,89.08,3,robot,Equipo B,127.5,59.35,0,no
2227,89.08,4,robot,Equipo B,156.45,68.51,16573,no
2227,89.08,0,balon,balon,125.74,56.28,0,no
2228,89.12,1,robot,Equipo A,14.22,42.93,0,no
2228,89.12,2,robot,Equipo A,35.79,71.07,14841,no
2228,89.12,3,robot,Equipo B,127.5,59.35,0,no
2228,89.12,4,robot,Equipo B,156.45,68.51,16637,no
2228,89.12,0,balon,balon,125.74,56.28,0,no
2229,89.16,1,robot,Equipo A,14.22,42.93,0,no
2229,89.16,2,robot,Equipo A,35.79,71.07,14841,no
2229,89.16,3,robot,Equipo B,127.5,59.35,0,no
2229,89.16,4,robot,Equipo B,156.45,68.51,16637,no
2229,89.16,0,balon,balon,125.74,56.28,0,no
2230,89.2,1,robot,Equipo A,14.22,42.93,13624,no
2230,89.2,2,robot,Equipo A,35.79,71.07,14921,no
2230,89.2,3,robot,Equipo B,127.5,59.35,0,no
2230,89.2,4,robot,Equipo B,156.45,68.51,16663,no
2230,89.2,0,balon,balon,125.74,56.28,0,no
2231,89.24,1,robot,Equipo A,14.22,42.93,13624,no
2231,89.24,2,robot,Equipo A,35.79,71.07,14921,no
2231,89.24,3,robot,Equipo B,127.5,59.35,0,no
2231,89.24,4,robot,Equipo B,156.45,68.51,16663,no
2231,89.24,0,balon,balon,125.74,56.28,0,no
2232,89.28,1,robot,Equipo A,14.22,42.93,13624,no
2232,89.28,2,robot,Equipo A,35.79,71.07,14921,no
2232,89.28,3,robot,Equipo B,127.5,59.35,0,no
2232,89.28,4,robot,Equipo B,156.45,68.51,16663,no
2232,89.28,0,balon,balon,125.74,56.28,0,no
2233,89.32,1,robot,Equipo A,14.22,42.93,13624,no
2233,89.32,2,robot,Equipo A,35.79,71.07,14921,no
2233,89.32,3,robot,Equipo B,127.5,59.35,0,no
2233,89.32,4,robot,Equipo B,156.45,68.51,16663,no
2233,89.32,0,balon,balon,125.74,56.28,0,no
2234,89.36,1,robot,Equipo A,14.22,42.93,13624,no
2234,89.36,2,robot,Equipo A,35.79,71.07,14921,no
2234,89.36,3,robot,Equipo B,127.5,59.35,0,no
2234,89.36,4,robot,Equipo B,156.45,68.51,16663,no
2234,89.36,0,balon,balon,125.74,56.28,0,no
2235,89.4,1,robot,Equipo A,14.22,42.93,13116,no
2235,89.4,2,robot,Equipo A,35.79,71.07,14883,no
2235,89.4,3,robot,Equipo B,127.5,59.35,0,no
2235,89.4,4,robot,Equipo B,156.45,68.51,16657,no
2235,89.4,0,balon,balon,125.74,56.28,0,no
2236,89.44,1,robot,Equipo A,14.22,42.93,13116,no
2236,89.44,2,robot,Equipo A,35.79,71.07,14883,no
2236,89.44,3,robot,Equipo B,127.5,59.35,0,no
2236,89.44,4,robot,Equipo B,156.45,68.51,16657,no
2236,89.44,0,balon,balon,125.74,56.28,0,no
2237,89.48,1,robot,Equipo A,14.22,42.93,13116,no
2237,89.48,2,robot,Equipo A,35.79,71.07,14883,no
2237,89.48,3,robot,Equipo B,127.5,59.35,0,no
2237,89.48,4,robot,Equipo B,156.45,68.51,16657,no
2237,89.48,0,balon,balon,125.74,56.28,0,no
2238,89.52,1,robot,Equipo A,14.24,42.35,13116,no
2238,89.52,2,robot,Equipo A,35.79,71.07,14883,no
2238,89.52,3,robot,Equipo B,127.5,59.35,0,no
2238,89.52,4,robot,Equipo B,156.45,68.51,16657,no
2238,89.52,0,balon,balon,125.74,56.28,0,no
2239,89.56,1,robot,Equipo A,14.31,41.7,13116,no
2239,89.56,2,robot,Equipo A,35.79,71.07,14883,no
2239,89.56,3,robot,Equipo B,127.5,59.35,0,no
2239,89.56,4,robot,Equipo B,156.45,68.51,16657,no
2239,89.56,0,balon,balon,125.74,56.28,0,no
2240,89.6,1,robot,Equipo A,14.31,41.7,0,no
2240,89.6,2,robot,Equipo A,35.79,71.07,14980,no
2240,89.6,3,robot,Equipo B,127.5,59.35,0,no
2240,89.6,4,robot,Equipo B,156.45,68.51,16336,no
2240,89.6,0,balon,balon,125.74,56.28,0,no
2241,89.64,1,robot,Equipo A,14.31,41.7,0,no
2241,89.64,2,robot,Equipo A,35.79,71.07,14980,no
2241,89.64,3,robot,Equipo B,127.5,59.35,0,no
2241,89.64,4,robot,Equipo B,156.45,68.51,16336,no
2241,89.64,0,balon,balon,125.74,56.28,0,no
2242,89.68,1,robot,Equipo A,14.31,41.7,0,no
2242,89.68,2,robot,Equipo A,35.79,71.07,14980,no
2242,89.68,3,robot,Equipo B,127.5,59.35,0,no
2242,89.68,4,robot,Equipo B,156.45,68.51,16336,no
2242,89.68,0,balon,balon,125.74,56.28,0,no
2243,89.72,1,robot,Equipo A,14.31,41.7,0,no
2243,89.72,2,robot,Equipo A,35.79,71.07,14980,no
2243,89.72,3,robot,Equipo B,127.5,59.35,0,no
2243,89.72,4,robot,Equipo B,156.45,68.51,16336,no
2243,89.72,0,balon,balon,125.74,56.28,0,no
2244,89.76,1,robot,Equipo A,14.31,41.7,0,no
2244,89.76,2,robot,Equipo A,35.79,71.07,14980,no
2244,89.76,3,robot,Equipo B,127.5,59.35,0,no
2244,89.76,4,robot,Equipo B,156.45,68.51,16336,no
2244,89.76,0,balon,balon,125.74,56.28,0,no
2245,89.8,1,robot,Equipo A,14.31,41.7,0,no
2245,89.8,2,robot,Equipo A,35.79,71.07,14931,no
2245,89.8,3,robot,Equipo B,127.5,59.35,0,no
2245,89.8,4,robot,Equipo B,156.45,68.51,16547,no
2245,89.8,0,balon,balon,125.74,56.28,0,no
2246,89.84,1,robot,Equipo A,14.31,41.7,0,no
2246,89.84,2,robot,Equipo A,35.79,71.07,14931,no
2246,89.84,3,robot,Equipo B,127.5,59.35,0,no
2246,89.84,4,robot,Equipo B,156.45,68.51,16547,no
2246,89.84,0,balon,balon,125.74,56.28,0,no
2247,89.88,1,robot,Equipo A,14.31,41.7,0,no
2247,89.88,2,robot,Equipo A,35.79,71.07,14931,no
2247,89.88,3,robot,Equipo B,127.5,59.35,0,no
2247,89.88,4,robot,Equipo B,156.45,68.51,16547,no
2247,89.88,0,balon,balon,125.74,56.28,0,no
2248,89.92,1,robot,Equipo A,14.31,41.7,0,no
2248,89.92,2,robot,Equipo A,35.79,71.07,14931,no
2248,89.92,3,robot,Equipo B,127.5,59.35,0,no
2248,89.92,4,robot,Equipo B,156.45,68.51,16547,no
2248,89.92,0,balon,balon,125.74,56.28,0,no
2249,89.96,1,robot,Equipo A,14.31,41.7,0,no
2249,89.96,2,robot,Equipo A,35.79,71.07,14931,no
2249,89.96,3,robot,Equipo B,127.5,59.35,0,no
2249,89.96,4,robot,Equipo B,156.45,68.51,16547,no
2249,89.96,0,balon,balon,125.74,56.28,0,no
2250,90.0,1,robot,Equipo A,14.31,41.7,0,no
2250,90.0,2,robot,Equipo A,35.79,71.07,14888,no
2250,90.0,3,robot,Equipo B,127.5,59.35,0,no
2250,90.0,4,robot,Equipo B,155.68,68.32,10294,no
2250,90.0,0,balon,balon,125.74,56.28,0,no
2251,90.04,1,robot,Equipo A,14.31,41.7,0,no
2251,90.04,2,robot,Equipo A,35.79,71.07,14888,no
2251,90.04,3,robot,Equipo B,127.5,59.35,0,no
2251,90.04,4,robot,Equipo B,155.0,68.18,10294,no
2251,90.04,0,balon,balon,125.74,56.28,0,no
2252,90.08,1,robot,Equipo A,14.31,41.7,0,no
2252,90.08,2,robot,Equipo A,35.79,71.07,14888,no
2252,90.08,3,robot,Equipo B,127.5,59.35,0,no
2252,90.08,4,robot,Equipo B,154.4,68.06,10294,no
2252,90.08,0,balon,balon,125.74,56.28,0,no
2253,90.12,1,robot,Equipo A,14.31,41.7,0,no
2253,90.12,2,robot,Equipo A,35.79,71.07,14888,no
2253,90.12,3,robot,Equipo B,127.5,59.35,0,no
2253,90.12,4,robot,Equipo B,153.86,67.97,10294,no
2253,90.12,0,balon,balon,125.74,56.28,0,no
2254,90.16,1,robot,Equipo A,14.31,41.7,0,no
2254,90.16,2,robot,Equipo A,35.79,71.07,14888,no
2254,90.16,3,robot,Equipo B,127.5,59.35,0,no
2254,90.16,4,robot,Equipo B,153.86,67.97,10294,no
2254,90.16,0,balon,balon,125.74,56.28,0,no
2255,90.2,1,robot,Equipo A,14.31,41.7,0,no
2255,90.2,2,robot,Equipo A,35.79,71.07,14866,no
2255,90.2,3,robot,Equipo B,127.5,59.35,0,no
2255,90.2,4,robot,Equipo B,153.86,67.97,10260,no
2255,90.2,0,balon,balon,125.74,56.28,0,no
2256,90.24,1,robot,Equipo A,14.31,41.7,0,no
2256,90.24,2,robot,Equipo A,35.79,71.07,14866,no
2256,90.24,3,robot,Equipo B,127.5,59.35,0,no
2256,90.24,4,robot,Equipo B,153.86,67.97,10260,no
2256,90.24,0,balon,balon,125.74,56.28,0,no
2257,90.28,1,robot,Equipo A,14.31,41.7,0,no
2257,90.28,2,robot,Equipo A,35.79,71.07,14866,no
2257,90.28,3,robot,Equipo B,127.5,59.35,0,no
2257,90.28,4,robot,Equipo B,153.86,67.97,10260,no
2257,90.28,0,balon,balon,125.74,56.28,0,no
2258,90.32,1,robot,Equipo A,14.31,41.7,0,no
2258,90.32,2,robot,Equipo A,35.79,71.07,14866,no
2258,90.32,3,robot,Equipo B,127.5,59.35,0,no
2258,90.32,4,robot,Equipo B,153.86,67.97,10260,no
2258,90.32,0,balon,balon,125.74,56.28,0,no
2259,90.36,1,robot,Equipo A,14.31,41.7,0,no
2259,90.36,2,robot,Equipo A,35.79,71.07,14866,no
2259,90.36,3,robot,Equipo B,127.5,59.35,0,no
2259,90.36,4,robot,Equipo B,153.86,67.97,10260,no
2259,90.36,0,balon,balon,125.74,56.28,0,no
2260,90.4,1,robot,Equipo A,14.31,41.7,0,no
2260,90.4,2,robot,Equipo A,35.79,71.07,14897,no
2260,90.4,3,robot,Equipo B,127.5,59.35,0,no
2260,90.4,4,robot,Equipo B,153.86,67.97,9910,no
2260,90.4,0,balon,balon,125.74,56.28,0,no
2261,90.44,1,robot,Equipo A,14.31,41.7,0,no
2261,90.44,2,robot,Equipo A,35.79,71.07,14897,no
2261,90.44,3,robot,Equipo B,127.5,59.35,0,no
2261,90.44,4,robot,Equipo B,153.86,67.97,9910,no
2261,90.44,0,balon,balon,125.74,56.28,0,no
2262,90.48,1,robot,Equipo A,14.31,41.7,0,no
2262,90.48,2,robot,Equipo A,35.79,71.07,14897,no
2262,90.48,3,robot,Equipo B,127.5,59.35,0,no
2262,90.48,4,robot,Equipo B,153.86,67.97,9910,no
2262,90.48,0,balon,balon,125.74,56.28,0,no
2263,90.52,1,robot,Equipo A,14.31,41.7,0,no
2263,90.52,2,robot,Equipo A,35.79,71.07,14897,no
2263,90.52,3,robot,Equipo B,127.5,59.35,0,no
2263,90.52,4,robot,Equipo B,153.86,67.97,9910,no
2263,90.52,0,balon,balon,125.74,56.28,0,no
2264,90.56,1,robot,Equipo A,14.31,41.7,0,no
2264,90.56,2,robot,Equipo A,35.79,71.07,14897,no
2264,90.56,3,robot,Equipo B,127.5,59.35,0,no
2264,90.56,4,robot,Equipo B,153.86,67.97,9910,no
2264,90.56,0,balon,balon,125.74,56.28,0,no
2265,90.6,1,robot,Equipo A,14.31,41.7,11533,no
2265,90.6,2,robot,Equipo A,35.79,71.07,15060,no
2265,90.6,3,robot,Equipo B,127.5,59.35,0,no
2265,90.6,4,robot,Equipo B,153.86,67.97,10096,no
2265,90.6,0,balon,balon,125.74,56.28,0,no
2266,90.64,1,robot,Equipo A,13.74,42.41,11533,no
2266,90.64,2,robot,Equipo A,35.79,71.07,15060,no
2266,90.64,3,robot,Equipo B,127.5,59.35,0,no
2266,90.64,4,robot,Equipo B,153.86,67.97,10097,no
2266,90.64,0,balon,balon,125.74,56.28,0,no
2267,90.68,1,robot,Equipo A,13.09,43.43,11533,no
2267,90.68,2,robot,Equipo A,35.79,71.07,15060,no
2267,90.68,3,robot,Equipo B,127.5,59.35,0,no
2267,90.68,4,robot,Equipo B,153.86,67.97,10087,no
2267,90.68,0,balon,balon,125.74,56.28,0,no
2268,90.72,1,robot,Equipo A,12.37,44.71,11533,no
2268,90.72,2,robot,Equipo A,35.79,71.07,15060,no
2268,90.72,3,robot,Equipo B,127.5,59.35,0,no
2268,90.72,4,robot,Equipo B,153.86,67.97,10109,no
2268,90.72,0,balon,balon,125.74,56.28,0,no
2269,90.76,1,robot,Equipo A,11.59,46.19,11533,no
2269,90.76,2,robot,Equipo A,35.79,71.07,15060,no
2269,90.76,3,robot,Equipo B,127.5,59.35,0,no
2269,90.76,4,robot,Equipo B,153.86,67.97,10103,no
2269,90.76,0,balon,balon,125.74,56.28,0,no
2270,90.8,1,robot,Equipo A,11.59,46.19,0,no
2270,90.8,2,robot,Equipo A,35.79,71.07,15129,no
2270,90.8,3,robot,Equipo B,127.5,59.35,0,no
2270,90.8,4,robot,Equipo B,153.86,67.97,9956,no
2270,90.8,0,balon,balon,125.74,56.28,0,no
2271,90.84,1,robot,Equipo A,11.59,46.19,0,no
2271,90.84,2,robot,Equipo A,35.79,71.07,15129,no
2271,90.84,3,robot,Equipo B,127.5,59.35,0,no
2271,90.84,4,robot,Equipo B,153.86,67.97,9959,no
2271,90.84,0,balon,balon,125.74,56.28,0,no
2272,90.88,1,robot,Equipo A,11.59,46.19,0,no
2272,90.88,2,robot,Equipo A,35.79,71.07,15129,no
2272,90.88,3,robot,Equipo B,127.5,59.35,0,no
2272,90.88,4,robot,Equipo B,153.86,67.97,9971,no
2272,90.88,0,balon,balon,125.74,56.28,0,no
2273,90.92,1,robot,Equipo A,11.59,46.19,0,no
2273,90.92,2,robot,Equipo A,35.79,71.07,15129,no
2273,90.92,3,robot,Equipo B,127.5,59.35,0,no
2273,90.92,4,robot,Equipo B,153.86,67.97,9975,no
2273,90.92,0,balon,balon,125.74,56.28,0,no
2274,90.96,1,robot,Equipo A,11.59,46.19,0,no
2274,90.96,2,robot,Equipo A,35.79,71.07,15129,no
2274,90.96,3,robot,Equipo B,127.5,59.35,0,no
2274,90.96,4,robot,Equipo B,153.86,67.97,9975,no
2274,90.96,0,balon,balon,125.74,56.28,0,no
2275,91.0,1,robot,Equipo A,11.59,46.19,0,no
2275,91.0,2,robot,Equipo A,35.79,71.07,15195,no
2275,91.0,3,robot,Equipo B,127.5,59.35,0,no
2275,91.0,4,robot,Equipo B,153.86,67.97,10151,no
2275,91.0,0,balon,balon,125.74,56.28,0,no
2276,91.04,1,robot,Equipo A,11.59,46.19,0,no
2276,91.04,2,robot,Equipo A,35.79,71.07,15195,no
2276,91.04,3,robot,Equipo B,127.5,59.35,0,no
2276,91.04,4,robot,Equipo B,153.86,67.97,10046,no
2276,91.04,0,balon,balon,125.74,56.28,0,no
2277,91.08,1,robot,Equipo A,11.59,46.19,0,no
2277,91.08,2,robot,Equipo A,35.79,71.07,15195,no
2277,91.08,3,robot,Equipo B,127.5,59.35,0,no
2277,91.08,4,robot,Equipo B,153.86,67.97,10042,no
2277,91.08,0,balon,balon,125.74,56.28,0,no
2278,91.12,1,robot,Equipo A,11.59,46.19,0,no
2278,91.12,2,robot,Equipo A,35.79,71.07,15195,no
2278,91.12,3,robot,Equipo B,127.5,59.35,0,no
2278,91.12,4,robot,Equipo B,153.86,67.97,9996,no
2278,91.12,0,balon,balon,125.74,56.28,0,no
2279,91.16,1,robot,Equipo A,11.59,46.19,0,no
2279,91.16,2,robot,Equipo A,35.79,71.07,15195,no
2279,91.16,3,robot,Equipo B,127.5,59.35,0,no
2279,91.16,4,robot,Equipo B,153.86,67.97,10001,no
2279,91.16,0,balon,balon,125.74,56.28,0,no
2280,91.2,1,robot,Equipo A,11.59,46.19,0,no
2280,91.2,2,robot,Equipo A,35.79,71.07,15176,no
2280,91.2,3,robot,Equipo B,127.5,59.35,0,no
2280,91.2,4,robot,Equipo B,153.86,67.97,10293,no
2280,91.2,0,balon,balon,125.74,56.28,0,no
2281,91.24,1,robot,Equipo A,11.59,46.19,0,no
2281,91.24,2,robot,Equipo A,35.79,71.07,15176,no
2281,91.24,3,robot,Equipo B,127.5,59.35,0,no
2281,91.24,4,robot,Equipo B,153.86,67.97,10346,no
2281,91.24,0,balon,balon,125.74,56.28,0,no
2282,91.28,1,robot,Equipo A,11.59,46.19,0,no
2282,91.28,2,robot,Equipo A,35.79,71.07,15176,no
2282,91.28,3,robot,Equipo B,127.5,59.35,0,no
2282,91.28,4,robot,Equipo B,153.86,67.97,10413,no
2282,91.28,0,balon,balon,125.74,56.28,0,no
2283,91.32,1,robot,Equipo A,11.59,46.19,0,no
2283,91.32,2,robot,Equipo A,35.79,71.07,15176,no
2283,91.32,3,robot,Equipo B,127.5,59.35,0,no
2283,91.32,4,robot,Equipo B,153.86,67.97,10424,no
2283,91.32,0,balon,balon,125.74,56.28,0,no
2284,91.36,1,robot,Equipo A,11.59,46.19,0,no
2284,91.36,2,robot,Equipo A,35.79,71.07,15176,no
2284,91.36,3,robot,Equipo B,127.5,59.35,0,no
2284,91.36,4,robot,Equipo B,153.86,67.97,10446,no
2284,91.36,0,balon,balon,125.74,56.28,0,no
2285,91.4,1,robot,Equipo A,11.59,46.19,0,no
2285,91.4,2,robot,Equipo A,35.79,71.07,15204,no
2285,91.4,3,robot,Equipo B,127.5,59.35,0,no
2285,91.4,4,robot,Equipo B,153.86,67.97,10338,no
2285,91.4,0,balon,balon,125.74,56.28,0,no
2286,91.44,1,robot,Equipo A,11.59,46.19,0,no
2286,91.44,2,robot,Equipo A,35.79,71.07,15204,no
2286,91.44,3,robot,Equipo B,127.5,59.35,0,no
2286,91.44,4,robot,Equipo B,153.86,67.97,10338,no
2286,91.44,0,balon,balon,125.74,56.28,0,no
2287,91.48,1,robot,Equipo A,11.59,46.19,0,no
2287,91.48,2,robot,Equipo A,35.79,71.07,15204,no
2287,91.48,3,robot,Equipo B,127.5,59.35,0,no
2287,91.48,4,robot,Equipo B,153.86,67.97,10338,no
2287,91.48,0,balon,balon,125.74,56.28,0,no
2288,91.52,1,robot,Equipo A,11.59,46.19,0,no
2288,91.52,2,robot,Equipo A,35.79,71.07,15204,no
2288,91.52,3,robot,Equipo B,127.5,59.35,0,no
2288,91.52,4,robot,Equipo B,153.86,67.97,10338,no
2288,91.52,0,balon,balon,125.74,56.28,0,no
2289,91.56,1,robot,Equipo A,11.59,46.19,0,no
2289,91.56,2,robot,Equipo A,35.79,71.07,15204,no
2289,91.56,3,robot,Equipo B,127.5,59.35,0,no
2289,91.56,4,robot,Equipo B,153.86,67.97,10338,no
2289,91.56,0,balon,balon,125.74,56.28,0,no
2290,91.6,1,robot,Equipo A,11.59,46.19,0,no
2290,91.6,2,robot,Equipo A,35.79,71.07,15140,no
2290,91.6,3,robot,Equipo B,127.5,59.35,0,no
2290,91.6,4,robot,Equipo B,153.86,67.97,0,no
2290,91.6,0,balon,balon,125.74,56.28,0,no
2291,91.64,1,robot,Equipo A,11.59,46.19,0,no
2291,91.64,2,robot,Equipo A,35.79,71.07,15140,no
2291,91.64,3,robot,Equipo B,127.5,59.35,0,no
2291,91.64,4,robot,Equipo B,153.86,67.97,0,no
2291,91.64,0,balon,balon,125.74,56.28,0,no
2292,91.68,1,robot,Equipo A,11.59,46.19,0,no
2292,91.68,2,robot,Equipo A,35.79,71.07,15140,no
2292,91.68,3,robot,Equipo B,127.5,59.35,0,no
2292,91.68,4,robot,Equipo B,153.86,67.97,0,no
2292,91.68,0,balon,balon,125.74,56.28,0,no
2293,91.72,1,robot,Equipo A,11.59,46.19,0,no
2293,91.72,2,robot,Equipo A,35.79,71.07,15140,no
2293,91.72,3,robot,Equipo B,127.5,59.35,0,no
2293,91.72,4,robot,Equipo B,153.86,67.97,0,no
2293,91.72,0,balon,balon,125.74,56.28,0,no
2294,91.76,1,robot,Equipo A,11.59,46.19,0,no
2294,91.76,2,robot,Equipo A,35.79,71.07,15140,no
2294,91.76,3,robot,Equipo B,127.5,59.35,0,no
2294,91.76,4,robot,Equipo B,153.86,67.97,0,no
2294,91.76,0,balon,balon,125.74,56.28,0,no
2295,91.8,1,robot,Equipo A,11.59,46.19,0,no
2295,91.8,2,robot,Equipo A,35.79,71.07,14991,no
2295,91.8,3,robot,Equipo B,127.5,59.35,0,no
2295,91.8,4,robot,Equipo B,153.86,67.97,0,no
2295,91.8,0,balon,balon,125.74,56.28,0,no
2296,91.84,1,robot,Equipo A,11.59,46.19,0,no
2296,91.84,2,robot,Equipo A,35.79,71.07,14991,no
2296,91.84,3,robot,Equipo B,127.5,59.35,0,no
2296,91.84,4,robot,Equipo B,153.86,67.97,0,no
2296,91.84,0,balon,balon,125.74,56.28,0,no
2297,91.88,1,robot,Equipo A,11.59,46.19,0,no
2297,91.88,2,robot,Equipo A,35.79,71.07,14991,no
2297,91.88,3,robot,Equipo B,127.5,59.35,0,no
2297,91.88,4,robot,Equipo B,153.86,67.97,0,no
2297,91.88,0,balon,balon,125.74,56.28,0,no
2298,91.92,1,robot,Equipo A,11.59,46.19,0,no
2298,91.92,2,robot,Equipo A,35.79,71.07,14991,no
2298,91.92,3,robot,Equipo B,127.5,59.35,0,no
2298,91.92,4,robot,Equipo B,153.86,67.97,0,no
2298,91.92,0,balon,balon,125.74,56.28,0,no
2299,91.96,1,robot,Equipo A,11.59,46.19,0,no
2299,91.96,2,robot,Equipo A,35.79,71.07,14991,no
2299,91.96,3,robot,Equipo B,127.5,59.35,0,no
2299,91.96,4,robot,Equipo B,153.86,67.97,0,no
2299,91.96,0,balon,balon,125.74,56.28,0,no
2300,92.0,1,robot,Equipo A,11.59,46.19,0,no
2300,92.0,2,robot,Equipo A,35.79,71.07,15080,no
2300,92.0,3,robot,Equipo B,127.5,59.35,0,no
2300,92.0,4,robot,Equipo B,153.86,67.97,0,no
2300,92.0,0,balon,balon,125.74,56.28,0,no
2301,92.04,1,robot,Equipo A,11.59,46.19,0,no
2301,92.04,2,robot,Equipo A,35.79,71.07,15080,no
2301,92.04,3,robot,Equipo B,127.5,59.35,0,no
2301,92.04,4,robot,Equipo B,153.86,67.97,0,no
2301,92.04,0,balon,balon,125.74,56.28,0,no
2302,92.08,1,robot,Equipo A,11.59,46.19,0,no
2302,92.08,2,robot,Equipo A,35.79,71.07,15080,no
2302,92.08,3,robot,Equipo B,127.5,59.35,0,no
2302,92.08,4,robot,Equipo B,153.86,67.97,0,no
2302,92.08,0,balon,balon,125.74,56.28,0,no
2303,92.12,1,robot,Equipo A,11.59,46.19,0,no
2303,92.12,2,robot,Equipo A,35.79,71.07,15080,no
2303,92.12,3,robot,Equipo B,127.5,59.35,0,no
2303,92.12,4,robot,Equipo B,153.86,67.97,0,no
2303,92.12,0,balon,balon,125.74,56.28,0,no
2304,92.16,1,robot,Equipo A,11.59,46.19,0,no
2304,92.16,2,robot,Equipo A,35.79,71.07,15080,no
2304,92.16,3,robot,Equipo B,127.5,59.35,0,no
2304,92.16,4,robot,Equipo B,153.86,67.97,0,no
2304,92.16,0,balon,balon,128.19,51.49,417,no
2305,92.2,1,robot,Equipo A,11.59,46.19,0,no
2305,92.2,2,robot,Equipo A,35.79,71.07,15124,no
2305,92.2,3,robot,Equipo B,127.78,58.52,2941,no
2305,92.2,4,robot,Equipo B,153.86,67.97,0,no
2305,92.2,0,balon,balon,128.19,51.49,0,no
2306,92.24,1,robot,Equipo A,11.59,46.19,0,no
2306,92.24,2,robot,Equipo A,35.79,71.07,15124,no
2306,92.24,3,robot,Equipo B,127.78,58.52,2008,no
2306,92.24,4,robot,Equipo B,153.86,67.97,0,no
2306,92.24,0,balon,balon,128.19,51.49,0,no
2307,92.28,1,robot,Equipo A,11.59,46.19,0,no
2307,92.28,2,robot,Equipo A,35.79,71.07,15124,no
2307,92.28,3,robot,Equipo B,127.78,58.52,1290,no
2307,92.28,4,robot,Equipo B,154.17,66.68,2397,no
2307,92.28,0,balon,balon,128.19,51.49,0,no
2308,92.32,1,robot,Equipo A,11.59,46.19,0,no
2308,92.32,2,robot,Equipo A,35.79,71.07,15124,no
2308,92.32,3,robot,Equipo B,127.78,58.52,0,no
2308,92.32,4,robot,Equipo B,154.67,66.4,2891,no
2308,92.32,0,balon,balon,128.19,51.49,0,no
2309,92.36,1,robot,Equipo A,11.59,46.19,0,no
2309,92.36,2,robot,Equipo A,35.79,71.07,15124,no
2309,92.36,3,robot,Equipo B,127.78,58.52,0,no
2309,92.36,4,robot,Equipo B,154.67,66.4,4735,no
2309,92.36,0,balon,balon,128.19,51.49,0,no
2310,92.4,1,robot,Equipo A,11.59,46.19,0,no
2310,92.4,2,robot,Equipo A,35.79,71.07,14882,no
2310,92.4,3,robot,Equipo B,126.68,58.72,3321,no
2310,92.4,4,robot,Equipo B,153.01,67.22,3197,no
2310,92.4,0,balon,balon,128.19,51.49,0,no
2311,92.44,1,robot,Equipo A,11.59,46.19,0,no
2311,92.44,2,robot,Equipo A,35.79,71.07,14882,no
2311,92.44,3,robot,Equipo B,125.54,59.05,3454,no
2311,92.44,4,robot,Equipo B,151.42,68.08,3220,no
2311,92.44,0,balon,balon,128.19,51.49,0,no
2312,92.48,1,robot,Equipo A,11.59,46.19,0,no
2312,92.48,2,robot,Equipo A,35.79,71.07,14882,no
2312,92.48,3,robot,Equipo B,124.37,59.43,3562,no
2312,92.48,4,robot,Equipo B,149.89,68.99,3220,no
2312,92.48,0,balon,balon,128.19,51.49,0,no
2313,92.52,1,robot,Equipo A,11.59,46.19,0,no
2313,92.52,2,robot,Equipo A,35.79,71.07,14882,no
2313,92.52,3,robot,Equipo B,123.16,59.91,3572,no
2313,92.52,4,robot,Equipo B,148.42,69.96,3220,no
2313,92.52,0,balon,balon,128.19,51.49,0,no
2314,92.56,1,robot,Equipo A,11.59,46.19,0,no
2314,92.56,2,robot,Equipo A,35.79,71.07,14882,no
2314,92.56,3,robot,Equipo B,121.9,60.46,3572,no
2314,92.56,4,robot,Equipo B,146.98,70.96,3220,no
2314,92.56,0,balon,balon,128.19,51.49,0,no
2315,92.6,1,robot,Equipo A,11.59,46.19,0,no
2315,92.6,2,robot,Equipo A,35.79,71.07,13423,no
2315,92.6,3,robot,Equipo B,121.12,60.56,5670,no
2315,92.6,4,robot,Equipo B,146.98,70.96,2799,no
2315,92.6,0,balon,balon,128.19,51.49,0,no
2316,92.64,1,robot,Equipo A,11.59,46.19,0,no
2316,92.64,2,robot,Equipo A,35.79,71.07,13423,no
2316,92.64,3,robot,Equipo B,120.5,60.56,5555,no
2316,92.64,4,robot,Equipo B,146.98,70.96,2769,no
2316,92.64,0,balon,balon,128.19,51.49,0,no
2317,92.68,1,robot,Equipo A,11.59,46.19,0,no
2317,92.68,2,robot,Equipo A,35.79,71.07,13423,no
2317,92.68,3,robot,Equipo B,120.5,60.56,5549,no
2317,92.68,4,robot,Equipo B,146.98,70.96,2807,no
2317,92.68,0,balon,balon,128.19,51.49,0,no
2318,92.72,1,robot,Equipo A,11.59,46.19,0,no
2318,92.72,2,robot,Equipo A,35.79,71.07,13423,no
2318,92.72,3,robot,Equipo B,120.5,60.56,5484,no
2318,92.72,4,robot,Equipo B,147.56,70.61,2815,no
2318,92.72,0,balon,balon,128.19,51.49,0,no
2319,92.76,1,robot,Equipo A,11.59,46.19,0,no
2319,92.76,2,robot,Equipo A,35.79,71.07,13423,no
2319,92.76,3,robot,Equipo B,120.5,60.56,5540,no
2319,92.76,4,robot,Equipo B,148.25,70.18,2815,no
2319,92.76,0,balon,balon,128.19,51.49,0,no
2320,92.8,1,robot,Equipo A,11.59,46.19,0,no
2320,92.8,2,robot,Equipo A,35.23,70.93,13357,no
2320,92.8,3,robot,Equipo B,120.5,60.56,4724,no
2320,92.8,4,robot,Equipo B,148.25,70.18,2448,no
2320,92.8,0,balon,balon,128.19,51.49,0,no
2321,92.84,1,robot,Equipo A,11.59,46.19,0,no
2321,92.84,2,robot,Equipo A,34.73,70.75,13357,no
2321,92.84,3,robot,Equipo B,120.5,60.56,4720,no
2321,92.84,4,robot,Equipo B,147.7,70.59,2454,no
2321,92.84,0,balon,balon,128.19,51.49,0,no
2322,92.88,1,robot,Equipo A,11.59,46.19,0,no
2322,92.88,2,robot,Equipo A,34.73,70.75,13357,no
2322,92.88,3,robot,Equipo B,120.5,60.56,4665,no
2322,92.88,4,robot,Equipo B,147.06,71.03,2454,no
2322,92.88,0,balon,balon,128.19,51.49,0,no
2323,92.92,1,robot,Equipo A,11.59,46.19,0,no
2323,92.92,2,robot,Equipo A,34.22,70.5,13357,no
2323,92.92,3,robot,Equipo B,120.17,61.01,4614,no
2323,92.92,4,robot,Equipo B,146.35,71.5,2454,no
2323,92.92,0,balon,balon,128.19,51.49,0,no
2324,92.96,1,robot,Equipo A,11.59,46.19,0,no
2324,92.96,2,robot,Equipo A,33.75,70.24,13357,no
2324,92.96,3,robot,Equipo B,119.88,61.46,4506,no
2324,92.96,4,robot,Equipo B,145.58,71.99,2454,no
2324,92.96,0,balon,balon,128.19,51.49,0,no
2325,93.0,1,robot,Equipo A,14.57,51.05,8219,no
2325,93.0,2,robot,Equipo A,39.38,69.33,11650,no
2325,93.0,3,robot,Equipo B,119.88,61.46,2908,no
2325,93.0,4,robot,Equipo B,145.58,71.99,2562,no
2325,93.0,0,balon,balon,128.19,51.49,0,no
2326,93.04,1,robot,Equipo A,16.79,55.0,8219,no
2326,93.04,2,robot,Equipo A,43.89,68.61,11650,no
2326,93.04,3,robot,Equipo B,119.88,61.46,2534,no
2326,93.04,4,robot,Equipo B,145.58,71.99,2542,no
2326,93.04,0,balon,balon,128.19,51.49,0,no
2327,93.08,1,robot,Equipo A,18.39,58.21,8219,no
2327,93.08,2,robot,Equipo A,47.49,68.03,11650,no
2327,93.08,3,robot,Equipo B,120.33,61.71,2032,no
2327,93.08,4,robot,Equipo B,146.13,71.63,2574,no
2327,93.08,0,balon,balon,128.19,51.49,0,no
2328,93.12,1,robot,Equipo A,19.5,60.84,8219,no
2328,93.12,2,robot,Equipo A,50.38,67.57,11650,no
2328,93.12,3,robot,Equipo B,120.8,61.96,1724,no
2328,93.12,4,robot,Equipo B,146.74,71.23,2574,no
2328,93.12,0,balon,balon,128.19,51.49,0,no
2329,93.16,1,robot,Equipo A,20.22,63.0,8219,no
2329,93.16,2,robot,Equipo A,52.68,67.2,11650,no
2329,93.16,3,robot,Equipo B,120.8,61.96,0,no
2329,93.16,4,robot,Equipo B,147.4,70.79,2574,no
2329,93.16,0,balon,balon,128.19,51.49,0,no
2330,93.2,1,robot,Equipo A,20.71,63.75,11570,no
2330,93.2,2,robot,Equipo A,54.56,66.85,11587,no
2330,93.2,3,robot,Equipo B,120.8,61.96,3093,no
2330,93.2,4,robot,Equipo B,147.4,70.79,2755,no
2330,93.2,0,balon,balon,128.19,51.49,0,no
2331,93.24,1,robot,Equipo A,21.07,64.14,11570,no
2331,93.24,2,robot,Equipo A,56.05,66.53,11587,no
2331,93.24,3,robot,Equipo B,120.8,61.96,3274,no
2331,93.24,4,robot,Equipo B,147.4,70.79,2771,no
2331,93.24,0,balon,balon,128.19,51.49,0,no
2332,93.28,1,robot,Equipo A,21.07,64.14,11570,no
2332,93.28,2,robot,Equipo A,57.25,66.26,11587,no
2332,93.28,3,robot,Equipo B,120.8,61.96,3323,no
2332,93.28,4,robot,Equipo B,147.4,70.79,2771,no
2332,93.28,0,balon,balon,128.19,51.49,0,no
2333,93.32,1,robot,Equipo A,21.07,64.14,11570,no
2333,93.32,2,robot,Equipo A,58.21,66.0,11587,no
2333,93.32,3,robot,Equipo B,120.8,61.96,3347,no
2333,93.32,4,robot,Equipo B,146.82,71.05,2771,no
2333,93.32,0,balon,balon,128.19,51.49,0,no
2334,93.36,1,robot,Equipo A,21.07,64.14,11570,no
2334,93.36,2,robot,Equipo A,58.98,65.78,11587,no
2334,93.36,3,robot,Equipo B,120.8,61.96,3365,no
2334,93.36,4,robot,Equipo B,146.21,71.34,2771,no
2334,93.36,0,balon,balon,128.19,51.49,0,no
2335,93.4,1,robot,Equipo A,21.07,64.14,14169,no
2335,93.4,2,robot,Equipo A,59.59,65.68,11595,no
2335,93.4,3,robot,Equipo B,120.8,61.96,3164,no
2335,93.4,4,robot,Equipo B,146.21,71.34,2910,no
2335,93.4,0,balon,balon,128.19,51.49,0,no
2336,93.44,1,robot,Equipo A,21.07,64.14,14169,no
2336,93.44,2,robot,Equipo A,59.59,65.68,11595,no
2336,93.44,3,robot,Equipo B,120.8,61.96,2933,no
2336,93.44,4,robot,Equipo B,146.21,71.34,2895,no
2336,93.44,0,balon,balon,128.19,51.49,0,no
2337,93.48,1,robot,Equipo A,21.07,64.14,14169,no
2337,93.48,2,robot,Equipo A,59.59,65.68,11595,no
2337,93.48,3,robot,Equipo B,120.8,61.96,2704,no
2337,93.48,4,robot,Equipo B,146.21,71.34,2912,no
2337,93.48,0,balon,balon,128.19,51.49,0,no
2338,93.52,1,robot,Equipo A,20.65,64.63,14169,no
2338,93.52,2,robot,Equipo A,59.59,65.68,11595,no
2338,93.52,3,robot,Equipo B,120.8,61.96,2494,no
2338,93.52,4,robot,Equipo B,146.63,70.88,2926,no
2338,93.52,0,balon,balon,128.19,51.49,0,no
2339,93.56,1,robot,Equipo A,20.23,65.14,14169,no
2339,93.56,2,robot,Equipo A,59.59,65.68,11595,no
2339,93.56,3,robot,Equipo B,121.09,61.44,2275,no
2339,93.56,4,robot,Equipo B,147.09,70.43,2926,no
2339,93.56,0,balon,balon,128.19,51.49,0,no
2340,93.6,1,robot,Equipo A,20.23,65.14,11908,no
2340,93.6,2,robot,Equipo A,60.11,65.6,11610,no
2340,93.6,3,robot,Equipo B,121.09,61.44,2646,no
2340,93.6,4,robot,Equipo B,147.09,70.43,3096,no
2340,93.6,0,balon,balon,128.19,51.49,0,no
2341,93.64,1,robot,Equipo A,20.23,65.14,11908,no
2341,93.64,2,robot,Equipo A,60.11,65.6,11610,no
2341,93.64,3,robot,Equipo B,121.09,61.44,2725,no
2341,93.64,4,robot,Equipo B,147.09,70.43,3088,no
2341,93.64,0,balon,balon,128.19,51.49,0,no
2342,93.68,1,robot,Equipo A,20.23,65.14,11908,no
2342,93.68,2,robot,Equipo A,60.11,65.6,11610,no
2342,93.68,3,robot,Equipo B,121.09,61.44,2740,no
2342,93.68,4,robot,Equipo B,147.09,70.43,3043,no
2342,93.68,0,balon,balon,128.19,51.49,0,no
2343,93.72,1,robot,Equipo A,20.23,65.14,11908,no
2343,93.72,2,robot,Equipo A,60.11,65.6,11610,no
2343,93.72,3,robot,Equipo B,121.09,61.44,2619,no
2343,93.72,4,robot,Equipo B,147.09,70.43,2934,no
2343,93.72,0,balon,balon,128.19,51.49,0,no
2344,93.76,1,robot,Equipo A,20.1,64.59,11908,no
2344,93.76,2,robot,Equipo A,60.11,65.6,11610,no
2344,93.76,3,robot,Equipo B,121.09,61.44,2498,no
2344,93.76,4,robot,Equipo B,147.09,70.43,2813,no
2344,93.76,0,balon,balon,128.19,51.49,0,no
2345,93.8,1,robot,Equipo A,19.36,64.33,12264,no
2345,93.8,2,robot,Equipo A,60.11,65.6,11615,no
2345,93.8,3,robot,Equipo B,121.09,61.44,3012,no
2345,93.8,4,robot,Equipo B,147.09,70.43,2299,no
2345,93.8,0,balon,balon,128.19,51.49,0,no
2346,93.84,1,robot,Equipo A,18.58,64.23,11630,no
2346,93.84,2,robot,Equipo A,60.11,65.6,11615,no
2346,93.84,3,robot,Equipo B,121.09,61.44,3453,no
2346,93.84,4,robot,Equipo B,147.09,70.43,2303,no
2346,93.84,0,balon,balon,128.19,51.49,0,no
2347,93.88,1,robot,Equipo A,17.81,64.21,11640,no
2347,93.88,2,robot,Equipo A,60.11,65.6,11615,no
2347,93.88,3,robot,Equipo B,121.09,61.44,3453,no
2347,93.88,4,robot,Equipo B,147.09,70.43,2303,no
2347,93.88,0,balon,balon,128.19,51.49,0,no
2348,93.92,1,robot,Equipo A,17.08,64.28,11691,no
2348,93.92,2,robot,Equipo A,60.11,65.6,11615,no
2348,93.92,3,robot,Equipo B,121.24,60.94,3453,no
2348,93.92,4,robot,Equipo B,147.36,70.87,2303,no
2348,93.92,0,balon,balon,128.19,51.49,0,no
2349,93.96,1,robot,Equipo A,16.36,64.4,11753,no
2349,93.96,2,robot,Equipo A,60.11,65.6,11615,no
2349,93.96,3,robot,Equipo B,121.24,60.94,3453,no
2349,93.96,4,robot,Equipo B,147.67,71.29,2303,no
2349,93.96,0,balon,balon,128.19,51.49,0,no
2350,94.0,1,robot,Equipo A,16.36,64.4,11280,no
2350,94.0,2,robot,Equipo A,60.11,65.6,11636,no
2350,94.0,3,robot,Equipo B,121.24,60.94,0,no
2350,94.0,4,robot,Equipo B,147.67,71.29,0,no
2350,94.0,0,balon,balon,128.19,51.49,0,no
2351,94.04,1,robot,Equipo A,16.36,64.4,10873,no
2351,94.04,2,robot,Equipo A,60.11,65.6,11636,no
2351,94.04,3,robot,Equipo B,121.24,60.94,0,no
2351,94.04,4,robot,Equipo B,147.67,71.29,0,no
2351,94.04,0,balon,balon,128.19,51.49,0,no
2352,94.08,1,robot,Equipo A,16.36,64.4,10002,no
2352,94.08,2,robot,Equipo A,60.11,65.6,11636,no
2352,94.08,3,robot,Equipo B,121.24,60.94,0,no
2352,94.08,4,robot,Equipo B,147.67,71.29,0,no
2352,94.08,0,balon,balon,128.19,51.49,0,no
2353,94.12,1,robot,Equipo A,16.36,64.4,9284,no
2353,94.12,2,robot,Equipo A,60.11,65.6,11636,no
2353,94.12,3,robot,Equipo B,121.24,60.94,0,no
2353,94.12,4,robot,Equipo B,147.67,71.29,0,no
2353,94.12,0,balon,balon,128.19,51.49,0,no
2354,94.16,1,robot,Equipo A,16.36,64.4,8997,no
2354,94.16,2,robot,Equipo A,60.11,65.6,11636,no
2354,94.16,3,robot,Equipo B,121.24,60.94,0,no
2354,94.16,4,robot,Equipo B,147.67,71.29,0,no
2354,94.16,0,balon,balon,128.19,51.49,0,no
2355,94.2,1,robot,Equipo A,16.36,64.4,11422,no
2355,94.2,2,robot,Equipo A,60.11,65.6,11633,no
2355,94.2,3,robot,Equipo B,121.24,60.94,0,no
2355,94.2,4,robot,Equipo B,147.67,71.29,2161,no
2355,94.2,0,balon,balon,128.19,51.49,0,no
2356,94.24,1,robot,Equipo A,16.36,64.4,11767,no
2356,94.24,2,robot,Equipo A,60.11,65.6,11633,no
2356,94.24,3,robot,Equipo B,121.24,60.94,0,no
2356,94.24,4,robot,Equipo B,147.67,71.29,2161,no
2356,94.24,0,balon,balon,128.19,51.49,0,no
2357,94.28,1,robot,Equipo A,16.36,64.4,11918,no
2357,94.28,2,robot,Equipo A,60.11,65.6,11633,no
2357,94.28,3,robot,Equipo B,121.24,60.94,0,no
2357,94.28,4,robot,Equipo B,147.67,71.29,2161,no
2357,94.28,0,balon,balon,128.19,51.49,0,no
2358,94.32,1,robot,Equipo A,16.36,64.4,11953,no
2358,94.32,2,robot,Equipo A,60.11,65.6,11633,no
2358,94.32,3,robot,Equipo B,121.24,60.94,0,no
2358,94.32,4,robot,Equipo B,147.67,71.29,2161,no
2358,94.32,0,balon,balon,128.19,51.49,0,no
2359,94.36,1,robot,Equipo A,16.36,64.4,12085,no
2359,94.36,2,robot,Equipo A,60.11,65.6,11633,no
2359,94.36,3,robot,Equipo B,121.24,60.94,0,no
2359,94.36,4,robot,Equipo B,147.67,71.29,2161,no
2359,94.36,0,balon,balon,128.19,51.49,0,no
2360,94.4,1,robot,Equipo A,16.36,64.4,11031,no
2360,94.4,2,robot,Equipo A,60.11,65.6,11599,no
2360,94.4,3,robot,Equipo B,121.24,60.94,0,no
2360,94.4,4,robot,Equipo B,147.67,71.29,2141,no
2360,94.4,0,balon,balon,128.19,51.49,0,no
2361,94.44,1,robot,Equipo A,16.36,64.4,9664,no
2361,94.44,2,robot,Equipo A,60.11,65.6,11599,no
2361,94.44,3,robot,Equipo B,121.24,60.94,0,no
2361,94.44,4,robot,Equipo B,147.67,71.29,2141,no
2361,94.44,0,balon,balon,128.19,51.49,0,no
2362,94.48,1,robot,Equipo A,16.36,64.4,9411,no
2362,94.48,2,robot,Equipo A,60.11,65.6,11599,no
2362,94.48,3,robot,Equipo B,121.24,60.94,0,no
2362,94.48,4,robot,Equipo B,147.67,71.29,2141,no
2362,94.48,0,balon,balon,128.19,51.49,0,no
2363,94.52,1,robot,Equipo A,16.36,64.4,8446,no
2363,94.52,2,robot,Equipo A,60.11,65.6,11599,no
2363,94.52,3,robot,Equipo B,121.24,60.94,0,no
2363,94.52,4,robot,Equipo B,147.67,71.29,2141,no
2363,94.52,0,balon,balon,128.19,51.49,0,no
2364,94.56,1,robot,Equipo A,16.36,64.4,8286,no
2364,94.56,2,robot,Equipo A,60.11,65.6,11599,no
2364,94.56,3,robot,Equipo B,121.24,60.94,0,no
2364,94.56,4,robot,Equipo B,147.67,71.29,2141,no
2364,94.56,0,balon,balon,128.19,51.49,0,no
2365,94.6,1,robot,Equipo A,16.54,63.91,11165,no
2365,94.6,2,robot,Equipo A,60.11,65.6,11619,no
2365,94.6,3,robot,Equipo B,121.24,60.94,0,no
2365,94.6,4,robot,Equipo B,147.67,71.29,1995,no
2365,94.6,0,balon,balon,128.19,51.49,0,no
2366,94.64,1,robot,Equipo A,16.54,63.91,11479,no
2366,94.64,2,robot,Equipo A,60.11,65.6,11619,no
2366,94.64,3,robot,Equipo B,121.24,60.94,0,no
2366,94.64,4,robot,Equipo B,147.67,71.29,1995,no
2366,94.64,0,balon,balon,128.19,51.49,0,no
2367,94.68,1,robot,Equipo A,16.54,63.91,11499,no
2367,94.68,2,robot,Equipo A,60.11,65.6,11619,no
2367,94.68,3,robot,Equipo B,121.24,60.94,0,no
2367,94.68,4,robot,Equipo B,147.67,71.29,1995,no
2367,94.68,0,balon,balon,128.19,51.49,0,no
2368,94.72,1,robot,Equipo A,16.54,63.91,11449,no
2368,94.72,2,robot,Equipo A,60.11,65.6,11619,no
2368,94.72,3,robot,Equipo B,121.24,60.94,0,no
2368,94.72,4,robot,Equipo B,147.67,71.29,1995,no
2368,94.72,0,balon,balon,128.19,51.49,0,no
2369,94.76,1,robot,Equipo A,16.54,63.91,11596,no
2369,94.76,2,robot,Equipo A,60.11,65.6,11619,no
2369,94.76,3,robot,Equipo B,121.24,60.94,0,no
2369,94.76,4,robot,Equipo B,147.67,71.29,1995,no
2369,94.76,0,balon,balon,128.19,51.49,0,no
2370,94.8,1,robot,Equipo A,16.63,63.12,16087,no
2370,94.8,2,robot,Equipo A,60.11,65.6,11574,no
2370,94.8,3,robot,Equipo B,121.24,60.94,0,no
2370,94.8,4,robot,Equipo B,147.67,71.29,1995,no
2370,94.8,0,balon,balon,128.19,51.49,0,no
2371,94.84,1,robot,Equipo A,16.71,62.4,16123,no
2371,94.84,2,robot,Equipo A,60.11,65.6,11574,no
2371,94.84,3,robot,Equipo B,121.24,60.94,0,no
2371,94.84,4,robot,Equipo B,147.67,71.29,1995,no
2371,94.84,0,balon,balon,128.19,51.49,0,no
2372,94.88,1,robot,Equipo A,16.79,61.73,16264,no
2372,94.88,2,robot,Equipo A,60.11,65.6,11574,no
2372,94.88,3,robot,Equipo B,121.24,60.94,0,no
2372,94.88,4,robot,Equipo B,147.67,71.29,1995,no
2372,94.88,0,balon,balon,128.19,51.49,0,no
2373,94.92,1,robot,Equipo A,16.86,61.11,16264,no
2373,94.92,2,robot,Equipo A,60.11,65.6,11574,no
2373,94.92,3,robot,Equipo B,121.24,60.94,0,no
2373,94.92,4,robot,Equipo B,147.67,71.29,1995,no
2373,94.92,0,balon,balon,128.19,51.49,0,no
2374,94.96,1,robot,Equipo A,16.92,60.53,16264,no
2374,94.96,2,robot,Equipo A,60.11,65.6,11574,no
2374,94.96,3,robot,Equipo B,121.24,60.94,0,no
2374,94.96,4,robot,Equipo B,147.67,71.29,1995,no
2374,94.96,0,balon,balon,128.19,51.49,0,no
2375,95.0,1,robot,Equipo A,16.92,60.53,14353,no
2375,95.0,2,robot,Equipo A,60.11,65.6,11616,no
2375,95.0,3,robot,Equipo B,121.24,60.94,0,no
2375,95.0,4,robot,Equipo B,147.67,71.29,1945,no
2375,95.0,0,balon,balon,128.19,51.49,0,no
2376,95.04,1,robot,Equipo A,16.92,60.53,14353,no
2376,95.04,2,robot,Equipo A,60.11,65.6,11616,no
2376,95.04,3,robot,Equipo B,121.24,60.94,0,no
2376,95.04,4,robot,Equipo B,147.67,71.29,1945,no
2376,95.04,0,balon,balon,128.19,51.49,0,no
2377,95.08,1,robot,Equipo A,16.92,60.53,14353,no
2377,95.08,2,robot,Equipo A,60.11,65.6,11616,no
2377,95.08,3,robot,Equipo B,121.24,60.94,0,no
2377,95.08,4,robot,Equipo B,147.67,71.29,1945,no
2377,95.08,0,balon,balon,128.19,51.49,0,no
2378,95.12,1,robot,Equipo A,16.92,60.53,14353,no
2378,95.12,2,robot,Equipo A,60.11,65.6,11616,no
2378,95.12,3,robot,Equipo B,121.24,60.94,0,no
2378,95.12,4,robot,Equipo B,147.67,71.29,1945,no
2378,95.12,0,balon,balon,128.19,51.49,0,no
2379,95.16,1,robot,Equipo A,16.92,60.53,14328,no
2379,95.16,2,robot,Equipo A,60.11,65.6,11616,no
2379,95.16,3,robot,Equipo B,121.24,60.94,0,no
2379,95.16,4,robot,Equipo B,147.67,71.29,1945,no
2379,95.16,0,balon,balon,128.19,51.49,0,no
2380,95.2,1,robot,Equipo A,16.92,60.53,13745,no
2380,95.2,2,robot,Equipo A,60.11,65.6,11590,no
2380,95.2,3,robot,Equipo B,121.24,60.94,0,no
2380,95.2,4,robot,Equipo B,147.67,71.29,0,no
2380,95.2,0,balon,balon,128.19,51.49,0,no
2381,95.24,1,robot,Equipo A,16.92,60.53,13724,no
2381,95.24,2,robot,Equipo A,60.11,65.6,11590,no
2381,95.24,3,robot,Equipo B,121.24,60.94,0,no
2381,95.24,4,robot,Equipo B,147.67,71.29,0,no
2381,95.24,0,balon,balon,128.19,51.49,0,no
2382,95.28,1,robot,Equipo A,16.92,60.53,13660,no
2382,95.28,2,robot,Equipo A,60.11,65.6,11590,no
2382,95.28,3,robot,Equipo B,121.24,60.94,0,no
2382,95.28,4,robot,Equipo B,147.67,71.29,0,no
2382,95.28,0,balon,balon,128.19,51.49,0,no
2383,95.32,1,robot,Equipo A,16.92,60.53,13637,no
2383,95.32,2,robot,Equipo A,60.11,65.6,11590,no
2383,95.32,3,robot,Equipo B,121.24,60.94,0,no
2383,95.32,4,robot,Equipo B,147.67,71.29,0,no
2383,95.32,0,balon,balon,128.19,51.49,0,no
2384,95.36,1,robot,Equipo A,16.92,60.53,13580,no
2384,95.36,2,robot,Equipo A,60.11,65.6,11590,no
2384,95.36,3,robot,Equipo B,121.24,60.94,0,no
2384,95.36,4,robot,Equipo B,147.67,71.29,0,no
2384,95.36,0,balon,balon,128.19,51.49,0,no
2385,95.4,1,robot,Equipo A,16.92,60.53,13492,no
2385,95.4,2,robot,Equipo A,60.11,65.6,11594,no
2385,95.4,3,robot,Equipo B,121.24,60.94,0,no
2385,95.4,4,robot,Equipo B,147.67,71.29,0,no
2385,95.4,0,balon,balon,128.19,51.49,0,no
2386,95.44,1,robot,Equipo A,16.92,60.53,13432,no
2386,95.44,2,robot,Equipo A,60.11,65.6,11594,no
2386,95.44,3,robot,Equipo B,121.24,60.94,0,no
2386,95.44,4,robot,Equipo B,147.67,71.29,0,no
2386,95.44,0,balon,balon,128.19,51.49,0,no
2387,95.48,1,robot,Equipo A,16.92,60.53,13372,no
2387,95.48,2,robot,Equipo A,60.11,65.6,11594,no
2387,95.48,3,robot,Equipo B,121.24,60.94,0,no
2387,95.48,4,robot,Equipo B,147.67,71.29,0,no
2387,95.48,0,balon,balon,128.19,51.49,0,no
2388,95.52,1,robot,Equipo A,16.92,60.53,13322,no
2388,95.52,2,robot,Equipo A,60.11,65.6,11594,no
2388,95.52,3,robot,Equipo B,121.24,60.94,0,no
2388,95.52,4,robot,Equipo B,147.67,71.29,0,no
2388,95.52,0,balon,balon,128.19,51.49,0,no
2389,95.56,1,robot,Equipo A,16.92,60.53,13676,no
2389,95.56,2,robot,Equipo A,60.11,65.6,11594,no
2389,95.56,3,robot,Equipo B,121.24,60.94,0,no
2389,95.56,4,robot,Equipo B,147.67,71.29,0,no
2389,95.56,0,balon,balon,128.19,51.49,0,no
2390,95.6,1,robot,Equipo A,16.92,60.53,16315,no
2390,95.6,2,robot,Equipo A,60.11,65.6,11605,no
2390,95.6,3,robot,Equipo B,120.11,60.97,7055,no
2390,95.6,4,robot,Equipo B,147.67,71.29,2207,no
2390,95.6,0,balon,balon,128.19,51.49,0,no
2391,95.64,1,robot,Equipo A,16.92,60.53,16315,no
2391,95.64,2,robot,Equipo A,60.11,65.6,11605,no
2391,95.64,3,robot,Equipo B,119.04,61.08,7055,no
2391,95.64,4,robot,Equipo B,147.67,71.29,2244,no
2391,95.64,0,balon,balon,128.19,51.49,0,no
2392,95.68,1,robot,Equipo A,16.92,60.53,16315,no
2392,95.68,2,robot,Equipo A,60.11,65.6,11605,no
2392,95.68,3,robot,Equipo B,118.01,61.26,7055,no
2392,95.68,4,robot,Equipo B,147.67,71.29,2244,no
2392,95.68,0,balon,balon,128.19,51.49,0,no
2393,95.72,1,robot,Equipo A,16.92,60.53,16315,no
2393,95.72,2,robot,Equipo A,60.64,65.65,11605,no
2393,95.72,3,robot,Equipo B,117.02,61.49,7055,no
2393,95.72,4,robot,Equipo B,147.67,71.29,2244,no
2393,95.72,0,balon,balon,128.19,51.49,0,no
2394,95.76,1,robot,Equipo A,16.92,60.53,16315,no
2394,95.76,2,robot,Equipo A,60.64,65.65,11605,no
2394,95.76,3,robot,Equipo B,116.06,61.76,7055,no
2394,95.76,4,robot,Equipo B,147.67,71.29,2244,no
2394,95.76,0,balon,balon,128.19,51.49,0,no
2395,95.8,1,robot,Equipo A,16.92,60.53,16248,no
2395,95.8,2,robot,Equipo A,60.64,65.65,11630,no
2395,95.8,3,robot,Equipo B,116.06,61.76,7705,no
2395,95.8,4,robot,Equipo B,148.62,70.43,9577,no
2395,95.8,0,balon,balon,128.19,51.49,0,no
2396,95.84,1,robot,Equipo A,16.92,60.53,16190,no
2396,95.84,2,robot,Equipo A,60.64,65.65,11630,no
2396,95.84,3,robot,Equipo B,116.06,61.76,7705,no
2396,95.84,4,robot,Equipo B,149.61,69.63,9577,no
2396,95.84,0,balon,balon,128.19,51.49,0,no
2397,95.88,1,robot,Equipo A,16.92,60.53,16198,no
2397,95.88,2,robot,Equipo A,60.64,65.65,11630,no
2397,95.88,3,robot,Equipo B,116.06,61.76,7705,no
2397,95.88,4,robot,Equipo B,150.63,68.88,9561,no
2397,95.88,0,balon,balon,128.19,51.49,0,no
2398,95.92,1,robot,Equipo A,16.92,60.53,16158,no
2398,95.92,2,robot,Equipo A,60.64,65.65,11630,no
2398,95.92,3,robot,Equipo B,116.62,61.54,7705,no
2398,95.92,4,robot,Equipo B,151.67,68.16,9508,no
2398,95.92,0,balon,balon,128.19,51.49,0,no
2399,95.96,1,robot,Equipo A,16.92,60.53,16152,no
2399,95.96,2,robot,Equipo A,60.64,65.65,11630,no
2399,95.96,3,robot,Equipo B,117.23,61.31,7705,no
2399,95.96,4,robot,Equipo B,152.73,67.5,9393,no
2399,95.96,0,balon,balon,128.19,51.49,0,no
2400,96.0,1,robot,Equipo A,16.92,60.53,13602,no
2400,96.0,2,robot,Equipo A,60.64,65.65,11639,no
2400,96.0,3,robot,Equipo B,117.23,61.31,6917,no
2400,96.0,4,robot,Equipo B,152.73,67.5,9563,no
2400,96.0,0,balon,balon,128.19,51.49,0,no
2401,96.04,1,robot,Equipo A,16.92,60.53,13599,no
2401,96.04,2,robot,Equipo A,60.64,65.65,11639,no
2401,96.04,3,robot,Equipo B,117.23,61.31,6917,no
2401,96.04,4,robot,Equipo B,152.73,67.5,9563,no
2401,96.04,0,balon,balon,128.19,51.49,0,no
2402,96.08,1,robot,Equipo A,16.92,60.53,13575,no
2402,96.08,2,robot,Equipo A,60.64,65.65,11639,no
2402,96.08,3,robot,Equipo B,116.57,61.38,6917,no
2402,96.08,4,robot,Equipo B,152.73,67.5,9563,no
2402,96.08,0,balon,balon,128.19,51.49,0,no
2403,96.12,1,robot,Equipo A,16.92,60.53,13558,no
2403,96.12,2,robot,Equipo A,60.64,65.65,11639,no
2403,96.12,3,robot,Equipo B,115.86,61.5,6917,no
2403,96.12,4,robot,Equipo B,152.16,67.67,9563,no
2403,96.12,0,balon,balon,128.19,51.49,0,no
2404,96.16,1,robot,Equipo A,16.92,60.53,13547,no
2404,96.16,2,robot,Equipo A,61.15,65.7,11639,no
2404,96.16,3,robot,Equipo B,115.13,61.65,6917,no
2404,96.16,4,robot,Equipo B,151.53,67.89,9563,no
2404,96.16,0,balon,balon,128.19,51.49,0,no
2405,96.2,1,robot,Equipo A,16.92,60.53,13650,no
2405,96.2,2,robot,Equipo A,61.15,65.7,11659,no
2405,96.2,3,robot,Equipo B,115.13,61.65,6741,no
2405,96.2,4,robot,Equipo B,151.53,67.89,9669,no
2405,96.2,0,balon,balon,128.19,51.49,0,no
2406,96.24,1,robot,Equipo A,16.92,60.53,13682,no
2406,96.24,2,robot,Equipo A,61.15,65.7,11659,no
2406,96.24,3,robot,Equipo B,115.13,61.65,6741,no
2406,96.24,4,robot,Equipo B,151.53,67.89,9669,no
2406,96.24,0,balon,balon,128.19,51.49,0,no
2407,96.28,1,robot,Equipo A,16.92,60.53,13731,no
2407,96.28,2,robot,Equipo A,61.15,65.7,11659,no
2407,96.28,3,robot,Equipo B,115.13,61.65,6741,no
2407,96.28,4,robot,Equipo B,152.0,67.6,9669,no
2407,96.28,0,balon,balon,128.19,51.49,0,no
2408,96.32,1,robot,Equipo A,16.92,60.53,13811,no
2408,96.32,2,robot,Equipo A,61.15,65.7,11659,no
2408,96.32,3,robot,Equipo B,115.62,61.4,6741,no
2408,96.32,4,robot,Equipo B,152.51,67.31,9669,no
2408,96.32,0,balon,balon,128.19,51.49,0,no
2409,96.36,1,robot,Equipo A,16.92,60.53,13828,no
2409,96.36,2,robot,Equipo A,61.15,65.7,11659,no
2409,96.36,3,robot,Equipo B,116.15,61.14,6741,no
2409,96.36,4,robot,Equipo B,153.06,67.02,9660,no
2409,96.36,0,balon,balon,128.19,51.49,0,no
2410,96.4,1,robot,Equipo A,16.92,60.53,13923,no
2410,96.4,2,robot,Equipo A,61.15,65.7,11643,no
2410,96.4,3,robot,Equipo B,116.15,61.14,7772,no
2410,96.4,4,robot,Equipo B,153.06,67.02,9648,no
2410,96.4,0,balon,balon,128.19,51.49,0,no
2411,96.44,1,robot,Equipo A,16.92,60.53,13938,no
2411,96.44,2,robot,Equipo A,61.15,65.7,11643,no
2411,96.44,3,robot,Equipo B,116.15,61.14,7772,no
2411,96.44,4,robot,Equipo B,153.06,67.02,9648,no
2411,96.44,0,balon,balon,128.19,51.49,0,no
2412,96.48,1,robot,Equipo A,16.92,60.53,13938,no
2412,96.48,2,robot,Equipo A,61.15,65.7,11643,no
2412,96.48,3,robot,Equipo B,116.15,61.14,7772,no
2412,96.48,4,robot,Equipo B,153.06,67.02,9648,no
2412,96.48,0,balon,balon,128.19,51.49,0,no
2413,96.52,1,robot,Equipo A,16.92,60.53,13938,no
2413,96.52,2,robot,Equipo A,61.15,65.7,11643,no
2413,96.52,3,robot,Equipo B,116.15,61.14,7772,no
2413,96.52,4,robot,Equipo B,153.06,67.02,9648,no
2413,96.52,0,balon,balon,128.19,51.49,0,no
2414,96.56,1,robot,Equipo A,16.92,60.53,13938,no
2414,96.56,2,robot,Equipo A,61.15,65.7,11643,no
2414,96.56,3,robot,Equipo B,116.15,61.14,7772,no
2414,96.56,4,robot,Equipo B,152.48,67.25,9648,no
2414,96.56,0,balon,balon,128.19,51.49,0,no
2415,96.6,1,robot,Equipo A,16.92,60.53,13879,no
2415,96.6,2,robot,Equipo A,61.15,65.7,11617,no
2415,96.6,3,robot,Equipo B,116.15,61.14,7118,no
2415,96.6,4,robot,Equipo B,152.48,67.25,12147,no
2415,96.6,0,balon,balon,128.19,51.49,0,no
2416,96.64,1,robot,Equipo A,16.92,60.53,13879,no
2416,96.64,2,robot,Equipo A,61.15,65.7,11617,no
2416,96.64,3,robot,Equipo B,116.15,61.14,7118,no
2416,96.64,4,robot,Equipo B,152.48,67.25,11902,no
2416,96.64,0,balon,balon,128.19,51.49,0,no
2417,96.68,1,robot,Equipo A,16.92,60.53,13879,no
2417,96.68,2,robot,Equipo A,61.15,65.7,11617,no
2417,96.68,3,robot,Equipo B,116.15,61.14,7118,no
2417,96.68,4,robot,Equipo B,152.05,66.77,8177,no
2417,96.68,0,balon,balon,128.19,51.49,0,no
2418,96.72,1,robot,Equipo A,16.92,60.53,13879,no
2418,96.72,2,robot,Equipo A,61.15,65.7,11617,no
2418,96.72,3,robot,Equipo B,116.15,61.14,7118,no
2418,96.72,4,robot,Equipo B,151.73,66.25,6425,no
2418,96.72,0,balon,balon,128.19,51.49,0,no
2419,96.76,1,robot,Equipo A,16.92,60.53,13879,no
2419,96.76,2,robot,Equipo A,61.15,65.7,11617,no
2419,96.76,3,robot,Equipo B,116.15,61.14,7118,no
2419,96.76,4,robot,Equipo B,151.73,66.25,10881,no
2419,96.76,0,balon,balon,128.19,51.49,0,no
2420,96.8,1,robot,Equipo A,16.92,60.53,16696,no
2420,96.8,2,robot,Equipo A,61.15,65.7,11617,no
2420,96.8,3,robot,Equipo B,116.15,61.14,7595,no
2420,96.8,4,robot,Equipo B,151.73,66.25,0,no
2420,96.8,0,balon,balon,128.19,51.49,0,no
2421,96.84,1,robot,Equipo A,16.92,60.53,16696,no
2421,96.84,2,robot,Equipo A,61.15,65.7,11617,no
2421,96.84,3,robot,Equipo B,116.15,61.14,7595,no
2421,96.84,4,robot,Equipo B,151.73,66.25,0,no
2421,96.84,0,balon,balon,128.19,51.49,0,no
2422,96.88,1,robot,Equipo A,16.92,60.53,16696,no
2422,96.88,2,robot,Equipo A,61.15,65.7,11617,no
2422,96.88,3,robot,Equipo B,116.15,61.14,7595,no
2422,96.88,4,robot,Equipo B,151.73,66.25,0,no
2422,96.88,0,balon,balon,128.19,51.49,0,no
2423,96.92,1,robot,Equipo A,16.92,60.53,16696,no
2423,96.92,2,robot,Equipo A,61.15,65.7,11617,no
2423,96.92,3,robot,Equipo B,116.15,61.14,7595,no
2423,96.92,4,robot,Equipo B,151.73,66.25,0,no
2423,96.92,0,balon,balon,128.19,51.49,0,no
2424,96.96,1,robot,Equipo A,16.92,60.53,16696,no
2424,96.96,2,robot,Equipo A,61.15,65.7,11617,no
2424,96.96,3,robot,Equipo B,116.15,61.14,7595,no
2424,96.96,4,robot,Equipo B,151.73,66.25,0,no
2424,96.96,0,balon,balon,128.19,51.49,0,no
2425,97.0,1,robot,Equipo A,18.78,61.54,26806,no
2425,97.0,2,robot,Equipo A,61.15,65.7,11684,no
2425,97.0,3,robot,Equipo B,116.15,61.14,7242,no
2425,97.0,4,robot,Equipo B,151.73,66.25,0,no
2425,97.0,0,balon,balon,128.19,51.49,0,no
2426,97.04,1,robot,Equipo A,20.26,62.38,26824,no
2426,97.04,2,robot,Equipo A,61.15,65.7,11684,no
2426,97.04,3,robot,Equipo B,116.15,61.14,7242,no
2426,97.04,4,robot,Equipo B,151.73,66.25,0,no
2426,97.04,0,balon,balon,128.19,51.49,0,no
2427,97.08,1,robot,Equipo A,21.45,63.08,26842,no
2427,97.08,2,robot,Equipo A,61.15,65.7,11684,no
2427,97.08,3,robot,Equipo B,116.15,61.14,7242,no
2427,97.08,4,robot,Equipo B,151.73,66.25,0,no
2427,97.08,0,balon,balon,128.19,51.49,0,no
2428,97.12,1,robot,Equipo A,22.4,63.66,26860,no
2428,97.12,2,robot,Equipo A,61.15,65.7,11684,no
2428,97.12,3,robot,Equipo B,116.15,61.14,7242,no
2428,97.12,4,robot,Equipo B,151.73,66.25,0,no
2428,97.12,0,balon,balon,128.19,51.49,0,no
2429,97.16,1,robot,Equipo A,23.17,64.16,26878,no
2429,97.16,2,robot,Equipo A,61.15,65.7,11684,no
2429,97.16,3,robot,Equipo B,116.15,61.14,7242,no
2429,97.16,4,robot,Equipo B,151.73,66.25,0,no
2429,97.16,0,balon,balon,128.19,51.49,0,no
2430,97.2,1,robot,Equipo A,23.8,64.45,27999,no
2430,97.2,2,robot,Equipo A,61.15,65.7,11650,no
2430,97.2,3,robot,Equipo B,116.15,61.14,6719,no
2430,97.2,4,robot,Equipo B,151.73,66.25,0,no
2430,97.2,0,balon,balon,128.19,51.49,0,no
2431,97.24,1,robot,Equipo A,24.31,64.67,27972,no
2431,97.24,2,robot,Equipo A,61.15,65.7,11650,no
2431,97.24,3,robot,Equipo B,116.15,61.14,6719,no
2431,97.24,4,robot,Equipo B,151.73,66.25,0,no
2431,97.24,0,balon,balon,128.19,51.49,0,no
2432,97.28,1,robot,Equipo A,24.31,64.67,27945,no
2432,97.28,2,robot,Equipo A,61.15,65.7,11650,no
2432,97.28,3,robot,Equipo B,116.15,61.14,6719,no
2432,97.28,4,robot,Equipo B,151.73,66.25,0,no
2432,97.28,0,balon,balon,128.19,51.49,0,no
2433,97.32,1,robot,Equipo A,24.31,64.67,27918,no
2433,97.32,2,robot,Equipo A,61.15,65.7,11650,no
2433,97.32,3,robot,Equipo B,116.15,61.14,6719,no
2433,97.32,4,robot,Equipo B,151.73,66.25,0,no
2433,97.32,0,balon,balon,128.19,51.49,0,no
2434,97.36,1,robot,Equipo A,24.31,64.67,27891,no
2434,97.36,2,robot,Equipo A,61.15,65.7,11650,no
2434,97.36,3,robot,Equipo B,116.15,61.14,6719,no
2434,97.36,4,robot,Equipo B,151.73,66.25,0,no
2434,97.36,0,balon,balon,128.19,51.49,0,no
2435,97.4,1,robot,Equipo A,22.91,63.67,16557,no
2435,97.4,2,robot,Equipo A,61.15,65.7,11596,no
2435,97.4,3,robot,Equipo B,116.15,61.14,6124,no
2435,97.4,4,robot,Equipo B,151.73,66.25,0,no
2435,97.4,0,balon,balon,128.19,51.49,0,no
2436,97.44,1,robot,Equipo A,21.75,62.87,16557,no
2436,97.44,2,robot,Equipo A,61.15,65.7,11596,no
2436,97.44,3,robot,Equipo B,116.15,61.14,6124,no
2436,97.44,4,robot,Equipo B,151.73,66.25,0,no
2436,97.44,0,balon,balon,128.19,51.49,0,no
2437,97.48,1,robot,Equipo A,20.8,62.23,16557,no
2437,97.48,2,robot,Equipo A,61.15,65.7,11596,no
2437,97.48,3,robot,Equipo B,116.15,61.14,6124,no
2437,97.48,4,robot,Equipo B,151.73,66.25,0,no
2437,97.48,0,balon,balon,128.19,51.49,0,no
2438,97.52,1,robot,Equipo A,20.01,61.71,16557,no
2438,97.52,2,robot,Equipo A,61.15,65.7,11596,no
2438,97.52,3,robot,Equipo B,116.15,61.14,6124,no
2438,97.52,4,robot,Equipo B,151.73,66.25,0,no
2438,97.52,0,balon,balon,128.19,51.49,0,no
2439,97.56,1,robot,Equipo A,19.35,61.3,16557,no
2439,97.56,2,robot,Equipo A,61.15,65.7,11596,no
2439,97.56,3,robot,Equipo B,116.15,61.14,6124,no
2439,97.56,4,robot,Equipo B,151.73,66.25,0,no
2439,97.56,0,balon,balon,128.19,51.49,0,no
2440,97.6,1,robot,Equipo A,19.35,61.3,13747,no
2440,97.6,2,robot,Equipo A,61.15,65.7,11629,no
2440,97.6,3,robot,Equipo B,116.15,61.14,6195,no
2440,97.6,4,robot,Equipo B,151.73,66.25,0,no
2440,97.6,0,balon,balon,128.19,51.49,0,no
2441,97.64,1,robot,Equipo A,19.35,61.3,13747,no
2441,97.64,2,robot,Equipo A,61.15,65.7,11629,no
2441,97.64,3,robot,Equipo B,116.15,61.14,6195,no
2441,97.64,4,robot,Equipo B,151.73,66.25,0,no
2441,97.64,0,balon,balon,128.19,51.49,0,no
2442,97.68,1,robot,Equipo A,19.35,61.3,13747,no
2442,97.68,2,robot,Equipo A,61.15,65.7,11629,no
2442,97.68,3,robot,Equipo B,116.15,61.14,6195,no
2442,97.68,4,robot,Equipo B,151.73,66.25,0,no
2442,97.68,0,balon,balon,128.19,51.49,0,no
2443,97.72,1,robot,Equipo A,19.35,61.3,13747,no
2443,97.72,2,robot,Equipo A,61.15,65.7,11629,no
2443,97.72,3,robot,Equipo B,116.15,61.14,6195,no
2443,97.72,4,robot,Equipo B,151.73,66.25,0,no
2443,97.72,0,balon,balon,128.19,51.49,0,no
2444,97.76,1,robot,Equipo A,19.35,61.3,13747,no
2444,97.76,2,robot,Equipo A,61.15,65.7,11629,no
2444,97.76,3,robot,Equipo B,116.15,61.14,6195,no
2444,97.76,4,robot,Equipo B,151.73,66.25,0,no
2444,97.76,0,balon,balon,128.19,51.49,0,no
2445,97.8,1,robot,Equipo A,18.94,60.94,16305,no
2445,97.8,2,robot,Equipo A,61.15,65.7,11643,no
2445,97.8,3,robot,Equipo B,116.15,61.14,6048,no
2445,97.8,4,robot,Equipo B,151.73,66.25,0,no
2445,97.8,0,balon,balon,128.19,51.49,0,no
2446,97.84,1,robot,Equipo A,18.55,60.6,16305,no
2446,97.84,2,robot,Equipo A,61.15,65.7,11643,no
2446,97.84,3,robot,Equipo B,116.15,61.14,6048,no
2446,97.84,4,robot,Equipo B,151.73,66.25,0,no
2446,97.84,0,balon,balon,128.19,51.49,0,no
2447,97.88,1,robot,Equipo A,18.55,60.6,16305,no
2447,97.88,2,robot,Equipo A,61.15,65.7,11643,no
2447,97.88,3,robot,Equipo B,116.15,61.14,6048,no
2447,97.88,4,robot,Equipo B,151.73,66.25,0,no
2447,97.88,0,balon,balon,128.19,51.49,0,no
2448,97.92,1,robot,Equipo A,18.13,60.21,16305,no
2448,97.92,2,robot,Equipo A,61.15,65.7,11643,no
2448,97.92,3,robot,Equipo B,116.15,61.14,6048,no
2448,97.92,4,robot,Equipo B,151.73,66.25,0,no
2448,97.92,0,balon,balon,128.19,51.49,0,no
2449,97.96,1,robot,Equipo A,17.73,59.84,16305,no
2449,97.96,2,robot,Equipo A,61.15,65.7,11643,no
2449,97.96,3,robot,Equipo B,116.15,61.14,6048,no
2449,97.96,4,robot,Equipo B,151.73,66.25,0,no
2449,97.96,0,balon,balon,128.19,51.49,0,no
2450,98.0,1,robot,Equipo A,17.73,59.84,16806,no
2450,98.0,2,robot,Equipo A,61.15,65.7,11614,no
2450,98.0,3,robot,Equipo B,116.15,61.14,6139,no
2450,98.0,4,robot,Equipo B,151.73,66.25,0,no
2450,98.0,0,balon,balon,128.19,51.49,0,no
2451,98.04,1,robot,Equipo A,17.73,59.84,16806,no
2451,98.04,2,robot,Equipo A,61.15,65.7,11614,no
2451,98.04,3,robot,Equipo B,116.15,61.14,6139,no
2451,98.04,4,robot,Equipo B,151.73,66.25,0,no
2451,98.04,0,balon,balon,128.19,51.49,0,no
2452,98.08,1,robot,Equipo A,17.73,59.84,16806,no
2452,98.08,2,robot,Equipo A,61.15,65.7,11614,no
2452,98.08,3,robot,Equipo B,116.15,61.14,6139,no
2452,98.08,4,robot,Equipo B,151.73,66.25,0,no
2452,98.08,0,balon,balon,128.19,51.49,0,no
2453,98.12,1,robot,Equipo A,17.73,59.84,16806,no
2453,98.12,2,robot,Equipo A,61.15,65.7,11614,no
2453,98.12,3,robot,Equipo B,116.15,61.14,6139,no
2453,98.12,4,robot,Equipo B,151.73,66.25,0,no
2453,98.12,0,balon,balon,128.19,51.49,0,no
2454,98.16,1,robot,Equipo A,17.73,59.84,16806,no
2454,98.16,2,robot,Equipo A,61.15,65.7,11614,no
2454,98.16,3,robot,Equipo B,116.15,61.14,6139,no
2454,98.16,4,robot,Equipo B,151.73,66.25,0,no
2454,98.16,0,balon,balon,128.19,51.49,0,no
2455,98.2,1,robot,Equipo A,17.73,59.84,16320,no
2455,98.2,2,robot,Equipo A,61.15,65.7,11597,no
2455,98.2,3,robot,Equipo B,116.15,61.14,6724,no
2455,98.2,4,robot,Equipo B,151.73,66.25,0,no
2455,98.2,0,balon,balon,128.19,51.49,0,no
2456,98.24,1,robot,Equipo A,17.73,59.84,16320,no
2456,98.24,2,robot,Equipo A,61.15,65.7,11597,no
2456,98.24,3,robot,Equipo B,116.15,61.14,6724,no
2456,98.24,4,robot,Equipo B,151.73,66.25,0,no
2456,98.24,0,balon,balon,128.19,51.49,0,no
2457,98.28,1,robot,Equipo A,17.73,59.84,16320,no
2457,98.28,2,robot,Equipo A,61.15,65.7,11597,no
2457,98.28,3,robot,Equipo B,116.15,61.14,6724,no
2457,98.28,4,robot,Equipo B,151.73,66.25,0,no
2457,98.28,0,balon,balon,128.19,51.49,0,no
2458,98.32,1,robot,Equipo A,17.73,59.84,16320,no
2458,98.32,2,robot,Equipo A,61.15,65.7,11597,no
2458,98.32,3,robot,Equipo B,116.15,61.14,6724,no
2458,98.32,4,robot,Equipo B,151.73,66.25,0,no
2458,98.32,0,balon,balon,128.19,51.49,0,no
2459,98.36,1,robot,Equipo A,17.73,59.84,16320,no
2459,98.36,2,robot,Equipo A,61.15,65.7,11597,no
2459,98.36,3,robot,Equipo B,116.15,61.14,6724,no
2459,98.36,4,robot,Equipo B,151.73,66.25,0,no
2459,98.36,0,balon,balon,128.19,51.49,0,no
2460,98.4,1,robot,Equipo A,17.73,59.84,16611,no
2460,98.4,2,robot,Equipo A,61.15,65.7,11556,no
2460,98.4,3,robot,Equipo B,116.15,61.14,6748,no
2460,98.4,4,robot,Equipo B,151.73,66.25,0,no
2460,98.4,0,balon,balon,128.19,51.49,0,no
2461,98.44,1,robot,Equipo A,17.73,59.84,16611,no
2461,98.44,2,robot,Equipo A,61.15,65.7,11556,no
2461,98.44,3,robot,Equipo B,116.15,61.14,6748,no
2461,98.44,4,robot,Equipo B,151.73,66.25,0,no
2461,98.44,0,balon,balon,128.19,51.49,0,no
2462,98.48,1,robot,Equipo A,17.73,59.84,16611,no
2462,98.48,2,robot,Equipo A,61.15,65.7,11556,no
2462,98.48,3,robot,Equipo B,116.15,61.14,6748,no
2462,98.48,4,robot,Equipo B,151.73,66.25,0,no
2462,98.48,0,balon,balon,128.19,51.49,0,no
2463,98.52,1,robot,Equipo A,17.73,59.84,16611,no
2463,98.52,2,robot,Equipo A,61.15,65.7,11556,no
2463,98.52,3,robot,Equipo B,116.15,61.14,6748,no
2463,98.52,4,robot,Equipo B,151.73,66.25,0,no
2463,98.52,0,balon,balon,128.19,51.49,0,no
2464,98.56,1,robot,Equipo A,17.73,59.84,16580,no
2464,98.56,2,robot,Equipo A,61.15,65.7,11556,no
2464,98.56,3,robot,Equipo B,116.15,61.14,6748,no
2464,98.56,4,robot,Equipo B,151.73,66.25,0,no
2464,98.56,0,balon,balon,128.19,51.49,0,no
2465,98.6,1,robot,Equipo A,17.73,59.84,16864,no
2465,98.6,2,robot,Equipo A,61.15,65.7,11695,no
2465,98.6,3,robot,Equipo B,116.15,61.14,6992,no
2465,98.6,4,robot,Equipo B,151.73,66.25,0,no
2465,98.6,0,balon,balon,128.19,51.49,0,no
2466,98.64,1,robot,Equipo A,17.73,59.84,16144,no
2466,98.64,2,robot,Equipo A,61.15,65.7,11695,no
2466,98.64,3,robot,Equipo B,116.15,61.14,6992,no
2466,98.64,4,robot,Equipo B,151.73,66.25,0,no
2466,98.64,0,balon,balon,128.19,51.49,0,no
2467,98.68,1,robot,Equipo A,17.73,59.84,15573,no
2467,98.68,2,robot,Equipo A,61.15,65.7,11695,no
2467,98.68,3,robot,Equipo B,116.15,61.14,6992,no
2467,98.68,4,robot,Equipo B,151.73,66.25,0,no
2467,98.68,0,balon,balon,128.19,51.49,0,no
2468,98.72,1,robot,Equipo A,17.73,59.84,15429,no
2468,98.72,2,robot,Equipo A,61.15,65.7,11695,no
2468,98.72,3,robot,Equipo B,116.15,61.14,6992,no
2468,98.72,4,robot,Equipo B,151.73,66.25,0,no
2468,98.72,0,balon,balon,128.19,51.49,0,no
2469,98.76,1,robot,Equipo A,17.73,59.84,15259,no
2469,98.76,2,robot,Equipo A,61.15,65.7,11695,no
2469,98.76,3,robot,Equipo B,116.15,61.14,6992,no
2469,98.76,4,robot,Equipo B,151.73,66.25,0,no
2469,98.76,0,balon,balon,128.19,51.49,0,no
2470,98.8,1,robot,Equipo A,17.73,59.84,16702,no
2470,98.8,2,robot,Equipo A,61.15,65.7,11536,no
2470,98.8,3,robot,Equipo B,116.15,61.14,6724,no
2470,98.8,4,robot,Equipo B,151.73,66.25,0,no
2470,98.8,0,balon,balon,128.19,51.49,0,no
2471,98.84,1,robot,Equipo A,17.73,59.84,16702,no
2471,98.84,2,robot,Equipo A,61.15,65.7,11536,no
2471,98.84,3,robot,Equipo B,116.15,61.14,6724,no
2471,98.84,4,robot,Equipo B,151.73,66.25,0,no
2471,98.84,0,balon,balon,128.19,51.49,0,no
2472,98.88,1,robot,Equipo A,17.73,59.84,16702,no
2472,98.88,2,robot,Equipo A,61.15,65.7,11536,no
2472,98.88,3,robot,Equipo B,116.15,61.14,6724,no
2472,98.88,4,robot,Equipo B,151.73,66.25,0,no
2472,98.88,0,balon,balon,128.19,51.49,0,no
2473,98.92,1,robot,Equipo A,17.73,59.84,16702,no
2473,98.92,2,robot,Equipo A,61.15,65.7,11536,no
2473,98.92,3,robot,Equipo B,116.15,61.14,6724,no
2473,98.92,4,robot,Equipo B,151.73,66.25,0,no
2473,98.92,0,balon,balon,128.19,51.49,0,no
2474,98.96,1,robot,Equipo A,17.73,59.84,16702,no
2474,98.96,2,robot,Equipo A,61.15,65.7,11536,no
2474,98.96,3,robot,Equipo B,116.15,61.14,6724,no
2474,98.96,4,robot,Equipo B,151.73,66.25,0,no
2474,98.96,0,balon,balon,128.19,51.49,0,no
2475,99.0,1,robot,Equipo A,18.21,60.67,15510,no
2475,99.0,2,robot,Equipo A,61.15,65.7,11519,no
2475,99.0,3,robot,Equipo B,116.15,61.14,7034,no
2475,99.0,4,robot,Equipo B,151.73,66.25,0,no
2475,99.0,0,balon,balon,128.19,51.49,0,no
2476,99.04,1,robot,Equipo A,18.62,61.48,16105,no
2476,99.04,2,robot,Equipo A,61.15,65.7,11519,no
2476,99.04,3,robot,Equipo B,116.15,61.14,7034,no
2476,99.04,4,robot,Equipo B,151.73,66.25,0,no
2476,99.04,0,balon,balon,128.19,51.49,0,no
2477,99.08,1,robot,Equipo A,19.32,62.21,15506,no
2477,99.08,2,robot,Equipo A,61.15,65.7,11519,no
2477,99.08,3,robot,Equipo B,116.15,61.14,7034,no
2477,99.08,4,robot,Equipo B,151.73,66.25,0,no
2477,99.08,0,balon,balon,128.19,51.49,0,no
2478,99.12,1,robot,Equipo A,20.07,62.91,15506,no
2478,99.12,2,robot,Equipo A,61.15,65.7,11519,no
2478,99.12,3,robot,Equipo B,116.15,61.14,7034,no
2478,99.12,4,robot,Equipo B,151.73,66.25,0,no
2478,99.12,0,balon,balon,128.19,51.49,0,no
2479,99.16,1,robot,Equipo A,20.87,63.59,15506,no
2479,99.16,2,robot,Equipo A,61.15,65.7,11519,no
2479,99.16,3,robot,Equipo B,116.15,61.14,0,no
2479,99.16,4,robot,Equipo B,151.73,66.25,0,no
2479,99.16,0,balon,balon,128.19,51.49,0,no
2480,99.2,1,robot,Equipo A,24.06,64.51,6875,no
2480,99.2,2,robot,Equipo A,61.15,65.7,11534,no
2480,99.2,3,robot,Equipo B,116.15,61.14,0,no
2480,99.2,4,robot,Equipo B,151.73,66.25,0,no
2480,99.2,0,balon,balon,128.19,51.49,0,no
2481,99.24,1,robot,Equipo A,27.02,65.33,6875,no
2481,99.24,2,robot,Equipo A,61.15,65.7,11534,no
2481,99.24,3,robot,Equipo B,116.15,61.14,0,no
2481,99.24,4,robot,Equipo B,151.73,66.25,0,no
2481,99.24,0,balon,balon,128.19,51.49,0,no
2482,99.28,1,robot,Equipo A,29.77,66.07,6875,no
2482,99.28,2,robot,Equipo A,61.15,65.7,11534,no
2482,99.28,3,robot,Equipo B,116.15,61.14,0,no
2482,99.28,4,robot,Equipo B,151.73,66.25,0,no
2482,99.28,0,balon,balon,128.19,51.49,0,no
2483,99.32,1,robot,Equipo A,32.37,66.75,6875,no
2483,99.32,2,robot,Equipo A,61.15,65.7,11534,no
2483,99.32,3,robot,Equipo B,117.97,61.47,16878,no
2483,99.32,4,robot,Equipo B,151.73,66.25,0,no
2483,99.32,0,balon,balon,128.19,51.49,0,no
2484,99.36,1,robot,Equipo A,34.88,67.41,6704,no
2484,99.36,2,robot,Equipo A,61.15,65.7,11534,no
2484,99.36,3,robot,Equipo B,119.14,61.69,15885,no
2484,99.36,4,robot,Equipo B,151.73,66.25,0,no
2484,99.36,0,balon,balon,128.19,51.49,0,no
2485,99.4,1,robot,Equipo A,31.28,66.09,13968,no
2485,99.4,2,robot,Equipo A,61.15,65.7,11899,no
2485,99.4,3,robot,Equipo B,118.43,61.6,7104,no
2485,99.4,4,robot,Equipo B,149.77,66.34,8256,no
2485,99.4,0,balon,balon,128.19,51.49,0,no
2486,99.44,1,robot,Equipo A,28.0,65.9,14130,no
2486,99.44,2,robot,Equipo A,61.15,65.7,11899,no
2486,99.44,3,robot,Equipo B,117.89,61.5,7104,no
2486,99.44,4,robot,Equipo B,148.72,66.57,8543,no
2486,99.44,0,balon,balon,128.19,51.49,0,no
2487,99.48,1,robot,Equipo A,24.98,66.65,14130,no
2487,99.48,2,robot,Equipo A,61.15,65.7,11899,no
2487,99.48,3,robot,Equipo B,117.89,61.5,7104,no
2487,99.48,4,robot,Equipo B,148.72,66.57,8944,no
2487,99.48,0,balon,balon,128.19,51.49,0,no
2488,99.52,1,robot,Equipo A,22.13,68.11,14361,no
2488,99.52,2,robot,Equipo A,61.15,65.7,11899,no
2488,99.52,3,robot,Equipo B,117.89,61.5,7104,no
2488,99.52,4,robot,Equipo B,148.72,66.57,10266,no
2488,99.52,0,balon,balon,128.19,51.49,0,no
2489,99.56,1,robot,Equipo A,19.58,70.26,13532,no
2489,99.56,2,robot,Equipo A,61.15,65.7,11899,no
2489,99.56,3,robot,Equipo B,117.89,61.5,7104,no
2489,99.56,4,robot,Equipo B,149.86,66.8,12009,no
2489,99.56,0,balon,balon,128.19,51.49,0,no
2490,99.6,1,robot,Equipo A,19.6,64.12,6633,no
2490,99.6,2,robot,Equipo A,61.15,65.7,11922,no
2490,99.6,3,robot,Equipo B,117.89,61.5,7563,no
2490,99.6,4,robot,Equipo B,148.87,66.99,8648,no
2490,99.6,0,balon,balon,128.19,51.49,0,no
2491,99.64,1,robot,Equipo A,19.62,59.22,6635,no
2491,99.64,2,robot,Equipo A,61.15,65.7,11922,no
2491,99.64,3,robot,Equipo B,117.89,61.5,7563,no
2491,99.64,4,robot,Equipo B,147.8,66.99,8648,no
2491,99.64,0,balon,balon,128.19,51.49,0,no
2492,99.68,1,robot,Equipo A,19.63,55.29,6642,no
2492,99.68,2,robot,Equipo A,61.15,65.7,11922,no
2492,99.68,3,robot,Equipo B,117.89,61.5,7563,no
2492,99.68,4,robot,Equipo B,146.66,66.86,8648,no
2492,99.68,0,balon,balon,128.19,51.49,0,no
2493,99.72,1,robot,Equipo A,19.64,52.15,6653,no
2493,99.72,2,robot,Equipo A,61.15,65.7,11922,no
2493,99.72,3,robot,Equipo B,117.89,61.5,7563,no
2493,99.72,4,robot,Equipo B,145.46,66.6,8648,no
2493,99.72,0,balon,balon,128.19,51.49,0,no
2494,99.76,1,robot,Equipo A,19.65,49.63,6667,no
2494,99.76,2,robot,Equipo A,61.15,65.7,11922,no
2494,99.76,3,robot,Equipo B,117.89,61.5,7563,no
2494,99.76,4,robot,Equipo B,144.22,66.28,8574,no
2494,99.76,0,balon,balon,128.19,51.49,0,no
2495,99.8,1,robot,Equipo A,19.07,51.9,13545,no
2495,99.8,2,robot,Equipo A,61.15,65.7,11927,no
2495,99.8,3,robot,Equipo B,117.89,61.5,7561,no
2495,99.8,4,robot,Equipo B,144.22,66.28,8712,no
2495,99.8,0,balon,balon,128.19,51.49,0,no
2496,99.84,1,robot,Equipo A,18.65,53.25,11177,no
2496,99.84,2,robot,Equipo A,61.15,65.7,11927,no
2496,99.84,3,robot,Equipo B,117.89,61.5,7561,no
2496,99.84,4,robot,Equipo B,144.22,66.28,8712,no
2496,99.84,0,balon,balon,128.19,51.49,0,no
2497,99.88,1,robot,Equipo A,18.32,53.72,8679,no
2497,99.88,2,robot,Equipo A,61.15,65.7,11927,no
2497,99.88,3,robot,Equipo B,117.89,61.5,7561,no
2497,99.88,4,robot,Equipo B,144.22,66.28,8712,no
2497,99.88,0,balon,balon,128.19,51.49,0,no
2498,99.92,1,robot,Equipo A,18.34,54.73,3498,no
2498,99.92,2,robot,Equipo A,61.15,65.7,11927,no
2498,99.92,3,robot,Equipo B,117.89,61.5,7561,no
2498,99.92,4,robot,Equipo B,144.36,66.86,8712,no
2498,99.92,0,balon,balon,128.19,51.49,0,no
2499,99.96,1,robot,Equipo A,18.34,54.73,2032,no
2499,99.96,2,robot,Equipo A,61.15,65.7,11927,no
2499,99.96,3,robot,Equipo B,117.89,61.5,7561,no
2499,99.96,4,robot,Equipo B,144.61,67.44,8712,no
2499,99.96,0,balon,balon,128.19,51.49,0,no
2500,100.0,1,robot,Equipo A,17.96,56.01,13583,no
2500,100.0,2,robot,Equipo A,61.15,65.7,11821,no
2500,100.0,3,robot,Equipo B,117.89,61.5,7634,no
2500,100.0,4,robot,Equipo B,144.61,67.44,8831,no
2500,100.0,0,balon,balon,128.19,51.49,0,no
2501,100.04,1,robot,Equipo A,17.4,57.43,13797,no
2501,100.04,2,robot,Equipo A,61.15,65.7,11821,no
2501,100.04,3,robot,Equipo B,117.89,61.5,7634,no
2501,100.04,4,robot,Equipo B,144.11,67.33,8831,no
2501,100.04,0,balon,balon,128.19,51.49,0,no
2502,100.08,1,robot,Equipo A,16.7,59.0,13797,no
2502,100.08,2,robot,Equipo A,61.15,65.7,11821,no
2502,100.08,3,robot,Equipo B,117.89,61.5,7634,no
2502,100.08,4,robot,Equipo B,143.59,67.12,8815,no
2502,100.08,0,balon,balon,128.19,51.49,0,no
2503,100.12,1,robot,Equipo A,15.88,60.69,13797,no
2503,100.12,2,robot,Equipo A,61.15,65.7,11821,no
2503,100.12,3,robot,Equipo B,117.89,61.5,7634,no
2503,100.12,4,robot,Equipo B,143.07,66.84,8751,no
2503,100.12,0,balon,balon,128.19,51.49,0,no
2504,100.16,1,robot,Equipo A,14.97,62.48,13797,no
2504,100.16,2,robot,Equipo A,61.15,65.7,11821,no
2504,100.16,3,robot,Equipo B,117.89,61.5,7634,no
2504,100.16,4,robot,Equipo B,142.56,66.53,8602,no
2504,100.16,0,balon,balon,128.19,51.49,0,no
2505,100.2,1,robot,Equipo A,15.97,57.96,6858,no
2505,100.2,2,robot,Equipo A,61.15,65.7,11787,no
2505,100.2,3,robot,Equipo B,117.89,61.5,7683,no
2505,100.2,4,robot,Equipo B,142.56,66.53,8240,no
2505,100.2,0,balon,balon,128.19,51.49,0,no
2506,100.24,1,robot,Equipo A,16.77,54.34,6809,no
2506,100.24,2,robot,Equipo A,61.15,65.7,11787,no
2506,100.24,3,robot,Equipo B,117.89,61.5,7683,no
2506,100.24,4,robot,Equipo B,143.17,66.83,8240,no
2506,100.24,0,balon,balon,128.19,51.49,0,no
2507,100.28,1,robot,Equipo A,17.41,51.47,6728,no
2507,100.28,2,robot,Equipo A,61.15,65.7,11787,no
2507,100.28,3,robot,Equipo B,117.89,61.5,7683,no
2507,100.28,4,robot,Equipo B,143.83,67.16,8240,no
2507,100.28,0,balon,balon,128.19,51.49,0,no
2508,100.32,1,robot,Equipo A,17.92,49.21,6704,no
2508,100.32,2,robot,Equipo A,61.15,65.7,11787,no
2508,100.32,3,robot,Equipo B,117.89,61.5,7683,no
2508,100.32,4,robot,Equipo B,144.53,67.51,8240,no
2508,100.32,0,balon,balon,128.19,51.49,0,no
2509,100.36,1,robot,Equipo A,18.3,47.4,6692,no
2509,100.36,2,robot,Equipo A,61.15,65.7,11787,no
2509,100.36,3,robot,Equipo B,117.89,61.5,7683,no
2509,100.36,4,robot,Equipo B,145.26,67.87,8240,no
2509,100.36,0,balon,balon,128.19,51.49,0,no
2510,100.4,1,robot,Equipo A,18.72,45.95,6811,no
2510,100.4,2,robot,Equipo A,61.15,65.7,11797,no
2510,100.4,3,robot,Equipo B,117.89,61.5,7624,no
2510,100.4,4,robot,Equipo B,144.77,67.73,8829,no
2510,100.4,0,balon,balon,128.19,51.49,0,no
2511,100.44,1,robot,Equipo A,19.06,44.85,6736,no
2511,100.44,2,robot,Equipo A,61.15,65.7,11797,no
2511,100.44,3,robot,Equipo B,117.89,61.5,7624,no
2511,100.44,4,robot,Equipo B,144.18,67.56,8829,no
2511,100.44,0,balon,balon,128.19,51.49,0,no
2512,100.48,1,robot,Equipo A,19.3,44.0,6661,no
2512,100.48,2,robot,Equipo A,61.15,65.7,11797,no
2512,100.48,3,robot,Equipo B,117.89,61.5,7624,no
2512,100.48,4,robot,Equipo B,143.51,67.37,8829,no
2512,100.48,0,balon,balon,128.19,51.49,0,no
2513,100.52,1,robot,Equipo A,19.49,43.34,6486,no
2513,100.52,2,robot,Equipo A,61.15,65.7,11797,no
2513,100.52,3,robot,Equipo B,117.89,61.5,7624,no
2513,100.52,4,robot,Equipo B,142.77,67.15,8823,no
2513,100.52,0,balon,balon,128.19,51.49,0,no
2514,100.56,1,robot,Equipo A,19.62,42.82,6120,no
2514,100.56,2,robot,Equipo A,61.15,65.7,11797,no
2514,100.56,3,robot,Equipo B,117.89,61.5,7624,no
2514,100.56,4,robot,Equipo B,141.98,66.93,8803,no
2514,100.56,0,balon,balon,128.19,51.49,0,no
2515,100.6,1,robot,Equipo A,23.0,48.33,14034,no
2515,100.6,2,robot,Equipo A,61.15,65.7,11789,no
2515,100.6,3,robot,Equipo B,117.89,61.5,7468,no
2515,100.6,4,robot,Equipo B,141.98,66.93,9042,no
2515,100.6,0,balon,balon,128.19,51.49,0,no
2516,100.64,1,robot,Equipo A,25.37,52.79,14034,no
2516,100.64,2,robot,Equipo A,61.15,65.7,11789,no
2516,100.64,3,robot,Equipo B,117.89,61.5,7468,no
2516,100.64,4,robot,Equipo B,141.98,66.93,9042,no
2516,100.64,0,balon,balon,128.19,51.49,0,no
2517,100.68,1,robot,Equipo A,26.93,56.41,14034,no
2517,100.68,2,robot,Equipo A,61.15,65.7,11789,no
2517,100.68,3,robot,Equipo B,117.89,61.5,7468,no
2517,100.68,4,robot,Equipo B,142.51,67.03,9042,no
2517,100.68,0,balon,balon,128.19,51.49,0,no
2518,100.72,1,robot,Equipo A,27.83,59.37,14034,no
2518,100.72,2,robot,Equipo A,61.15,65.7,11789,no
2518,100.72,3,robot,Equipo B,117.89,61.5,7468,no
2518,100.72,4,robot,Equipo B,143.11,67.15,9042,no
2518,100.72,0,balon,balon,128.19,51.49,0,no
2519,100.76,1,robot,Equipo A,28.22,61.8,13994,no
2519,100.76,2,robot,Equipo A,61.15,65.7,11789,no
2519,100.76,3,robot,Equipo B,117.89,61.5,7468,no
2519,100.76,4,robot,Equipo B,143.75,67.26,9042,no
2519,100.76,0,balon,balon,128.19,51.49,0,no
2520,100.8,1,robot,Equipo A,29.8,63.56,14735,no
2520,100.8,2,robot,Equipo A,61.15,65.7,11869,no
2520,100.8,3,robot,Equipo B,117.89,61.5,7604,no
2520,100.8,4,robot,Equipo B,143.75,67.26,8558,no
2520,100.8,0,balon,balon,128.19,51.49,0,no
2521,100.84,1,robot,Equipo A,31.32,64.92,14735,no
2521,100.84,2,robot,Equipo A,61.15,65.7,11869,no
2521,100.84,3,robot,Equipo B,117.89,61.5,7604,no
2521,100.84,4,robot,Equipo B,143.75,67.26,8558,no
2521,100.84,0,balon,balon,128.19,51.49,0,no
2522,100.88,1,robot,Equipo A,32.79,65.95,14735,no
2522,100.88,2,robot,Equipo A,61.15,65.7,11869,no
2522,100.88,3,robot,Equipo B,117.89,61.5,7604,no
2522,100.88,4,robot,Equipo B,143.75,67.26,8558,no
2522,100.88,0,balon,balon,128.19,51.49,0,no
2523,100.92,1,robot,Equipo A,34.22,66.71,14735,no
2523,100.92,2,robot,Equipo A,61.15,65.7,11869,no
2523,100.92,3,robot,Equipo B,117.89,61.5,7604,no
2523,100.92,4,robot,Equipo B,143.75,67.26,8558,no
2523,100.92,0,balon,balon,128.19,51.49,0,no
2524,100.96,1,robot,Equipo A,34.22,66.71,0,no
2524,100.96,2,robot,Equipo A,59.12,66.16,25722,no
2524,100.96,3,robot,Equipo B,117.89,61.5,7604,no
2524,100.96,4,robot,Equipo B,143.75,67.26,8558,no
2524,100.96,0,balon,balon,128.19,51.49,0,no
2525,101.0,1,robot,Equipo A,34.8,67.53,11233,no
2525,101.0,2,robot,Equipo A,59.62,66.05,12435,no
2525,101.0,3,robot,Equipo B,117.89,61.5,7509,no
2525,101.0,4,robot,Equipo B,143.75,67.26,8988,no
2525,101.0,0,balon,balon,128.19,51.49,0,no
2526,101.04,1,robot,Equipo A,35.09,68.26,10778,no
2526,101.04,2,robot,Equipo A,59.62,66.05,12435,no
2526,101.04,3,robot,Equipo B,117.89,61.5,7509,no
2526,101.04,4,robot,Equipo B,143.75,67.26,8988,no
2526,101.04,0,balon,balon,128.19,51.49,0,no
2527,101.08,1,robot,Equipo A,35.13,68.91,10363,no
2527,101.08,2,robot,Equipo A,59.62,66.05,12435,no
2527,101.08,3,robot,Equipo B,117.89,61.5,7509,no
2527,101.08,4,robot,Equipo B,143.75,67.26,8988,no
2527,101.08,0,balon,balon,128.19,51.49,0,no
2528,101.12,1,robot,Equipo A,34.96,69.49,10121,no
2528,101.12,2,robot,Equipo A,59.62,66.05,12435,no
2528,101.12,3,robot,Equipo B,117.89,61.5,7509,no
2528,101.12,4,robot,Equipo B,143.75,67.26,8988,no
2528,101.12,0,balon,balon,128.19,51.49,0,no
2529,101.16,1,robot,Equipo A,34.6,70.03,9161,no
2529,101.16,2,robot,Equipo A,59.62,66.05,12435,no
2529,101.16,3,robot,Equipo B,117.89,61.5,7509,no
2529,101.16,4,robot,Equipo B,143.75,67.26,8988,no
2529,101.16,0,balon,balon,128.19,51.49,0,no
2530,101.2,1,robot,Equipo A,36.06,70.3,5167,no
2530,101.2,2,robot,Equipo A,59.62,66.05,12535,no
2530,101.2,3,robot,Equipo B,117.89,61.5,7852,no
2530,101.2,4,robot,Equipo B,143.75,67.26,8411,no
2530,101.2,0,balon,balon,128.19,51.49,0,no
2531,101.24,1,robot,Equipo A,37.49,70.42,5679,no
2531,101.24,2,robot,Equipo A,59.62,66.05,12535,no
2531,101.24,3,robot,Equipo B,117.89,61.5,7852,no
2531,101.24,4,robot,Equipo B,143.75,67.26,8411,no
2531,101.24,0,balon,balon,128.19,51.49,0,no
2532,101.28,1,robot,Equipo A,38.95,70.52,5679,no
2532,101.28,2,robot,Equipo A,59.62,66.05,12535,no
2532,101.28,3,robot,Equipo B,117.89,61.5,7852,no
2532,101.28,4,robot,Equipo B,143.75,67.26,8411,no
2532,101.28,0,balon,balon,128.19,51.49,0,no
2533,101.32,1,robot,Equipo A,38.95,70.52,0,no
2533,101.32,2,robot,Equipo A,59.06,66.3,18330,no
2533,101.32,3,robot,Equipo B,117.89,61.5,7852,no
2533,101.32,4,robot,Equipo B,143.75,67.26,8411,no
2533,101.32,0,balon,balon,128.19,51.49,0,no
2534,101.36,1,robot,Equipo A,38.95,70.52,0,no
2534,101.36,2,robot,Equipo A,59.06,66.3,18511,no
2534,101.36,3,robot,Equipo B,117.89,61.5,7852,no
2534,101.36,4,robot,Equipo B,143.75,67.26,8411,no
2534,101.36,0,balon,balon,128.19,51.49,0,no
2535,101.4,1,robot,Equipo A,38.95,70.52,9756,no
2535,101.4,2,robot,Equipo A,59.57,66.16,12565,no
2535,101.4,3,robot,Equipo B,117.89,61.5,7607,no
2535,101.4,4,robot,Equipo B,143.42,66.78,8948,no
2535,101.4,0,balon,balon,128.19,51.49,0,no
2536,101.44,1,robot,Equipo A,38.95,70.52,2960,no
2536,101.44,2,robot,Equipo A,59.57,66.16,12565,no
2536,101.44,3,robot,Equipo B,117.89,61.5,7607,no
2536,101.44,4,robot,Equipo B,143.42,66.78,8948,no
2536,101.44,0,balon,balon,128.19,51.49,0,no
2537,101.48,1,robot,Equipo A,37.76,70.54,9756,no
2537,101.48,2,robot,Equipo A,59.57,66.16,12565,no
2537,101.48,3,robot,Equipo B,117.89,61.5,7607,no
2537,101.48,4,robot,Equipo B,143.1,66.4,8948,no
2537,101.48,0,balon,balon,128.19,51.49,0,no
2538,101.52,1,robot,Equipo A,35.22,70.45,4160,no
2538,101.52,2,robot,Equipo A,59.57,66.16,12565,no
2538,101.52,3,robot,Equipo B,117.89,61.5,7607,no
2538,101.52,4,robot,Equipo B,143.1,66.4,8948,no
2538,101.52,0,balon,balon,128.19,51.49,0,no
2539,101.56,1,robot,Equipo A,33.05,70.37,5084,no
2539,101.56,2,robot,Equipo A,59.57,66.16,12565,no
2539,101.56,3,robot,Equipo B,117.89,61.5,7607,no
2539,101.56,4,robot,Equipo B,143.1,66.4,8948,no
2539,101.56,0,balon,balon,128.19,51.49,0,no
2540,101.6,1,robot,Equipo A,30.92,64.04,2373,no
2540,101.6,2,robot,Equipo A,55.99,67.17,5473,no
2540,101.6,3,robot,Equipo B,117.89,61.5,7893,no
2540,101.6,4,robot,Equipo B,143.1,66.4,0,no
2540,101.6,0,balon,balon,128.19,51.49,0,no
2541,101.64,1,robot,Equipo A,29.18,58.6,2373,no
2541,101.64,2,robot,Equipo A,53.23,67.54,5473,no
2541,101.64,3,robot,Equipo B,117.89,61.5,7893,no
2541,101.64,4,robot,Equipo B,143.1,66.4,0,no
2541,101.64,0,balon,balon,128.19,51.49,0,no
2542,101.68,1,robot,Equipo A,27.77,53.87,2373,no
2542,101.68,2,robot,Equipo A,51.26,67.44,4746,no
2542,101.68,3,robot,Equipo B,117.89,61.5,7893,no
2542,101.68,4,robot,Equipo B,143.1,66.4,0,no
2542,101.68,0,balon,balon,128.19,51.49,0,no
2543,101.72,1,robot,Equipo A,26.6,49.71,2373,no
2543,101.72,2,robot,Equipo A,49.76,66.92,4840,no
2543,101.72,3,robot,Equipo B,117.89,61.5,7893,no
2543,101.72,4,robot,Equipo B,143.1,66.4,0,no
2543,101.72,0,balon,balon,128.19,51.49,0,no
2544,101.76,1,robot,Equipo A,25.65,46.01,2373,no
2544,101.76,2,robot,Equipo A,48.65,66.05,5049,no
2544,101.76,3,robot,Equipo B,117.89,61.5,7893,no
2544,101.76,4,robot,Equipo B,143.1,66.4,0,no
2544,101.76,0,balon,balon,128.19,51.49,0,no
2545,101.8,1,robot,Equipo A,24.91,44.64,3327,no
2545,101.8,2,robot,Equipo A,47.28,67.11,5445,no
2545,101.8,3,robot,Equipo B,117.89,61.5,8081,no
2545,101.8,4,robot,Equipo B,143.1,66.4,0,no
2545,101.8,0,balon,balon,128.19,51.49,0,no
2546,101.84,1,robot,Equipo A,24.29,43.85,3244,no
2546,101.84,2,robot,Equipo A,46.23,68.3,4483,no
2546,101.84,3,robot,Equipo B,117.89,61.5,8081,no
2546,101.84,4,robot,Equipo B,143.1,66.4,0,no
2546,101.84,0,balon,balon,128.19,51.49,0,no
2547,101.88,1,robot,Equipo A,23.71,43.46,2947,no
2547,101.88,2,robot,Equipo A,45.29,69.61,4491,no
2547,101.88,3,robot,Equipo B,117.89,61.5,8081,no
2547,101.88,4,robot,Equipo B,143.1,66.4,0,no
2547,101.88,0,balon,balon,128.19,51.49,0,no
2548,101.92,1,robot,Equipo A,23.16,43.32,2446,no
2548,101.92,2,robot,Equipo A,44.48,71.03,4422,no
2548,101.92,3,robot,Equipo B,117.89,61.5,8081,no
2548,101.92,4,robot,Equipo B,143.1,66.4,0,no
2548,101.92,0,balon,balon,128.19,51.49,0,no
2549,101.96,1,robot,Equipo A,22.55,43.35,1881,no
2549,101.96,2,robot,Equipo A,43.74,72.54,4405,no
2549,101.96,3,robot,Equipo B,117.89,61.5,8081,no
2549,101.96,4,robot,Equipo B,143.1,66.4,0,no
2549,101.96,0,balon,balon,128.19,51.49,0,no
2550,102.0,1,robot,Equipo A,22.49,42.42,2476,no
2550,102.0,2,robot,Equipo A,43.74,72.54,4660,no
2550,102.0,3,robot,Equipo B,117.89,61.5,7423,no
2550,102.0,4,robot,Equipo B,143.1,66.4,0,no
2550,102.0,0,balon,balon,128.19,51.49,0,no
2551,102.04,1,robot,Equipo A,22.5,41.36,2492,no
2551,102.04,2,robot,Equipo A,43.38,72.01,5595,no
2551,102.04,3,robot,Equipo B,117.89,61.5,7423,no
2551,102.04,4,robot,Equipo B,143.1,66.4,0,no
2551,102.04,0,balon,balon,128.19,51.49,0,no
2552,102.08,1,robot,Equipo A,22.56,40.2,2492,no
2552,102.08,2,robot,Equipo A,43.18,71.25,5373,no
2552,102.08,3,robot,Equipo B,117.89,61.5,7423,no
2552,102.08,4,robot,Equipo B,143.1,66.4,0,no
2552,102.08,0,balon,balon,128.19,51.49,0,no
2553,102.12,1,robot,Equipo A,22.67,38.95,2492,no
2553,102.12,2,robot,Equipo A,43.07,70.31,5251,no
2553,102.12,3,robot,Equipo B,117.89,61.5,7423,no
2553,102.12,4,robot,Equipo B,143.1,66.4,0,no
2553,102.12,0,balon,balon,128.19,51.49,0,no
2554,102.16,1,robot,Equipo A,22.81,37.63,2492,no
2554,102.16,2,robot,Equipo A,43.01,69.37,5582,no
2554,102.16,3,robot,Equipo B,117.89,61.5,7423,no
2554,102.16,4,robot,Equipo B,143.1,66.4,0,no
2554,102.16,0,balon,balon,128.19,51.49,0,no
2555,102.2,1,robot,Equipo A,22.81,37.63,0,no
2555,102.2,2,robot,Equipo A,46.73,68.58,12590,no
2555,102.2,3,robot,Equipo B,117.89,61.5,7672,no
2555,102.2,4,robot,Equipo B,142.36,65.8,7496,no
2555,102.2,0,balon,balon,128.19,51.49,0,no
2556,102.24,1,robot,Equipo A,22.81,37.63,0,no
2556,102.24,2,robot,Equipo A,49.71,67.95,12590,no
2556,102.24,3,robot,Equipo B,117.89,61.5,7672,no
2556,102.24,4,robot,Equipo B,141.68,65.24,6986,no
2556,102.24,0,balon,balon,128.19,51.49,0,no
2557,102.28,1,robot,Equipo A,22.81,37.63,0,no
2557,102.28,2,robot,Equipo A,52.09,67.45,12590,no
2557,102.28,3,robot,Equipo B,117.89,61.5,7672,no
2557,102.28,4,robot,Equipo B,141.03,64.7,6506,no
2557,102.28,0,balon,balon,128.19,51.49,0,no
2558,102.32,1,robot,Equipo A,22.81,37.63,0,no
2558,102.32,2,robot,Equipo A,54.0,67.04,12590,no
2558,102.32,3,robot,Equipo B,117.89,61.5,7672,no
2558,102.32,4,robot,Equipo B,140.36,64.12,6209,no
2558,102.32,0,balon,balon,128.19,51.49,0,no
2559,102.36,1,robot,Equipo A,22.81,37.63,0,no
2559,102.36,2,robot,Equipo A,55.52,66.72,12590,no
2559,102.36,3,robot,Equipo B,117.89,61.5,7672,no
2559,102.36,4,robot,Equipo B,139.69,63.55,5934,no
2559,102.36,0,balon,balon,128.19,51.49,0,no
2560,102.4,1,robot,Equipo A,22.81,37.63,0,no
2560,102.4,2,robot,Equipo A,53.34,65.74,12633,no
2560,102.4,3,robot,Equipo B,117.89,61.5,8256,no
2560,102.4,4,robot,Equipo B,139.69,63.55,7702,no
2560,102.4,0,balon,balon,128.19,51.49,0,no
2561,102.44,1,robot,Equipo A,22.81,37.63,0,no
2561,102.44,2,robot,Equipo A,51.77,64.81,12359,no
2561,102.44,3,robot,Equipo B,117.89,61.5,8256,no
2561,102.44,4,robot,Equipo B,139.69,63.55,8117,no
2561,102.44,0,balon,balon,128.19,51.49,0,no
2562,102.48,1,robot,Equipo A,22.81,37.63,0,no
2562,102.48,2,robot,Equipo A,50.82,64.19,11111,no
2562,102.48,3,robot,Equipo B,117.89,61.5,8256,no
2562,102.48,4,robot,Equipo B,139.69,63.55,8529,no
2562,102.48,0,balon,balon,128.19,51.49,0,no
2563,102.52,1,robot,Equipo A,22.81,37.63,0,no
2563,102.52,2,robot,Equipo A,50.32,63.65,10337,no
2563,102.52,3,robot,Equipo B,117.89,61.5,8256,no
2563,102.52,4,robot,Equipo B,139.69,63.55,8931,no
2563,102.52,0,balon,balon,128.19,51.49,0,no
2564,102.56,1,robot,Equipo A,22.81,37.63,0,no
2564,102.56,2,robot,Equipo A,50.12,63.17,9244,no
2564,102.56,3,robot,Equipo B,117.89,61.5,8256,no
2564,102.56,4,robot,Equipo B,139.69,63.55,9321,no
2564,102.56,0,balon,balon,128.19,51.49,0,no
2565,102.6,1,robot,Equipo A,26.43,42.18,10800,no
2565,102.6,2,robot,Equipo A,48.14,67.38,10440,no
2565,102.6,3,robot,Equipo B,117.89,61.5,8289,no
2565,102.6,4,robot,Equipo B,139.69,63.55,7488,no
2565,102.6,0,balon,balon,128.19,51.49,0,no
2566,102.64,1,robot,Equipo A,28.94,45.76,11227,no
2566,102.64,2,robot,Equipo A,46.92,71.12,10440,no
2566,102.64,3,robot,Equipo B,117.89,61.5,8289,no
2566,102.64,4,robot,Equipo B,139.69,63.55,7109,no
2566,102.64,0,balon,balon,128.19,51.49,0,no
2567,102.68,1,robot,Equipo A,30.52,48.6,11227,no
2567,102.68,2,robot,Equipo A,46.32,74.49,10440,no
2567,102.68,3,robot,Equipo B,117.89,61.5,8289,no
2567,102.68,4,robot,Equipo B,139.69,63.55,6889,no
2567,102.68,0,balon,balon,128.19,51.49,0,no
2568,102.72,1,robot,Equipo A,31.36,50.84,11227,no
2568,102.72,2,robot,Equipo A,46.21,77.56,10440,no
2568,102.72,3,robot,Equipo B,117.89,61.5,8289,no
2568,102.72,4,robot,Equipo B,139.69,63.55,6492,no
2568,102.72,0,balon,balon,128.19,51.49,0,no
2569,102.76,1,robot,Equipo A,31.6,52.6,11227,no
2569,102.76,2,robot,Equipo A,46.49,80.39,10440,no
2569,102.76,3,robot,Equipo B,117.89,61.5,8289,no
2569,102.76,4,robot,Equipo B,139.69,63.55,6352,no
2569,102.76,0,balon,balon,128.19,51.49,0,no
2570,102.8,1,robot,Equipo A,31.6,52.6,0,no
2570,102.8,2,robot,Equipo A,45.44,81.16,8271,no
2570,102.8,3,robot,Equipo B,117.89,61.5,7655,no
2570,102.8,4,robot,Equipo B,139.69,63.55,7476,no
2570,102.8,0,balon,balon,128.19,51.49,0,no
2571,102.84,1,robot,Equipo A,31.6,52.6,0,no
2571,102.84,2,robot,Equipo A,44.25,81.56,8271,no
2571,102.84,3,robot,Equipo B,117.89,61.5,7655,no
2571,102.84,4,robot,Equipo B,139.69,63.55,7734,no
2571,102.84,0,balon,balon,128.19,51.49,0,no
2572,102.88,1,robot,Equipo A,31.6,52.6,0,no
2572,102.88,2,robot,Equipo A,42.97,81.69,8271,no
2572,102.88,3,robot,Equipo B,117.89,61.5,7655,no
2572,102.88,4,robot,Equipo B,139.69,63.55,8261,no
2572,102.88,0,balon,balon,128.19,51.49,0,no
2573,102.92,1,robot,Equipo A,31.6,52.6,0,no
2573,102.92,2,robot,Equipo A,41.6,81.59,8271,no
2573,102.92,3,robot,Equipo B,117.89,61.5,7655,no
2573,102.92,4,robot,Equipo B,139.69,63.55,8567,no
2573,102.92,0,balon,balon,128.19,51.49,0,no
2574,102.96,1,robot,Equipo A,31.6,52.6,0,no
2574,102.96,2,robot,Equipo A,40.16,81.3,8271,no
2574,102.96,3,robot,Equipo B,117.89,61.5,7655,no
2574,102.96,4,robot,Equipo B,139.69,63.55,8870,no
2574,102.96,0,balon,balon,128.19,51.49,0,no
2575,103.0,1,robot,Equipo A,33.53,54.13,13003,no
2575,103.0,2,robot,Equipo A,40.4,81.94,7266,no
2575,103.0,3,robot,Equipo B,117.89,61.5,8262,no
2575,103.0,4,robot,Equipo B,139.69,63.55,7360,no
2575,103.0,0,balon,balon,128.19,51.49,0,no
2576,103.04,1,robot,Equipo A,35.41,55.44,12452,no
2576,103.04,2,robot,Equipo A,40.91,82.63,7266,no
2576,103.04,3,robot,Equipo B,117.89,61.5,8262,no
2576,103.04,4,robot,Equipo B,139.69,63.55,7011,no
2576,103.04,0,balon,balon,128.19,51.49,0,no
2577,103.08,1,robot,Equipo A,37.16,56.34,12603,no
2577,103.08,2,robot,Equipo A,41.62,83.35,7266,no
2577,103.08,3,robot,Equipo B,117.89,61.5,8262,no
2577,103.08,4,robot,Equipo B,139.69,63.55,6773,no
2577,103.08,0,balon,balon,128.19,51.49,0,no
2578,103.12,1,robot,Equipo A,39.05,57.32,12123,no
2578,103.12,2,robot,Equipo A,42.51,84.1,7266,no
2578,103.12,3,robot,Equipo B,117.89,61.5,8262,no
2578,103.12,4,robot,Equipo B,139.69,63.55,6520,no
2578,103.12,0,balon,balon,128.19,51.49,0,no
2579,103.16,1,robot,Equipo A,40.73,57.84,12178,no
2579,103.16,2,robot,Equipo A,43.52,84.87,7266,no
2579,103.16,3,robot,Equipo B,117.89,61.5,8262,no
2579,103.16,4,robot,Equipo B,139.69,63.55,6304,no
2579,103.16,0,balon,balon,128.19,51.49,0,no
2580,103.2,1,robot,Equipo A,40.73,57.84,0,no
2580,103.2,2,robot,Equipo A,43.52,84.87,4507,no
2580,103.2,3,robot,Equipo B,117.89,61.5,7699,no
2580,103.2,4,robot,Equipo B,139.69,63.55,6978,no
2580,103.2,0,balon,balon,128.19,51.49,0,no
2581,103.24,1,robot,Equipo A,40.73,57.84,0,no
2581,103.24,2,robot,Equipo A,42.81,85.06,4047,no
2581,103.24,3,robot,Equipo B,117.89,61.5,7699,no
2581,103.24,4,robot,Equipo B,139.69,63.55,7144,no
2581,103.24,0,balon,balon,128.19,51.49,0,no
2582,103.28,1,robot,Equipo A,40.73,57.84,0,no
2582,103.28,2,robot,Equipo A,41.9,85.23,3795,no
2582,103.28,3,robot,Equipo B,117.89,61.5,7699,no
2582,103.28,4,robot,Equipo B,139.69,63.55,7337,no
2582,103.28,0,balon,balon,128.19,51.49,0,no
2583,103.32,1,robot,Equipo A,40.73,57.84,0,no
2583,103.32,2,robot,Equipo A,40.94,85.32,3821,no
2583,103.32,3,robot,Equipo B,117.89,61.5,7699,no
2583,103.32,4,robot,Equipo B,139.69,63.55,8046,no
2583,103.32,0,balon,balon,128.19,51.49,0,no
2584,103.36,1,robot,Equipo A,40.73,57.84,0,no
2584,103.36,2,robot,Equipo A,40.04,85.3,4123,no
2584,103.36,3,robot,Equipo B,117.89,61.5,7699,no
2584,103.36,4,robot,Equipo B,139.69,63.55,8252,no
2584,103.36,0,balon,balon,128.19,51.49,0,no
2585,103.4,1,robot,Equipo A,40.73,57.84,0,no
2585,103.4,2,robot,Equipo A,40.04,85.3,3591,no
2585,103.4,3,robot,Equipo B,117.89,61.5,7686,no
2585,103.4,4,robot,Equipo B,139.69,63.55,7230,no
2585,103.4,0,balon,balon,128.19,51.49,0,no
2586,103.44,1,robot,Equipo A,40.73,57.84,0,no
2586,103.44,2,robot,Equipo A,40.04,85.3,3706,no
2586,103.44,3,robot,Equipo B,117.89,61.5,7686,no
2586,103.44,4,robot,Equipo B,139.69,63.55,7048,no
2586,103.44,0,balon,balon,128.19,51.49,0,no
2587,103.48,1,robot,Equipo A,40.73,57.84,0,no
2587,103.48,2,robot,Equipo A,40.61,85.54,3706,no
2587,103.48,3,robot,Equipo B,117.89,61.5,7686,no
2587,103.48,4,robot,Equipo B,139.69,63.55,6751,no
2587,103.48,0,balon,balon,128.19,51.49,0,no
2588,103.52,1,robot,Equipo A,40.73,57.84,0,no
2588,103.52,2,robot,Equipo A,41.22,85.83,3706,no
2588,103.52,3,robot,Equipo B,117.89,61.5,7686,no
2588,103.52,4,robot,Equipo B,139.69,63.55,6629,no
2588,103.52,0,balon,balon,128.19,51.49,0,no
2589,103.56,1,robot,Equipo A,40.73,57.84,0,no
2589,103.56,2,robot,Equipo A,41.84,86.14,3706,no
2589,103.56,3,robot,Equipo B,117.89,61.5,7686,no
2589,103.56,4,robot,Equipo B,139.69,63.55,6392,no
2589,103.56,0,balon,balon,128.19,51.49,0,no
2590,103.6,1,robot,Equipo A,46.05,59.68,2926,no
2590,103.6,2,robot,Equipo A,41.84,86.14,4695,no
2590,103.6,3,robot,Equipo B,117.89,61.5,7910,no
2590,103.6,4,robot,Equipo B,139.69,63.55,7185,no
2590,103.6,0,balon,balon,128.19,51.49,0,no
2591,103.64,1,robot,Equipo A,50.52,61.23,2926,no
2591,103.64,2,robot,Equipo A,41.84,86.14,4695,no
2591,103.64,3,robot,Equipo B,117.89,61.5,7910,no
2591,103.64,4,robot,Equipo B,139.69,63.55,7514,no
2591,103.64,0,balon,balon,128.19,51.49,0,no
2592,103.68,1,robot,Equipo A,54.33,62.57,2926,no
2592,103.68,2,robot,Equipo A,41.52,85.67,4695,no
2592,103.68,3,robot,Equipo B,117.89,61.5,7910,no
2592,103.68,4,robot,Equipo B,139.69,63.55,7687,no
2592,103.68,0,balon,balon,128.19,51.49,0,no
2593,103.72,1,robot,Equipo A,57.6,63.72,2926,no
2593,103.72,2,robot,Equipo A,41.15,85.15,4695,no
2593,103.72,3,robot,Equipo B,117.89,61.5,7910,no
2593,103.72,4,robot,Equipo B,139.69,63.55,8109,no
2593,103.72,0,balon,balon,128.19,51.49,0,no
2594,103.76,1,robot,Equipo A,60.45,64.72,2926,no
2594,103.76,2,robot,Equipo A,40.74,84.58,4695,no
2594,103.76,3,robot,Equipo B,117.89,61.5,7910,no
2594,103.76,4,robot,Equipo B,139.69,63.55,8315,no
2594,103.76,0,balon,balon,128.19,51.49,0,no
2595,103.8,1,robot,Equipo A,61.82,65.21,2847,no
2595,103.8,2,robot,Equipo A,40.74,84.58,4708,no
2595,103.8,3,robot,Equipo B,117.89,61.5,7504,no
2595,103.8,4,robot,Equipo B,139.69,63.55,7025,no
2595,103.8,0,balon,balon,128.19,51.49,0,no
2596,103.84,1,robot,Equipo A,62.74,65.55,2847,no
2596,103.84,2,robot,Equipo A,40.74,84.58,4708,no
2596,103.84,3,robot,Equipo B,117.89,61.5,7504,no
2596,103.84,4,robot,Equipo B,139.69,63.55,6949,no
2596,103.84,0,balon,balon,128.19,51.49,0,no
2597,103.88,1,robot,Equipo A,63.31,65.76,2847,no
2597,103.88,2,robot,Equipo A,41.46,84.68,4708,no
2597,103.88,3,robot,Equipo B,117.89,61.5,7504,no
2597,103.88,4,robot,Equipo B,139.69,63.55,6872,no
2597,103.88,0,balon,balon,128.19,51.49,0,no
2598,103.92,1,robot,Equipo A,63.31,65.76,2847,no
2598,103.92,2,robot,Equipo A,42.29,84.79,4708,no
2598,103.92,3,robot,Equipo B,117.89,61.5,7504,no
2598,103.92,4,robot,Equipo B,139.69,63.55,6814,no
2598,103.92,0,balon,balon,128.19,51.49,0,no
2599,103.96,1,robot,Equipo A,63.31,65.76,2847,no
2599,103.96,2,robot,Equipo A,43.21,84.91,4708,no
2599,103.96,3,robot,Equipo B,117.89,61.5,7504,no
2599,103.96,4,robot,Equipo B,139.69,63.55,6758,no
2599,103.96,0,balon,balon,128.19,51.49,0,no
2600,104.0,1,robot,Equipo A,64.11,65.98,2802,no
2600,104.0,2,robot,Equipo A,43.21,84.91,6374,no
2600,104.0,3,robot,Equipo B,117.89,61.5,7964,no
2600,104.0,4,robot,Equipo B,139.69,63.55,7203,no
2600,104.0,0,balon,balon,128.19,51.49,0,no
2601,104.04,1,robot,Equipo A,64.88,66.19,2802,no
2601,104.04,2,robot,Equipo A,42.56,84.65,6374,no
2601,104.04,3,robot,Equipo B,117.89,61.5,7964,no
2601,104.04,4,robot,Equipo B,139.69,63.55,7203,no
2601,104.04,0,balon,balon,128.19,51.49,0,no
2602,104.08,1,robot,Equipo A,65.65,66.38,2802,no
2602,104.08,2,robot,Equipo A,41.73,84.39,6374,no
2602,104.08,3,robot,Equipo B,117.89,61.5,7964,no
2602,104.08,4,robot,Equipo B,139.69,63.55,7203,no
2602,104.08,0,balon,balon,128.19,51.49,0,no
2603,104.12,1,robot,Equipo A,66.4,66.57,2802,no
2603,104.12,2,robot,Equipo A,40.75,84.12,6374,no
2603,104.12,3,robot,Equipo B,117.89,61.5,7964,no
2603,104.12,4,robot,Equipo B,139.69,63.55,7203,no
2603,104.12,0,balon,balon,128.19,51.49,0,no
2604,104.16,1,robot,Equipo A,67.15,66.75,2802,no
2604,104.16,2,robot,Equipo A,39.65,83.85,6374,no
2604,104.16,3,robot,Equipo B,117.89,61.5,7964,no
2604,104.16,4,robot,Equipo B,139.69,63.55,7203,no
2604,104.16,0,balon,balon,128.19,51.49,0,no
2605,104.2,1,robot,Equipo A,67.15,66.75,2608,no
2605,104.2,2,robot,Equipo A,39.65,83.85,7234,no
2605,104.2,3,robot,Equipo B,117.89,61.5,7741,no
2605,104.2,4,robot,Equipo B,139.69,63.55,7230,no
2605,104.2,0,balon,balon,128.19,51.49,0,no
2606,104.24,1,robot,Equipo A,67.15,66.75,2608,no
2606,104.24,2,robot,Equipo A,40.25,83.84,7234,no
2606,104.24,3,robot,Equipo B,117.89,61.5,7741,no
2606,104.24,4,robot,Equipo B,139.69,63.55,7230,no
2606,104.24,0,balon,balon,128.19,51.49,0,no
2607,104.28,1,robot,Equipo A,67.15,66.75,2608,no
2607,104.28,2,robot,Equipo A,40.98,83.85,7234,no
2607,104.28,3,robot,Equipo B,117.89,61.5,7741,no
2607,104.28,4,robot,Equipo B,139.69,63.55,7230,no
2607,104.28,0,balon,balon,128.19,51.49,0,no
2608,104.32,1,robot,Equipo A,67.15,66.75,2608,no
2608,104.32,2,robot,Equipo A,41.82,83.9,7234,no
2608,104.32,3,robot,Equipo B,117.89,61.5,7741,no
2608,104.32,4,robot,Equipo B,139.69,63.55,6882,no
2608,104.32,0,balon,balon,128.19,51.49,0,no
2609,104.36,1,robot,Equipo A,67.15,66.75,2608,no
2609,104.36,2,robot,Equipo A,42.75,83.96,7234,no
2609,104.36,3,robot,Equipo B,117.89,61.5,7741,no
2609,104.36,4,robot,Equipo B,139.69,63.55,6100,no
2609,104.36,0,balon,balon,128.19,51.49,0,no
2610,104.4,1,robot,Equipo A,67.15,66.75,3132,no
2610,104.4,2,robot,Equipo A,42.75,83.96,10210,no
2610,104.4,3,robot,Equipo B,118.88,61.13,4974,no
2610,104.4,4,robot,Equipo B,139.09,63.6,5248,no
2610,104.4,0,balon,balon,128.19,51.49,0,no
2611,104.44,1,robot,Equipo A,67.15,66.75,3132,no
2611,104.44,2,robot,Equipo A,42.14,84.1,10210,no
2611,104.44,3,robot,Equipo B,120.72,61.21,10415,no
2611,104.44,4,robot,Equipo B,139.09,63.6,0,no
2611,104.44,0,balon,balon,128.19,51.49,0,no
2612,104.48,1,robot,Equipo A,67.15,66.75,3132,no
2612,104.48,2,robot,Equipo A,41.27,84.23,10210,no
2612,104.48,3,robot,Equipo B,121.88,61.22,10831,no
2612,104.48,4,robot,Equipo B,139.09,63.6,0,no
2612,104.48,0,balon,balon,128.19,51.49,0,no
2613,104.52,1,robot,Equipo A,67.15,66.75,3132,no
2613,104.52,2,robot,Equipo A,40.21,84.37,10210,no
2613,104.52,3,robot,Equipo B,122.52,61.17,11219,no
2613,104.52,4,robot,Equipo B,139.09,63.6,0,no
2613,104.52,0,balon,balon,128.19,51.49,0,no
2614,104.56,1,robot,Equipo A,67.15,66.75,3132,no
2614,104.56,2,robot,Equipo A,39.0,84.52,10210,no
2614,104.56,3,robot,Equipo B,122.52,61.17,11813,no
2614,104.56,4,robot,Equipo B,139.09,63.6,0,no
2614,104.56,0,balon,balon,128.19,51.49,0,no
2615,104.6,1,robot,Equipo A,67.15,66.75,0,no
2615,104.6,2,robot,Equipo A,34.66,81.25,6298,no
2615,104.6,3,robot,Equipo B,122.52,61.17,0,no
2615,104.6,4,robot,Equipo B,139.09,63.6,0,no
2615,104.6,0,balon,balon,128.19,51.49,0,no
2616,104.64,1,robot,Equipo A,67.15,66.75,0,no
2616,104.64,2,robot,Equipo A,30.93,77.97,6298,no
2616,104.64,3,robot,Equipo B,122.52,61.17,0,no
2616,104.64,4,robot,Equipo B,139.09,63.6,0,no
2616,104.64,0,balon,balon,128.19,51.49,0,no
2617,104.68,1,robot,Equipo A,67.15,66.75,0,no
2617,104.68,2,robot,Equipo A,27.69,74.68,6298,no
2617,104.68,3,robot,Equipo B,122.52,61.17,0,no
2617,104.68,4,robot,Equipo B,139.09,63.6,0,no
2617,104.68,0,balon,balon,128.19,51.49,0,no
2618,104.72,1,robot,Equipo A,67.15,66.75,0,no
2618,104.72,2,robot,Equipo A,24.84,71.39,6298,no
2618,104.72,3,robot,Equipo B,122.52,61.17,0,no
2618,104.72,4,robot,Equipo B,139.09,63.6,0,no
2618,104.72,0,balon,balon,128.19,51.49,0,no
2619,104.76,1,robot,Equipo A,67.15,66.75,0,no
2619,104.76,2,robot,Equipo A,22.31,68.09,6298,no
2619,104.76,3,robot,Equipo B,122.52,61.17,0,no
2619,104.76,4,robot,Equipo B,139.09,63.6,0,no
2619,104.76,0,balon,balon,128.19,51.49,0,no
2620,104.8,1,robot,Equipo A,66.04,66.46,12604,no
2620,104.8,2,robot,Equipo A,25.1,68.45,14741,no
2620,104.8,3,robot,Equipo B,121.28,61.15,7760,no
2620,104.8,4,robot,Equipo B,139.09,63.6,0,no
2620,104.8,0,balon,balon,128.19,51.49,0,no
2621,104.84,1,robot,Equipo A,64.93,66.19,12607,no
2621,104.84,2,robot,Equipo A,25.1,68.45,0,no
2621,104.84,3,robot,Equipo B,120.28,61.14,7760,no
2621,104.84,4,robot,Equipo B,139.09,63.6,0,no
2621,104.84,0,balon,balon,128.19,51.49,0,no
2622,104.88,1,robot,Equipo A,62.2,67.2,27971,no
2622,104.88,2,robot,Equipo A,25.1,68.45,0,no
2622,104.88,3,robot,Equipo B,119.49,61.13,7760,no
2622,104.88,4,robot,Equipo B,139.09,63.6,0,no
2622,104.88,0,balon,balon,128.19,51.49,0,no
2623,104.92,1,robot,Equipo A,60.36,68.35,27882,no
2623,104.92,2,robot,Equipo A,25.1,68.45,0,no
2623,104.92,3,robot,Equipo B,118.85,61.13,7760,no
2623,104.92,4,robot,Equipo B,139.09,63.6,0,no
2623,104.92,0,balon,balon,128.19,51.49,0,no
2624,104.96,1,robot,Equipo A,59.22,69.61,27935,no
2624,104.96,2,robot,Equipo A,25.1,68.45,0,no
2624,104.96,3,robot,Equipo B,118.34,61.12,7760,no
2624,104.96,4,robot,Equipo B,139.09,63.6,0,no
2624,104.96,0,balon,balon,128.19,51.49,0,no
2625,105.0,1,robot,Equipo A,54.52,69.59,15606,no
2625,105.0,2,robot,Equipo A,25.1,68.45,0,no
2625,105.0,3,robot,Equipo B,117.82,61.12,7243,no
2625,105.0,4,robot,Equipo B,139.09,63.6,0,no
2625,105.0,0,balon,balon,128.19,51.49,0,no
2626,105.04,1,robot,Equipo A,50.75,69.56,15606,no
2626,105.04,2,robot,Equipo A,25.1,68.45,0,no
2626,105.04,3,robot,Equipo B,117.82,61.12,7243,no
2626,105.04,4,robot,Equipo B,139.09,63.6,0,no
2626,105.04,0,balon,balon,128.19,51.49,0,no
2627,105.08,1,robot,Equipo A,47.74,69.55,15606,no
2627,105.08,2,robot,Equipo A,25.1,68.45,0,no
2627,105.08,3,robot,Equipo B,117.82,61.12,7243,no
2627,105.08,4,robot,Equipo B,139.09,63.6,0,no
2627,105.08,0,balon,balon,128.19,51.49,0,no
2628,105.12,1,robot,Equipo A,45.33,69.53,15606,no
2628,105.12,2,robot,Equipo A,25.1,68.45,0,no
2628,105.12,3,robot,Equipo B,117.82,61.12,7243,no
2628,105.12,4,robot,Equipo B,139.09,63.6,0,no
2628,105.12,0,balon,balon,128.19,51.49,0,no
2629,105.16,1,robot,Equipo A,43.41,69.52,15606,no
2629,105.16,2,robot,Equipo A,25.1,68.45,0,no
2629,105.16,3,robot,Equipo B,117.82,61.12,7243,no
2629,105.16,4,robot,Equipo B,139.09,63.6,0,no
2629,105.16,0,balon,balon,128.19,51.49,0,no
2630,105.2,1,robot,Equipo A,42.04,69.66,14128,no
2630,105.2,2,robot,Equipo A,23.23,64.06,11650,no
2630,105.2,3,robot,Equipo B,117.29,61.11,6298,no
2630,105.2,4,robot,Equipo B,139.09,63.6,0,no
2630,105.2,0,balon,balon,128.19,51.49,0,no
2631,105.24,1,robot,Equipo A,40.97,69.79,14128,no
2631,105.24,2,robot,Equipo A,21.24,60.96,11650,no
2631,105.24,3,robot,Equipo B,117.29,61.11,6298,no
2631,105.24,4,robot,Equipo B,139.09,63.6,0,no
2631,105.24,0,balon,balon,128.19,51.49,0,no
2632,105.28,1,robot,Equipo A,40.14,69.93,14128,no
2632,105.28,2,robot,Equipo A,19.18,58.88,11650,no
2632,105.28,3,robot,Equipo B,117.29,61.11,6298,no
2632,105.28,4,robot,Equipo B,139.09,63.6,0,no
2632,105.28,0,balon,balon,128.19,51.49,0,no
2633,105.32,1,robot,Equipo A,39.51,70.07,14128,no
2633,105.32,2,robot,Equipo A,17.13,57.65,11121,no
2633,105.32,3,robot,Equipo B,116.78,61.11,6298,no
2633,105.32,4,robot,Equipo B,139.09,63.6,0,no
2633,105.32,0,balon,balon,128.19,51.49,0,no
2634,105.36,1,robot,Equipo A,39.51,70.07,14128,no
2634,105.36,2,robot,Equipo A,15.29,57.07,9290,no
2634,105.36,3,robot,Equipo B,116.78,61.11,6298,no
2634,105.36,4,robot,Equipo B,139.09,63.6,0,no
2634,105.36,0,balon,balon,128.19,51.49,0,no
2635,105.4,1,robot,Equipo A,38.92,70.16,13919,no
2635,105.4,2,robot,Equipo A,15.26,54.75,14769,no
2635,105.4,3,robot,Equipo B,116.78,61.11,6573,no
2635,105.4,4,robot,Equipo B,139.09,63.6,0,no
2635,105.4,0,balon,balon,128.19,51.49,0,no
2636,105.44,1,robot,Equipo A,38.41,70.19,13919,no
2636,105.44,2,robot,Equipo A,16.01,52.3,14769,no
2636,105.44,3,robot,Equipo B,116.78,61.11,6573,no
2636,105.44,4,robot,Equipo B,139.09,63.6,0,no
2636,105.44,0,balon,balon,128.19,51.49,0,no
2637,105.48,1,robot,Equipo A,38.41,70.19,13919,no
2637,105.48,2,robot,Equipo A,17.37,49.72,14769,no
2637,105.48,3,robot,Equipo B,116.78,61.11,6573,no
2637,105.48,4,robot,Equipo B,139.09,63.6,0,no
2637,105.48,0,balon,balon,128.19,51.49,0,no
2638,105.52,1,robot,Equipo A,38.41,70.19,13919,no
2638,105.52,2,robot,Equipo A,19.22,47.06,14769,no
2638,105.52,3,robot,Equipo B,116.78,61.11,6573,no
2638,105.52,4,robot,Equipo B,139.09,63.6,0,no
2638,105.52,0,balon,balon,128.19,51.49,0,no
2639,105.56,1,robot,Equipo A,38.41,70.19,13919,no
2639,105.56,2,robot,Equipo A,21.47,44.32,14769,no
2639,105.56,3,robot,Equipo B,116.78,61.11,0,no
2639,105.56,4,robot,Equipo B,134.48,62.9,6573,no
2639,105.56,0,balon,balon,128.19,51.49,0,no
2640,105.6,1,robot,Equipo A,38.41,70.19,13640,no
2640,105.6,2,robot,Equipo A,21.47,44.32,0,no
2640,105.6,3,robot,Equipo B,116.78,61.11,6762,no
2640,105.6,4,robot,Equipo B,134.48,62.9,0,no
2640,105.6,0,balon,balon,128.19,51.49,0,no
2641,105.64,1,robot,Equipo A,38.41,70.19,13640,no
2641,105.64,2,robot,Equipo A,21.47,44.32,0,no
2641,105.64,3,robot,Equipo B,116.78,61.11,6762,no
2641,105.64,4,robot,Equipo B,134.48,62.9,0,no
2641,105.64,0,balon,balon,128.19,51.49,0,no
2642,105.68,1,robot,Equipo A,38.41,70.19,13640,no
2642,105.68,2,robot,Equipo A,21.47,44.32,0,no
2642,105.68,3,robot,Equipo B,116.78,61.11,6762,no
2642,105.68,4,robot,Equipo B,134.48,62.9,0,no
2642,105.68,0,balon,balon,128.19,51.49,0,no
2643,105.72,1,robot,Equipo A,38.41,70.19,13640,no
2643,105.72,2,robot,Equipo A,21.47,44.32,0,no
2643,105.72,3,robot,Equipo B,116.78,61.11,6762,no
2643,105.72,4,robot,Equipo B,134.48,62.9,0,no
2643,105.72,0,balon,balon,128.19,51.49,0,no
2644,105.76,1,robot,Equipo A,38.41,70.19,13640,no
2644,105.76,2,robot,Equipo A,21.47,44.32,0,no
2644,105.76,3,robot,Equipo B,116.78,61.11,6762,no
2644,105.76,4,robot,Equipo B,134.48,62.9,0,no
2644,105.76,0,balon,balon,128.19,51.49,0,no
2645,105.8,1,robot,Equipo A,38.41,70.19,13836,no
2645,105.8,2,robot,Equipo A,19.1,45.62,3019,no
2645,105.8,3,robot,Equipo B,116.78,61.11,6653,no
2645,105.8,4,robot,Equipo B,134.48,62.9,0,no
2645,105.8,0,balon,balon,128.19,51.49,0,no
2646,105.84,1,robot,Equipo A,38.41,70.19,13836,no
2646,105.84,2,robot,Equipo A,17.24,46.61,3212,no
2646,105.84,3,robot,Equipo B,116.78,61.11,6653,no
2646,105.84,4,robot,Equipo B,134.48,62.9,0,no
2646,105.84,0,balon,balon,128.19,51.49,0,no
2647,105.88,1,robot,Equipo A,38.41,70.19,13836,no
2647,105.88,2,robot,Equipo A,15.74,47.4,3212,no
2647,105.88,3,robot,Equipo B,116.78,61.11,6653,no
2647,105.88,4,robot,Equipo B,134.48,62.9,0,no
2647,105.88,0,balon,balon,128.19,51.49,0,no
2648,105.92,1,robot,Equipo A,38.41,70.19,13836,no
2648,105.92,2,robot,Equipo A,14.55,48.03,3212,no
2648,105.92,3,robot,Equipo B,116.78,61.11,6653,no
2648,105.92,4,robot,Equipo B,134.48,62.9,0,no
2648,105.92,0,balon,balon,128.19,51.49,0,no
2649,105.96,1,robot,Equipo A,38.41,70.19,13836,no
2649,105.96,2,robot,Equipo A,13.6,48.54,3212,no
2649,105.96,3,robot,Equipo B,116.78,61.11,6653,no
2649,105.96,4,robot,Equipo B,134.48,62.9,0,no
2649,105.96,0,balon,balon,128.19,51.49,0,no
2650,106.0,1,robot,Equipo A,38.41,70.19,13973,no
2650,106.0,2,robot,Equipo A,13.31,49.06,13309,no
2650,106.0,3,robot,Equipo B,116.78,61.11,6632,no
2650,106.0,4,robot,Equipo B,134.48,62.9,0,no
2650,106.0,0,balon,balon,128.19,51.49,0,no
2651,106.04,1,robot,Equipo A,38.41,70.19,13973,no
2651,106.04,2,robot,Equipo A,13.15,50.02,13446,no
2651,106.04,3,robot,Equipo B,116.78,61.11,6632,no
2651,106.04,4,robot,Equipo B,134.48,62.9,0,no
2651,106.04,0,balon,balon,128.19,51.49,0,no
2652,106.08,1,robot,Equipo A,38.41,70.19,13973,no
2652,106.08,2,robot,Equipo A,13.04,51.34,13446,no
2652,106.08,3,robot,Equipo B,116.78,61.11,6632,no
2652,106.08,4,robot,Equipo B,134.48,62.9,0,no
2652,106.08,0,balon,balon,128.19,51.49,0,no
2653,106.12,1,robot,Equipo A,38.41,70.19,13973,no
2653,106.12,2,robot,Equipo A,12.98,52.95,13446,no
2653,106.12,3,robot,Equipo B,116.78,61.11,6632,no
2653,106.12,4,robot,Equipo B,134.48,62.9,0,no
2653,106.12,0,balon,balon,128.19,51.49,0,no
2654,106.16,1,robot,Equipo A,38.41,70.19,13973,no
2654,106.16,2,robot,Equipo A,12.96,54.78,13446,no
2654,106.16,3,robot,Equipo B,116.78,61.11,6632,no
2654,106.16,4,robot,Equipo B,134.48,62.9,0,no
2654,106.16,0,balon,balon,128.19,51.49,0,no
2655,106.2,1,robot,Equipo A,38.41,70.19,14051,no
2655,106.2,2,robot,Equipo A,12.96,54.78,0,no
2655,106.2,3,robot,Equipo B,116.78,61.11,6847,no
2655,106.2,4,robot,Equipo B,134.48,62.9,0,no
2655,106.2,0,balon,balon,128.19,51.49,0,no
2656,106.24,1,robot,Equipo A,38.41,70.19,14051,no
2656,106.24,2,robot,Equipo A,12.96,54.78,0,no
2656,106.24,3,robot,Equipo B,116.78,61.11,6847,no
2656,106.24,4,robot,Equipo B,134.48,62.9,0,no
2656,106.24,0,balon,balon,128.19,51.49,0,no
2657,106.28,1,robot,Equipo A,38.41,70.19,14051,no
2657,106.28,2,robot,Equipo A,12.96,54.78,0,no
2657,106.28,3,robot,Equipo B,116.78,61.11,6847,no
2657,106.28,4,robot,Equipo B,134.48,62.9,0,no
2657,106.28,0,balon,balon,128.19,51.49,0,no
2658,106.32,1,robot,Equipo A,43.2,69.33,11641,no
2658,106.32,2,robot,Equipo A,17.68,57.84,14051,no
2658,106.32,3,robot,Equipo B,116.78,61.11,6847,no
2658,106.32,4,robot,Equipo B,134.48,62.9,0,no
2658,106.32,0,balon,balon,128.19,51.49,0,no
2659,106.36,1,robot,Equipo A,47.05,68.64,11641,no
2659,106.36,2,robot,Equipo A,21.45,60.25,14051,no
2659,106.36,3,robot,Equipo B,116.78,61.11,6847,no
2659,106.36,4,robot,Equipo B,134.48,62.9,0,no
2659,106.36,0,balon,balon,128.19,51.49,0,no
2660,106.4,1,robot,Equipo A,44.95,68.98,14174,no
2660,106.4,2,robot,Equipo A,18.67,62.96,10102,no
2660,106.4,3,robot,Equipo B,116.78,61.11,6534,no
2660,106.4,4,robot,Equipo B,134.48,62.9,0,no
2660,106.4,0,balon,balon,128.19,51.49,0,no
2661,106.44,1,robot,Equipo A,43.27,69.28,14174,no
2661,106.44,2,robot,Equipo A,16.41,65.22,9784,no
2661,106.44,3,robot,Equipo B,116.78,61.11,6534,no
2661,106.44,4,robot,Equipo B,134.48,62.9,0,no
2661,106.44,0,balon,balon,128.19,51.49,0,no
2662,106.48,1,robot,Equipo A,41.93,69.55,14174,no
2662,106.48,2,robot,Equipo A,14.57,67.08,9471,no
2662,106.48,3,robot,Equipo B,116.78,61.11,6534,no
2662,106.48,4,robot,Equipo B,134.48,62.9,0,no
2662,106.48,0,balon,balon,128.19,51.49,0,no
2663,106.52,1,robot,Equipo A,40.85,69.8,14174,no
2663,106.52,2,robot,Equipo A,13.07,68.66,9159,no
2663,106.52,3,robot,Equipo B,116.78,61.11,6534,no
2663,106.52,4,robot,Equipo B,134.48,62.9,0,no
2663,106.52,0,balon,balon,128.19,51.49,0,no
2664,106.56,1,robot,Equipo A,39.99,70.02,14174,no
2664,106.56,2,robot,Equipo A,11.82,69.98,8837,no
2664,106.56,3,robot,Equipo B,116.78,61.11,6534,no
2664,106.56,4,robot,Equipo B,134.48,62.9,0,no
2664,106.56,0,balon,balon,128.19,51.49,0,no
2665,106.6,1,robot,Equipo A,39.3,70.08,14170,no
2665,106.6,2,robot,Equipo A,10.98,70.83,10176,no
2665,106.6,3,robot,Equipo B,116.78,61.11,6453,no
2665,106.6,4,robot,Equipo B,134.48,62.9,0,no
2665,106.6,0,balon,balon,128.19,51.49,0,no
2666,106.64,1,robot,Equipo A,38.75,70.11,14170,no
2666,106.64,2,robot,Equipo A,10.34,71.46,10378,no
2666,106.64,3,robot,Equipo B,116.78,61.11,6453,no
2666,106.64,4,robot,Equipo B,134.48,62.9,0,no
2666,106.64,0,balon,balon,128.19,51.49,0,no
2667,106.68,1,robot,Equipo A,38.75,70.11,14170,no
2667,106.68,2,robot,Equipo A,9.86,71.93,10576,no
2667,106.68,3,robot,Equipo B,116.78,61.11,6453,no
2667,106.68,4,robot,Equipo B,134.48,62.9,0,no
2667,106.68,0,balon,balon,128.19,51.49,0,no
2668,106.72,1,robot,Equipo A,38.75,70.11,14170,no
2668,106.72,2,robot,Equipo A,9.86,71.93,10782,no
2668,106.72,3,robot,Equipo B,116.78,61.11,6453,no
2668,106.72,4,robot,Equipo B,134.48,62.9,0,no
2668,106.72,0,balon,balon,128.19,51.49,0,no
2669,106.76,1,robot,Equipo A,38.75,70.11,14170,no
2669,106.76,2,robot,Equipo A,9.86,71.93,10988,no
2669,106.76,3,robot,Equipo B,116.78,61.11,6453,no
2669,106.76,4,robot,Equipo B,134.48,62.9,0,no
2669,106.76,0,balon,balon,128.19,51.49,0,no
2670,106.8,1,robot,Equipo A,43.38,69.2,12162,no
2670,106.8,2,robot,Equipo A,15.2,71.64,13986,no
2670,106.8,3,robot,Equipo B,116.78,61.11,6811,no
2670,106.8,4,robot,Equipo B,134.48,62.9,0,no
2670,106.8,0,balon,balon,128.19,51.49,0,no
2671,106.84,1,robot,Equipo A,47.06,68.45,12162,no
2671,106.84,2,robot,Equipo A,19.47,71.44,13986,no
2671,106.84,3,robot,Equipo B,116.78,61.11,6811,no
2671,106.84,4,robot,Equipo B,134.48,62.9,0,no
2671,106.84,0,balon,balon,128.19,51.49,0,no
2672,106.88,1,robot,Equipo A,49.97,67.82,12162,no
2672,106.88,2,robot,Equipo A,22.89,71.31,13986,no
2672,106.88,3,robot,Equipo B,116.78,61.11,6811,no
2672,106.88,4,robot,Equipo B,134.48,62.9,0,no
2672,106.88,0,balon,balon,128.19,51.49,0,no
2673,106.92,1,robot,Equipo A,52.27,67.28,12162,no
2673,106.92,2,robot,Equipo A,25.62,71.23,13986,no
2673,106.92,3,robot,Equipo B,116.78,61.11,6811,no
2673,106.92,4,robot,Equipo B,134.48,62.9,0,no
2673,106.92,0,balon,balon,128.19,51.49,0,no
2674,106.96,1,robot,Equipo A,54.09,66.82,12162,no
2674,106.96,2,robot,Equipo A,27.8,71.2,13986,no
2674,106.96,3,robot,Equipo B,116.78,61.11,6811,no
2674,106.96,4,robot,Equipo B,134.48,62.9,0,no
2674,106.96,0,balon,balon,128.19,51.49,0,no
2675,107.0,1,robot,Equipo A,50.58,67.53,14033,no
2675,107.0,2,robot,Equipo A,24.96,68.34,16017,no
2675,107.0,3,robot,Equipo B,116.78,61.11,6337,no
2675,107.0,4,robot,Equipo B,134.48,62.9,0,no
2675,107.0,0,balon,balon,128.19,51.49,0,no
2676,107.04,1,robot,Equipo A,47.77,68.06,14030,no
2676,107.04,2,robot,Equipo A,22.95,65.33,16017,no
2676,107.04,3,robot,Equipo B,116.78,61.11,6337,no
2676,107.04,4,robot,Equipo B,134.48,62.9,0,no
2676,107.04,0,balon,balon,128.19,51.49,0,no
2677,107.08,1,robot,Equipo A,45.53,68.46,14030,no
2677,107.08,2,robot,Equipo A,21.59,62.2,16017,no
2677,107.08,3,robot,Equipo B,116.78,61.11,6337,no
2677,107.08,4,robot,Equipo B,134.48,62.9,0,no
2677,107.08,0,balon,balon,128.19,51.49,0,no
2678,107.12,1,robot,Equipo A,43.73,68.75,14030,no
2678,107.12,2,robot,Equipo A,20.76,58.98,16017,no
2678,107.12,3,robot,Equipo B,116.78,61.11,6337,no
2678,107.12,4,robot,Equipo B,134.48,62.9,0,no
2678,107.12,0,balon,balon,128.19,51.49,0,no
2679,107.16,1,robot,Equipo A,42.3,68.96,14030,no
2679,107.16,2,robot,Equipo A,20.34,55.68,16017,no
2679,107.16,3,robot,Equipo B,116.78,61.11,6337,no
2679,107.16,4,robot,Equipo B,134.48,62.9,0,no
2679,107.16,0,balon,balon,128.19,51.49,0,no
2680,107.2,1,robot,Equipo A,37.44,71.86,12941,no
2680,107.2,2,robot,Equipo A,19.0,55.84,14579,no
2680,107.2,3,robot,Equipo B,116.78,61.11,6524,no
2680,107.2,4,robot,Equipo B,134.48,62.9,0,no
2680,107.2,0,balon,balon,128.19,51.49,0,no
2681,107.24,1,robot,Equipo A,32.95,74.33,12941,no
2681,107.24,2,robot,Equipo A,17.6,56.34,14579,no
2681,107.24,3,robot,Equipo B,116.78,61.11,6524,no
2681,107.24,4,robot,Equipo B,134.48,62.9,0,no
2681,107.24,0,balon,balon,128.19,51.49,0,no
2682,107.28,1,robot,Equipo A,28.66,76.51,13481,no
2682,107.28,2,robot,Equipo A,16.18,57.12,14579,no
2682,107.28,3,robot,Equipo B,116.78,61.11,6524,no
2682,107.28,4,robot,Equipo B,134.48,62.9,0,no
2682,107.28,0,balon,balon,128.19,51.49,0,no
2683,107.32,1,robot,Equipo A,28.66,76.51,0,no
2683,107.32,2,robot,Equipo A,14.84,60.14,27044,no
2683,107.32,3,robot,Equipo B,116.78,61.11,6524,no
2683,107.32,4,robot,Equipo B,134.48,62.9,0,no
2683,107.32,0,balon,balon,128.19,51.49,0,no
2684,107.36,1,robot,Equipo A,28.66,76.51,0,no
2684,107.36,2,robot,Equipo A,13.43,62.47,25342,no
2684,107.36,3,robot,Equipo B,116.78,61.11,6524,no
2684,107.36,4,robot,Equipo B,134.48,62.9,0,no
2684,107.36,0,balon,balon,128.19,51.49,0,no
2685,107.4,1,robot,Equipo A,30.26,75.28,14072,no
2685,107.4,2,robot,Equipo A,13.41,61.18,13360,no
2685,107.4,3,robot,Equipo B,116.78,61.11,7340,no
2685,107.4,4,robot,Equipo B,134.48,62.9,0,no
2685,107.4,0,balon,balon,128.19,51.49,0,no
2686,107.44,1,robot,Equipo A,34.47,73.77,25757,no
2686,107.44,2,robot,Equipo A,13.65,59.78,13360,no
2686,107.44,3,robot,Equipo B,116.78,61.11,7340,no
2686,107.44,4,robot,Equipo B,134.48,62.9,0,no
2686,107.44,0,balon,balon,128.19,51.49,0,no
2687,107.48,1,robot,Equipo A,38.57,72.56,21735,no
2687,107.48,2,robot,Equipo A,14.09,58.28,13360,no
2687,107.48,3,robot,Equipo B,116.78,61.11,7340,no
2687,107.48,4,robot,Equipo B,134.48,62.9,0,no
2687,107.48,0,balon,balon,128.19,51.49,0,no
2688,107.52,1,robot,Equipo A,42.44,71.54,17682,no
2688,107.52,2,robot,Equipo A,14.7,56.71,13360,no
2688,107.52,3,robot,Equipo B,116.78,61.11,7340,no
2688,107.52,4,robot,Equipo B,134.48,62.9,0,no
2688,107.52,0,balon,balon,128.19,51.49,0,no
2689,107.56,1,robot,Equipo A,46.02,70.58,14388,no
2689,107.56,2,robot,Equipo A,15.44,55.07,13360,no
2689,107.56,3,robot,Equipo B,116.78,61.11,7340,no
2689,107.56,4,robot,Equipo B,134.48,62.9,0,no
2689,107.56,0,balon,balon,128.19,51.49,0,no
2690,107.6,1,robot,Equipo A,40.25,72.99,14396,no
2690,107.6,2,robot,Equipo A,15.44,55.07,13103,no
2690,107.6,3,robot,Equipo B,116.78,61.11,7155,no
2690,107.6,4,robot,Equipo B,134.48,62.9,0,no
2690,107.6,0,balon,balon,128.19,51.49,0,no
2691,107.64,1,robot,Equipo A,35.63,74.91,14396,no
2691,107.64,2,robot,Equipo A,14.85,55.47,13103,no
2691,107.64,3,robot,Equipo B,116.78,61.11,7155,no
2691,107.64,4,robot,Equipo B,134.48,62.9,0,no
2691,107.64,0,balon,balon,128.19,51.49,0,no
2692,107.68,1,robot,Equipo A,31.93,76.46,14396,no
2692,107.68,2,robot,Equipo A,14.17,56.08,13103,no
2692,107.68,3,robot,Equipo B,116.78,61.11,7155,no
2692,107.68,4,robot,Equipo B,134.48,62.9,0,no
2692,107.68,0,balon,balon,128.19,51.49,0,no
2693,107.72,1,robot,Equipo A,28.97,77.69,14396,no
2693,107.72,2,robot,Equipo A,13.43,56.85,13103,no
2693,107.72,3,robot,Equipo B,116.78,61.11,7155,no
2693,107.72,4,robot,Equipo B,134.48,62.9,0,no
2693,107.72,0,balon,balon,128.19,51.49,0,no
2694,107.76,1,robot,Equipo A,28.97,77.69,0,no
2694,107.76,2,robot,Equipo A,13.43,56.85,0,no
2694,107.76,3,robot,Equipo B,116.78,61.11,7155,no
2694,107.76,4,robot,Equipo B,134.48,62.9,0,no
2694,107.76,0,balon,balon,128.19,51.49,0,no
2695,107.8,1,robot,Equipo A,30.51,76.25,14159,no
2695,107.8,2,robot,Equipo A,13.43,56.85,12992,no
2695,107.8,3,robot,Equipo B,116.78,61.11,6531,no
2695,107.8,4,robot,Equipo B,134.48,62.9,0,no
2695,107.8,0,balon,balon,128.19,51.49,0,no
2696,107.84,1,robot,Equipo A,32.4,74.98,14156,no
2696,107.84,2,robot,Equipo A,13.43,56.85,12992,no
2696,107.84,3,robot,Equipo B,116.78,61.11,6531,no
2696,107.84,4,robot,Equipo B,134.48,62.9,0,no
2696,107.84,0,balon,balon,128.19,51.49,0,no
2697,107.88,1,robot,Equipo A,36.32,73.59,25838,no
2697,107.88,2,robot,Equipo A,13.86,56.31,12992,no
2697,107.88,3,robot,Equipo B,116.78,61.11,6531,no
2697,107.88,4,robot,Equipo B,134.48,62.9,0,no
2697,107.88,0,balon,balon,128.19,51.49,0,no
2698,107.92,1,robot,Equipo A,39.82,72.45,23963,no
2698,107.92,2,robot,Equipo A,14.44,55.8,12992,no
2698,107.92,3,robot,Equipo B,116.78,61.11,6531,no
2698,107.92,4,robot,Equipo B,134.48,62.9,0,no
2698,107.92,0,balon,balon,128.19,51.49,0,no
2699,107.96,1,robot,Equipo A,43.05,71.57,20916,no
2699,107.96,2,robot,Equipo A,15.12,55.3,12992,no
2699,107.96,3,robot,Equipo B,116.78,61.11,6531,no
2699,107.96,4,robot,Equipo B,134.48,62.9,0,no
2699,107.96,0,balon,balon,128.19,51.49,0,no
2700,108.0,1,robot,Equipo A,41.75,71.35,14349,no
2700,108.0,2,robot,Equipo A,14.62,55.27,10617,no
2700,108.0,3,robot,Equipo B,116.78,61.11,6656,no
2700,108.0,4,robot,Equipo B,134.48,62.9,0,no
2700,108.0,0,balon,balon,128.19,51.49,0,no
2701,108.04,1,robot,Equipo A,40.71,71.18,14300,no
2701,108.04,2,robot,Equipo A,14.02,55.22,10617,no
2701,108.04,3,robot,Equipo B,116.78,61.11,6656,no
2701,108.04,4,robot,Equipo B,134.48,62.9,0,no
2701,108.04,0,balon,balon,128.19,51.49,0,no
2702,108.08,1,robot,Equipo A,39.88,71.04,14300,no
2702,108.08,2,robot,Equipo A,13.34,55.16,10617,no
2702,108.08,3,robot,Equipo B,116.78,61.11,6656,no
2702,108.08,4,robot,Equipo B,134.48,62.9,0,no
2702,108.08,0,balon,balon,128.19,51.49,0,no
2703,108.12,1,robot,Equipo A,39.21,70.93,14300,no
2703,108.12,2,robot,Equipo A,12.6,55.07,10617,no
2703,108.12,3,robot,Equipo B,116.78,61.11,6656,no
2703,108.12,4,robot,Equipo B,134.48,62.9,0,no
2703,108.12,0,balon,balon,128.19,51.49,0,no
2704,108.16,1,robot,Equipo A,38.68,70.84,14300,no
2704,108.16,2,robot,Equipo A,11.8,54.98,10617,no
2704,108.16,3,robot,Equipo B,116.78,61.11,6656,no
2704,108.16,4,robot,Equipo B,134.48,62.9,0,no
2704,108.16,0,balon,balon,128.19,51.49,0,no
2705,108.2,1,robot,Equipo A,38.68,70.84,14747,no
2705,108.2,2,robot,Equipo A,11.8,54.98,9289,no
2705,108.2,3,robot,Equipo B,116.78,61.11,6743,no
2705,108.2,4,robot,Equipo B,134.48,62.9,0,no
2705,108.2,0,balon,balon,128.19,51.49,0,no
2706,108.24,1,robot,Equipo A,43.35,69.85,11848,no
2706,108.24,2,robot,Equipo A,14.97,56.93,24220,no
2706,108.24,3,robot,Equipo B,116.78,61.11,6743,no
2706,108.24,4,robot,Equipo B,134.48,62.9,0,no
2706,108.24,0,balon,balon,128.19,51.49,0,no
2707,108.28,1,robot,Equipo A,47.09,69.05,11831,no
2707,108.28,2,robot,Equipo A,17.58,58.51,24151,no
2707,108.28,3,robot,Equipo B,116.78,61.11,6743,no
2707,108.28,4,robot,Equipo B,134.48,62.9,0,no
2707,108.28,0,balon,balon,128.19,51.49,0,no
2708,108.32,1,robot,Equipo A,50.08,68.42,11845,no
2708,108.32,2,robot,Equipo A,19.76,59.84,24086,no
2708,108.32,3,robot,Equipo B,116.78,61.11,6743,no
2708,108.32,4,robot,Equipo B,134.48,62.9,0,no
2708,108.32,0,balon,balon,128.19,51.49,0,no
2709,108.36,1,robot,Equipo A,52.48,67.91,11847,no
2709,108.36,2,robot,Equipo A,21.56,60.93,24019,no
2709,108.36,3,robot,Equipo B,116.78,61.11,6743,no
2709,108.36,4,robot,Equipo B,134.48,62.9,0,no
2709,108.36,0,balon,balon,128.19,51.49,0,no
2710,108.4,1,robot,Equipo A,49.26,68.42,14950,no
2710,108.4,2,robot,Equipo A,19.74,59.75,9566,no
2710,108.4,3,robot,Equipo B,116.78,61.11,6750,no
2710,108.4,4,robot,Equipo B,134.48,62.9,0,no
2710,108.4,0,balon,balon,128.19,51.49,0,no
2711,108.44,1,robot,Equipo A,46.69,68.81,14909,no
2711,108.44,2,robot,Equipo A,18.09,58.8,9566,no
2711,108.44,3,robot,Equipo B,116.78,61.11,6750,no
2711,108.44,4,robot,Equipo B,134.48,62.9,0,no
2711,108.44,0,balon,balon,128.19,51.49,0,no
2712,108.48,1,robot,Equipo A,44.64,69.09,14909,no
2712,108.48,2,robot,Equipo A,16.57,58.05,9566,no
2712,108.48,3,robot,Equipo B,116.78,61.11,6750,no
2712,108.48,4,robot,Equipo B,134.48,62.9,0,no
2712,108.48,0,balon,balon,128.19,51.49,0,no
2713,108.52,1,robot,Equipo A,42.99,69.28,14909,no
2713,108.52,2,robot,Equipo A,15.15,57.45,9566,no
2713,108.52,3,robot,Equipo B,116.78,61.11,6750,no
2713,108.52,4,robot,Equipo B,134.48,62.9,0,no
2713,108.52,0,balon,balon,128.19,51.49,0,no
2714,108.56,1,robot,Equipo A,41.67,69.41,14909,no
2714,108.56,2,robot,Equipo A,13.82,56.96,9566,no
2714,108.56,3,robot,Equipo B,116.78,61.11,6750,no
2714,108.56,4,robot,Equipo B,134.48,62.9,0,no
2714,108.56,0,balon,balon,128.19,51.49,0,no
2715,108.6,1,robot,Equipo A,40.59,69.59,14975,no
2715,108.6,2,robot,Equipo A,13.82,56.96,9418,no
2715,108.6,3,robot,Equipo B,116.78,61.11,7313,no
2715,108.6,4,robot,Equipo B,134.48,62.9,0,no
2715,108.6,0,balon,balon,128.19,51.49,0,no
2716,108.64,1,robot,Equipo A,44.83,68.82,12323,no
2716,108.64,2,robot,Equipo A,16.58,58.45,24498,no
2716,108.64,3,robot,Equipo B,116.78,61.11,7313,no
2716,108.64,4,robot,Equipo B,134.48,62.9,0,no
2716,108.64,0,balon,balon,128.19,51.49,0,no
2717,108.68,1,robot,Equipo A,48.22,68.2,12323,no
2717,108.68,2,robot,Equipo A,18.85,59.68,24413,no
2717,108.68,3,robot,Equipo B,116.78,61.11,7313,no
2717,108.68,4,robot,Equipo B,134.48,62.9,0,no
2717,108.68,0,balon,balon,128.19,51.49,0,no
2718,108.72,1,robot,Equipo A,50.93,67.7,12323,no
2718,108.72,2,robot,Equipo A,20.74,60.66,24365,no
2718,108.72,3,robot,Equipo B,116.78,61.11,7313,no
2718,108.72,4,robot,Equipo B,134.48,62.9,0,no
2718,108.72,0,balon,balon,128.19,51.49,0,no
2719,108.76,1,robot,Equipo A,53.1,67.31,12323,no
2719,108.76,2,robot,Equipo A,22.32,61.44,24363,no
2719,108.76,3,robot,Equipo B,116.78,61.11,7313,no
2719,108.76,4,robot,Equipo B,134.48,62.9,0,no
2719,108.76,0,balon,balon,128.19,51.49,0,no
2720,108.8,1,robot,Equipo A,49.76,67.91,15001,no
2720,108.8,2,robot,Equipo A,20.46,60.1,9394,no
2720,108.8,3,robot,Equipo B,116.78,61.11,7348,no
2720,108.8,4,robot,Equipo B,134.48,62.9,0,no
2720,108.8,0,balon,balon,128.19,51.49,0,no
2721,108.84,1,robot,Equipo A,47.09,68.37,14996,no
2721,108.84,2,robot,Equipo A,18.83,59.03,9394,no
2721,108.84,3,robot,Equipo B,116.78,61.11,7348,no
2721,108.84,4,robot,Equipo B,134.48,62.9,0,no
2721,108.84,0,balon,balon,128.19,51.49,0,no
2722,108.88,1,robot,Equipo A,44.95,68.71,14996,no
2722,108.88,2,robot,Equipo A,17.39,58.17,9394,no
2722,108.88,3,robot,Equipo B,116.78,61.11,7348,no
2722,108.88,4,robot,Equipo B,134.48,62.9,0,no
2722,108.88,0,balon,balon,128.19,51.49,0,no
2723,108.92,1,robot,Equipo A,43.24,68.95,14996,no
2723,108.92,2,robot,Equipo A,16.09,57.48,9394,no
2723,108.92,3,robot,Equipo B,116.78,61.11,7348,no
2723,108.92,4,robot,Equipo B,134.48,62.9,0,no
2723,108.92,0,balon,balon,128.19,51.49,0,no
2724,108.96,1,robot,Equipo A,41.88,69.11,14996,no
2724,108.96,2,robot,Equipo A,14.92,56.94,9394,no
2724,108.96,3,robot,Equipo B,116.78,61.11,7348,no
2724,108.96,4,robot,Equipo B,134.48,62.9,0,no
2724,108.96,0,balon,balon,128.19,51.49,0,no
2725,109.0,1,robot,Equipo A,45.86,68.41,12371,no
2725,109.0,2,robot,Equipo A,19.19,59.62,15041,no
2725,109.0,3,robot,Equipo B,116.78,61.11,6694,no
2725,109.0,4,robot,Equipo B,134.48,62.9,0,no
2725,109.0,0,balon,balon,128.19,51.49,0,no
2726,109.04,1,robot,Equipo A,49.04,67.84,12371,no
2726,109.04,2,robot,Equipo A,19.19,59.62,0,no
2726,109.04,3,robot,Equipo B,116.78,61.11,6694,no
2726,109.04,4,robot,Equipo B,134.48,62.9,0,no
2726,109.04,0,balon,balon,128.19,51.49,0,no
2727,109.08,1,robot,Equipo A,51.59,67.39,12371,no
2727,109.08,2,robot,Equipo A,19.19,59.62,0,no
2727,109.08,3,robot,Equipo B,116.78,61.11,6694,no
2727,109.08,4,robot,Equipo B,134.48,62.9,0,no
2727,109.08,0,balon,balon,128.19,51.49,0,no
2728,109.12,1,robot,Equipo A,53.62,67.03,12371,no
2728,109.12,2,robot,Equipo A,19.19,59.62,0,no
2728,109.12,3,robot,Equipo B,116.78,61.11,6694,no
2728,109.12,4,robot,Equipo B,134.48,62.9,0,no
2728,109.12,0,balon,balon,128.19,51.49,0,no
2729,109.16,1,robot,Equipo A,55.25,66.74,12371,no
2729,109.16,2,robot,Equipo A,19.19,59.62,0,no
2729,109.16,3,robot,Equipo B,116.78,61.11,6694,no
2729,109.16,4,robot,Equipo B,134.48,62.9,0,no
2729,109.16,0,balon,balon,128.19,51.49,0,no
2730,109.2,1,robot,Equipo A,51.46,67.46,15098,no
2730,109.2,2,robot,Equipo A,17.87,58.73,9103,no
2730,109.2,3,robot,Equipo B,116.78,61.11,6617,no
2730,109.2,4,robot,Equipo B,134.48,62.9,0,no
2730,109.2,0,balon,balon,128.19,51.49,0,no
2731,109.24,1,robot,Equipo A,48.42,68.01,15026,no
2731,109.24,2,robot,Equipo A,16.7,58.05,9103,no
2731,109.24,3,robot,Equipo B,116.78,61.11,6617,no
2731,109.24,4,robot,Equipo B,134.48,62.9,0,no
2731,109.24,0,balon,balon,128.19,51.49,0,no
2732,109.28,1,robot,Equipo A,45.99,68.42,15047,no
2732,109.28,2,robot,Equipo A,15.66,57.53,9103,no
2732,109.28,3,robot,Equipo B,116.78,61.11,6617,no
2732,109.28,4,robot,Equipo B,134.48,62.9,0,no
2732,109.28,0,balon,balon,128.19,51.49,0,no
2733,109.32,1,robot,Equipo A,44.04,68.72,15013,no
2733,109.32,2,robot,Equipo A,14.71,57.15,9103,no
2733,109.32,3,robot,Equipo B,116.78,61.11,6617,no
2733,109.32,4,robot,Equipo B,134.48,62.9,0,no
2733,109.32,0,balon,balon,128.19,51.49,0,no
2734,109.36,1,robot,Equipo A,42.49,68.93,15009,no
2734,109.36,2,robot,Equipo A,13.83,56.87,9103,no
2734,109.36,3,robot,Equipo B,116.78,61.11,6617,no
2734,109.36,4,robot,Equipo B,134.48,62.9,0,no
2734,109.36,0,balon,balon,128.19,51.49,0,no
2735,109.4,1,robot,Equipo A,41.25,69.21,15167,no
2735,109.4,2,robot,Equipo A,13.67,56.39,10271,no
2735,109.4,3,robot,Equipo B,116.78,61.11,6539,no
2735,109.4,4,robot,Equipo B,134.48,62.9,0,no
2735,109.4,0,balon,balon,128.19,51.49,0,no
2736,109.44,1,robot,Equipo A,45.41,68.54,11843,no
2736,109.44,2,robot,Equipo A,16.38,57.88,25537,no
2736,109.44,3,robot,Equipo B,116.78,61.11,6539,no
2736,109.44,4,robot,Equipo B,134.48,62.9,0,no
2736,109.44,0,balon,balon,128.19,51.49,0,no
2737,109.48,1,robot,Equipo A,48.74,68.01,11851,no
2737,109.48,2,robot,Equipo A,18.57,59.07,25456,no
2737,109.48,3,robot,Equipo B,116.78,61.11,6539,no
2737,109.48,4,robot,Equipo B,134.48,62.9,0,no
2737,109.48,0,balon,balon,128.19,51.49,0,no
2738,109.52,1,robot,Equipo A,46.24,68.56,15159,no
2738,109.52,2,robot,Equipo A,17.8,57.97,10271,no
2738,109.52,3,robot,Equipo B,116.78,61.11,6539,no
2738,109.52,4,robot,Equipo B,134.48,62.9,0,no
2738,109.52,0,balon,balon,128.19,51.49,0,no
2739,109.56,1,robot,Equipo A,44.25,69.03,15143,no
2739,109.56,2,robot,Equipo A,17.3,57.04,10271,no
2739,109.56,3,robot,Equipo B,116.78,61.11,0,no
2739,109.56,4,robot,Equipo B,130.79,62.69,6539,no
2739,109.56,0,balon,balon,128.19,51.49,0,no
2740,109.6,1,robot,Equipo A,42.68,69.29,15065,no
2740,109.6,2,robot,Equipo A,16.36,56.7,9917,no
2740,109.6,3,robot,Equipo B,116.78,61.11,6563,no
2740,109.6,4,robot,Equipo B,130.79,62.69,0,no
2740,109.6,0,balon,balon,128.19,51.49,0,no
2741,109.64,1,robot,Equipo A,41.43,69.48,15057,no
2741,109.64,2,robot,Equipo A,15.5,56.48,9917,no
2741,109.64,3,robot,Equipo B,116.78,61.11,6563,no
2741,109.64,4,robot,Equipo B,130.79,62.69,0,no
2741,109.64,0,balon,balon,128.19,51.49,0,no
2742,109.68,1,robot,Equipo A,40.42,69.59,15058,no
2742,109.68,2,robot,Equipo A,14.69,56.36,9917,no
2742,109.68,3,robot,Equipo B,116.78,61.11,6563,no
2742,109.68,4,robot,Equipo B,130.79,62.69,0,no
2742,109.68,0,balon,balon,128.19,51.49,0,no
2743,109.72,1,robot,Equipo A,39.62,69.66,15055,no
2743,109.72,2,robot,Equipo A,13.94,56.33,9917,no
2743,109.72,3,robot,Equipo B,116.78,61.11,6563,no
2743,109.72,4,robot,Equipo B,130.79,62.69,0,no
2743,109.72,0,balon,balon,128.19,51.49,0,no
2744,109.76,1,robot,Equipo A,38.98,69.68,15051,no
2744,109.76,2,robot,Equipo A,13.22,56.36,9917,no
2744,109.76,3,robot,Equipo B,116.78,61.11,6563,no
2744,109.76,4,robot,Equipo B,130.79,62.69,0,no
2744,109.76,0,balon,balon,128.19,51.49,0,no
2745,109.8,1,robot,Equipo A,43.59,68.92,11852,no
2745,109.8,2,robot,Equipo A,17.86,59.15,14953,no
2745,109.8,3,robot,Equipo B,116.78,61.11,6688,no
2745,109.8,4,robot,Equipo B,135.43,66.33,1936,no
2745,109.8,0,balon,balon,128.19,51.49,0,no
2746,109.84,1,robot,Equipo A,47.28,68.31,11858,no
2746,109.84,2,robot,Equipo A,21.57,61.42,14953,no
2746,109.84,3,robot,Equipo B,116.78,61.11,6688,no
2746,109.84,4,robot,Equipo B,139.14,69.24,1936,no
2746,109.84,0,balon,balon,128.19,51.49,0,no
2747,109.88,1,robot,Equipo A,50.24,67.82,11865,no
2747,109.88,2,robot,Equipo A,24.54,63.26,14953,no
2747,109.88,3,robot,Equipo B,116.78,61.11,6688,no
2747,109.88,4,robot,Equipo B,142.11,71.57,1936,no
2747,109.88,0,balon,balon,128.19,51.49,0,no
2748,109.92,1,robot,Equipo A,52.6,67.43,11876,no
2748,109.92,2,robot,Equipo A,26.91,64.77,14953,no
2748,109.92,3,robot,Equipo B,116.78,61.11,6688,no
2748,109.92,4,robot,Equipo B,144.49,73.43,1936,no
2748,109.92,0,balon,balon,128.19,51.49,0,no
2749,109.96,1,robot,Equipo A,54.49,67.12,11873,no
2749,109.96,2,robot,Equipo A,28.81,66.0,14953,no
2749,109.96,3,robot,Equipo B,116.78,61.11,6688,no
2749,109.96,4,robot,Equipo B,146.39,74.92,1936,no
2749,109.96,0,balon,balon,128.19,51.49,0,no
2750,110.0,1,robot,Equipo A,55.97,66.87,11871,no
2750,110.0,2,robot,Equipo A,30.3,66.87,15113,no
2750,110.0,3,robot,Equipo B,116.78,61.11,6797,no
2750,110.0,4,robot,Equipo B,147.88,76.09,1980,no
2750,110.0,0,balon,balon,128.19,51.49,0,no
2751,110.04,1,robot,Equipo A,57.16,66.67,11872,no
2751,110.04,2,robot,Equipo A,31.5,67.53,15113,no
2751,110.04,3,robot,Equipo B,116.78,61.11,6797,no
2751,110.04,4,robot,Equipo B,149.07,77.02,1980,no
2751,110.04,0,balon,balon,128.19,51.49,0,no
2752,110.08,1,robot,Equipo A,58.11,66.51,11870,no
2752,110.08,2,robot,Equipo A,32.45,68.04,15113,no
2752,110.08,3,robot,Equipo B,116.78,61.11,6797,no
2752,110.08,4,robot,Equipo B,150.03,77.76,1980,no
2752,110.08,0,balon,balon,128.19,51.49,0,no
2753,110.12,1,robot,Equipo A,58.87,66.38,11862,no
2753,110.12,2,robot,Equipo A,33.21,68.41,15113,no
2753,110.12,3,robot,Equipo B,116.78,61.11,6797,no
2753,110.12,4,robot,Equipo B,150.79,78.36,1980,no
2753,110.12,0,balon,balon,128.19,51.49,0,no
2754,110.16,1,robot,Equipo A,59.48,66.28,11869,no
2754,110.16,2,robot,Equipo A,33.83,68.68,15113,no
2754,110.16,3,robot,Equipo B,116.78,61.11,6797,no
2754,110.16,4,robot,Equipo B,151.4,78.83,1980,no
2754,110.16,0,balon,balon,128.19,51.49,0,no
2755,110.2,1,robot,Equipo A,54.84,67.06,15121,no
2755,110.2,2,robot,Equipo A,29.58,66.04,10443,no
2755,110.2,3,robot,Equipo B,116.78,61.11,6299,no
2755,110.2,4,robot,Equipo B,151.4,78.83,0,no
2755,110.2,0,balon,balon,128.19,51.49,0,no
2756,110.24,1,robot,Equipo A,56.25,66.82,11854,no
2756,110.24,2,robot,Equipo A,29.02,65.66,25584,no
2756,110.24,3,robot,Equipo B,116.78,61.11,6299,no
2756,110.24,4,robot,Equipo B,151.4,78.83,0,no
2756,110.24,0,balon,balon,128.19,51.49,0,no
2757,110.28,1,robot,Equipo A,57.38,66.63,11893,no
2757,110.28,2,robot,Equipo A,28.63,65.33,25525,no
2757,110.28,3,robot,Equipo B,116.29,61.31,6299,no
2757,110.28,4,robot,Equipo B,151.4,78.83,0,no
2757,110.28,0,balon,balon,128.19,51.49,0,no
2758,110.32,1,robot,Equipo A,53.16,67.46,15057,no
2758,110.32,2,robot,Equipo A,25.76,63.09,10443,no
2758,110.32,3,robot,Equipo B,116.29,61.31,6299,no
2758,110.32,4,robot,Equipo B,151.4,78.83,0,no
2758,110.32,0,balon,balon,128.19,51.49,0,no
2759,110.36,1,robot,Equipo A,49.78,68.15,15041,no
2759,110.36,2,robot,Equipo A,23.59,61.22,10443,no
2759,110.36,3,robot,Equipo B,115.84,61.59,6299,no
2759,110.36,4,robot,Equipo B,151.4,78.83,0,no
2759,110.36,0,balon,balon,128.19,51.49,0,no
2760,110.4,1,robot,Equipo A,52.49,67.61,12176,no
2760,110.4,2,robot,Equipo A,26.12,63.05,14960,no
2760,110.4,3,robot,Equipo B,114.26,61.29,3321,no
2760,110.4,4,robot,Equipo B,148.04,77.19,12638,no
2760,110.4,0,balon,balon,128.19,51.49,0,no
2761,110.44,1,robot,Equipo A,54.74,67.15,12326,no
2761,110.44,2,robot,Equipo A,28.15,64.48,14960,no
2761,110.44,3,robot,Equipo B,112.78,60.87,3321,no
2761,110.44,4,robot,Equipo B,144.58,75.48,11464,no
2761,110.44,0,balon,balon,128.19,51.49,0,no
2762,110.48,1,robot,Equipo A,56.63,66.74,12326,no
2762,110.48,2,robot,Equipo A,29.78,65.59,14960,no
2762,110.48,3,robot,Equipo B,111.36,60.37,3321,no
2762,110.48,4,robot,Equipo B,141.22,73.44,11842,no
2762,110.48,0,balon,balon,128.19,51.49,0,no
2763,110.52,1,robot,Equipo A,58.22,66.4,12326,no
2763,110.52,2,robot,Equipo A,31.08,66.46,14960,no
2763,110.52,3,robot,Equipo B,110.0,59.79,3321,no
2763,110.52,4,robot,Equipo B,138.0,71.03,13161,no
2763,110.52,0,balon,balon,128.19,51.49,0,no
2764,110.56,1,robot,Equipo A,59.58,66.09,12326,no
2764,110.56,2,robot,Equipo A,32.11,67.12,14960,no
2764,110.56,3,robot,Equipo B,108.68,59.16,3321,no
2764,110.56,4,robot,Equipo B,134.88,68.41,13829,no
2764,110.56,0,balon,balon,128.19,51.49,0,no
2765,110.6,1,robot,Equipo A,61.83,65.73,10886,no
2765,110.6,2,robot,Equipo A,33.03,67.76,14809,no
2765,110.6,3,robot,Equipo B,108.14,59.58,5873,no
2765,110.6,4,robot,Equipo B,136.24,68.22,16468,no
2765,110.6,0,balon,balon,128.19,51.49,0,no
2766,110.64,1,robot,Equipo A,63.86,65.41,10886,no
2766,110.64,2,robot,Equipo A,33.79,68.31,14809,no
2766,110.64,3,robot,Equipo B,107.79,60.17,5873,no
2766,110.64,4,robot,Equipo B,137.32,68.07,16468,no
2766,110.64,0,balon,balon,128.19,51.49,0,no
2767,110.68,1,robot,Equipo A,65.71,65.12,10886,no
2767,110.68,2,robot,Equipo A,34.43,68.77,14809,no
2767,110.68,3,robot,Equipo B,107.59,60.9,5873,no
2767,110.68,4,robot,Equipo B,138.19,67.95,16468,no
2767,110.68,0,balon,balon,128.19,51.49,0,no
2768,110.72,1,robot,Equipo A,67.41,64.87,10886,no
2768,110.72,2,robot,Equipo A,34.97,69.17,14809,no
2768,110.72,3,robot,Equipo B,107.52,61.75,5873,no
2768,110.72,4,robot,Equipo B,138.89,67.85,16468,no
2768,110.72,0,balon,balon,128.19,51.49,0,no
2769,110.76,1,robot,Equipo A,69.0,64.63,10886,no
2769,110.76,2,robot,Equipo A,35.45,69.55,14611,no
2769,110.76,3,robot,Equipo B,107.55,62.69,5873,no
2769,110.76,4,robot,Equipo B,139.44,67.77,16468,no
2769,110.76,0,balon,balon,128.19,51.49,0,no
2770,110.8,1,robot,Equipo A,71.35,64.33,7413,no
2770,110.8,2,robot,Equipo A,36.58,71.47,15344,no
2770,110.8,3,robot,Equipo B,107.29,62.08,3041,no
2770,110.8,4,robot,Equipo B,138.95,68.34,7645,no
2770,110.8,0,balon,balon,128.19,51.49,0,no
2771,110.84,1,robot,Equipo A,73.46,64.09,7413,no
2771,110.84,2,robot,Equipo A,37.65,73.01,15344,no
2771,110.84,3,robot,Equipo B,107.0,61.28,3041,no
2771,110.84,4,robot,Equipo B,138.48,68.89,7645,no
2771,110.84,0,balon,balon,128.19,51.49,0,no
2772,110.88,1,robot,Equipo A,75.37,63.9,7413,no
2772,110.88,2,robot,Equipo A,38.67,74.24,15344,no
2772,110.88,3,robot,Equipo B,106.68,60.32,3041,no
2772,110.88,4,robot,Equipo B,138.01,69.41,7645,no
2772,110.88,0,balon,balon,128.19,51.49,0,no
2773,110.92,1,robot,Equipo A,77.13,63.74,7413,no
2773,110.92,2,robot,Equipo A,39.67,75.23,15344,no
2773,110.92,3,robot,Equipo B,106.34,59.23,3041,no
2773,110.92,4,robot,Equipo B,137.55,69.91,7645,no
2773,110.92,0,balon,balon,128.19,51.49,0,no
2774,110.96,1,robot,Equipo A,78.76,63.62,7413,no
2774,110.96,2,robot,Equipo A,40.63,76.01,15344,no
2774,110.96,3,robot,Equipo B,105.98,58.05,3041,no
2774,110.96,4,robot,Equipo B,137.1,70.41,7645,no
2774,110.96,0,balon,balon,128.19,51.49,0,no
2775,111.0,1,robot,Equipo A,78.76,63.62,0,no
2775,111.0,2,robot,Equipo A,40.1,76.12,14702,no
2775,111.0,3,robot,Equipo B,103.0,59.0,10348,no
2775,111.0,4,robot,Equipo B,136.57,69.93,7329,no
2775,111.0,0,balon,balon,128.19,51.49,0,no
2776,111.04,1,robot,Equipo A,78.76,63.62,0,no
2776,111.04,2,robot,Equipo A,39.39,76.44,14702,no
2776,111.04,3,robot,Equipo B,100.85,59.77,10348,no
2776,111.04,4,robot,Equipo B,136.09,69.41,7329,no
2776,111.04,0,balon,balon,128.19,51.49,0,no
2777,111.08,1,robot,Equipo A,78.76,63.62,0,no
2777,111.08,2,robot,Equipo A,38.54,76.93,14702,no
2777,111.08,3,robot,Equipo B,99.35,60.38,10348,no
2777,111.08,4,robot,Equipo B,135.64,68.84,7329,no
2777,111.08,0,balon,balon,128.19,51.49,0,no
2778,111.12,1,robot,Equipo A,78.76,63.62,0,no
2778,111.12,2,robot,Equipo A,37.57,77.54,14702,no
2778,111.12,3,robot,Equipo B,98.38,60.87,10325,no
2778,111.12,4,robot,Equipo B,135.23,68.25,7329,no
2778,111.12,0,balon,balon,116.15,59.46,854,no
2779,111.16,1,robot,Equipo A,78.76,63.62,0,no
2779,111.16,2,robot,Equipo A,36.52,78.27,14702,no
2779,111.16,3,robot,Equipo B,97.83,61.26,10321,no
2779,111.16,4,robot,Equipo B,134.85,67.63,7328,no
2779,111.16,0,balon,balon,109.97,63.9,880,no
2780,111.2,1,robot,Equipo A,78.76,63.62,0,no
2780,111.2,2,robot,Equipo A,37.26,79.03,14271,no
2780,111.2,3,robot,Equipo B,97.53,61.87,10252,no
2780,111.2,4,robot,Equipo B,134.85,67.63,7004,no
2780,111.2,0,balon,balon,107.09,66.41,908,no
2781,111.24,1,robot,Equipo A,78.76,63.62,0,no
2781,111.24,2,robot,Equipo A,38.19,79.69,14271,no
2781,111.24,3,robot,Equipo B,97.37,62.38,10302,no
2781,111.24,4,robot,Equipo B,134.85,67.63,7004,no
2781,111.24,0,balon,balon,105.88,68.05,939,no
2782,111.28,1,robot,Equipo A,78.76,63.62,0,no
2782,111.28,2,robot,Equipo A,39.28,80.27,14271,no
2782,111.28,3,robot,Equipo B,97.37,62.38,10315,no
2782,111.28,4,robot,Equipo B,134.85,67.63,7004,no
2782,111.28,0,balon,balon,105.54,69.21,950,no
2783,111.32,1,robot,Equipo A,78.76,63.62,0,no
2783,111.32,2,robot,Equipo A,40.49,80.8,14271,no
2783,111.32,3,robot,Equipo B,97.37,62.38,10315,no
2783,111.32,4,robot,Equipo B,134.85,67.63,7004,no
2783,111.32,0,balon,balon,105.67,69.98,947,no
2784,111.36,1,robot,Equipo A,78.76,63.62,0,no
2784,111.36,2,robot,Equipo A,41.8,81.28,14271,no
2784,111.36,3,robot,Equipo B,97.5,62.87,10315,no
2784,111.36,4,robot,Equipo B,134.85,67.63,7004,no
2784,111.36,0,balon,balon,106.12,70.47,944,no
2785,111.4,1,robot,Equipo A,78.76,63.62,0,no
2785,111.4,2,robot,Equipo A,41.8,81.28,14087,no
2785,111.4,3,robot,Equipo B,98.29,63.38,10033,no
2785,111.4,4,robot,Equipo B,133.92,66.81,6893,no
2785,111.4,0,balon,balon,106.82,70.87,967,no
2786,111.44,1,robot,Equipo A,78.76,63.62,0,no
2786,111.44,2,robot,Equipo A,41.8,81.28,14087,no
2786,111.44,3,robot,Equipo B,99.03,63.85,10123,no
2786,111.44,4,robot,Equipo B,132.97,66.07,6835,no
2786,111.44,0,balon,balon,107.58,71.28,968,no
2787,111.48,1,robot,Equipo A,78.76,63.62,0,no
2787,111.48,2,robot,Equipo A,41.09,81.4,14087,no
2787,111.48,3,robot,Equipo B,99.74,64.26,10149,no
2787,111.48,4,robot,Equipo B,132.02,65.37,6826,no
2787,111.48,0,balon,balon,108.39,71.64,987,no
2788,111.52,1,robot,Equipo A,78.76,63.62,0,no
2788,111.52,2,robot,Equipo A,40.27,81.45,14087,no
2788,111.52,3,robot,Equipo B,100.42,64.61,10162,no
2788,111.52,4,robot,Equipo B,131.06,64.66,6889,no
2788,111.52,0,balon,balon,109.21,72.03,910,no
2789,111.56,1,robot,Equipo A,78.76,63.62,0,no
2789,111.56,2,robot,Equipo A,39.35,81.42,14087,no
2789,111.56,3,robot,Equipo B,101.07,64.92,10179,no
2789,111.56,4,robot,Equipo B,130.09,63.95,7012,no
2789,111.56,0,balon,balon,110.05,72.44,900,no
2790,111.6,1,robot,Equipo A,78.76,63.62,0,no
2790,111.6,2,robot,Equipo A,39.79,81.8,13885,no
2790,111.6,3,robot,Equipo B,101.07,64.92,10792,no
2790,111.6,4,robot,Equipo B,128.95,63.87,11560,no
2790,111.6,0,balon,balon,110.89,72.86,902,no
2791,111.64,1,robot,Equipo A,78.76,63.62,0,no
2791,111.64,2,robot,Equipo A,40.36,82.23,13885,no
2791,111.64,3,robot,Equipo B,101.57,64.82,10818,no
2791,111.64,4,robot,Equipo B,127.89,63.89,11566,no
2791,111.64,0,balon,balon,111.74,73.23,898,no
2792,111.68,1,robot,Equipo A,78.76,63.62,0,no
2792,111.68,2,robot,Equipo A,41.04,82.68,13885,no
2792,111.68,3,robot,Equipo B,103.95,64.71,23360,no
2792,111.68,4,robot,Equipo B,127.89,63.89,0,no
2792,111.68,0,balon,balon,112.58,73.62,904,no
2793,111.72,1,robot,Equipo A,78.76,63.62,0,no
2793,111.72,2,robot,Equipo A,41.81,83.16,13885,no
2793,111.72,3,robot,Equipo B,105.8,64.62,23323,no
2793,111.72,4,robot,Equipo B,127.89,63.89,0,no
2793,111.72,0,balon,balon,113.43,73.97,903,no
2794,111.76,1,robot,Equipo A,78.76,63.62,0,no
2794,111.76,2,robot,Equipo A,42.66,83.66,13885,no
2794,111.76,3,robot,Equipo B,107.19,64.58,23063,no
2794,111.76,4,robot,Equipo B,127.89,63.89,0,no
2794,111.76,0,balon,balon,110.07,68.11,921,no
2795,111.8,1,robot,Equipo A,78.76,63.62,0,no
2795,111.8,2,robot,Equipo A,42.66,83.66,0,no
2795,111.8,3,robot,Equipo B,106.66,64.15,11189,no
2795,111.8,4,robot,Equipo B,127.28,64.43,4597,no
2795,111.8,0,balon,balon,108.29,64.76,925,no
2796,111.84,1,robot,Equipo A,78.76,63.62,0,no
2796,111.84,2,robot,Equipo A,42.66,83.66,0,no
2796,111.84,3,robot,Equipo B,106.27,63.77,11189,no
2796,111.84,4,robot,Equipo B,126.93,64.89,4597,no
2796,111.84,0,balon,balon,107.31,62.85,976,no
2797,111.88,1,robot,Equipo A,78.76,63.62,0,no
2797,111.88,2,robot,Equipo A,42.54,84.29,14863,no
2797,111.88,3,robot,Equipo B,106.27,63.77,11189,no
2797,111.88,4,robot,Equipo B,126.93,64.89,4597,no
2797,111.88,0,balon,balon,106.9,61.87,960,no
2798,111.92,1,robot,Equipo A,78.76,63.62,0,no
2798,111.92,2,robot,Equipo A,42.33,84.85,14863,no
2798,111.92,3,robot,Equipo B,106.27,63.77,11189,no
2798,111.92,4,robot,Equipo B,126.93,64.89,4597,no
2798,111.92,0,balon,balon,106.73,61.26,941,no
2799,111.96,1,robot,Equipo A,78.76,63.62,0,no
2799,111.96,2,robot,Equipo A,42.06,85.36,14863,no
2799,111.96,3,robot,Equipo B,106.27,63.77,11189,no
2799,111.96,4,robot,Equipo B,126.93,64.89,4597,no
2799,111.96,0,balon,balon,112.51,67.82,1067,no
2800,112.0,1,robot,Equipo A,78.76,63.62,0,no
2800,112.0,2,robot,Equipo A,42.06,85.36,15049,no
2800,112.0,3,robot,Equipo B,105.9,63.32,12353,no
2800,112.0,4,robot,Equipo B,127.46,65.81,4116,no
2800,112.0,0,balon,balon,115.75,71.68,1032,no
2801,112.04,1,robot,Equipo A,78.76,63.62,0,no
2801,112.04,2,robot,Equipo A,42.06,85.36,15049,no
2801,112.04,3,robot,Equipo B,105.57,62.94,12353,no
2801,112.04,4,robot,Equipo B,127.95,66.66,4116,no
2801,112.04,0,balon,balon,117.4,74.2,992,no
2802,112.08,1,robot,Equipo A,78.76,63.62,0,no
2802,112.08,2,robot,Equipo A,42.06,85.36,15049,no
2802,112.08,3,robot,Equipo B,105.57,62.94,12353,no
2802,112.08,4,robot,Equipo B,128.4,67.45,4116,no
2802,112.08,0,balon,balon,111.87,68.7,951,no
2803,112.12,1,robot,Equipo A,78.76,63.62,0,no
2803,112.12,2,robot,Equipo A,42.06,85.36,15049,no
2803,112.12,3,robot,Equipo B,105.57,62.94,12353,no
2803,112.12,4,robot,Equipo B,128.81,68.21,4116,no
2803,112.12,0,balon,balon,108.52,66.19,964,no
2804,112.16,1,robot,Equipo A,78.76,63.62,0,no
2804,112.16,2,robot,Equipo A,42.57,85.25,15049,no
2804,112.16,3,robot,Equipo B,105.23,62.54,12353,no
2804,112.16,4,robot,Equipo B,129.2,68.92,4116,no
2804,112.16,0,balon,balon,106.29,65.46,953,no
2805,112.2,1,robot,Equipo A,78.76,63.62,0,no
2805,112.2,2,robot,Equipo A,42.57,85.25,14466,no
2805,112.2,3,robot,Equipo B,104.04,63.49,8675,no
2805,112.2,4,robot,Equipo B,126.31,66.58,6470,no
2805,112.2,0,balon,balon,104.68,65.71,990,no
2806,112.24,1,robot,Equipo A,78.76,63.62,0,no
2806,112.24,2,robot,Equipo A,42.57,85.25,14466,no
2806,112.24,3,robot,Equipo B,102.93,64.49,8709,no
2806,112.24,4,robot,Equipo B,123.6,64.88,6499,no
2806,112.24,0,balon,balon,103.35,66.75,959,no
2807,112.28,1,robot,Equipo A,78.76,63.62,0,no
2807,112.28,2,robot,Equipo A,42.57,85.25,14466,no
2807,112.28,3,robot,Equipo B,102.93,64.49,15430,no
2807,112.28,4,robot,Equipo B,123.6,64.88,0,no
2807,112.28,0,balon,balon,102.04,68.24,947,no
2808,112.32,1,robot,Equipo A,78.76,63.62,0,no
2808,112.32,2,robot,Equipo A,42.57,85.25,14466,no
2808,112.32,3,robot,Equipo B,102.93,64.49,15625,no
2808,112.32,4,robot,Equipo B,123.6,64.88,0,no
2808,112.32,0,balon,balon,100.81,70.1,908,no
2809,112.36,1,robot,Equipo A,78.76,63.62,0,no
2809,112.36,2,robot,Equipo A,42.57,85.25,14466,no
2809,112.36,3,robot,Equipo B,102.46,65.03,15615,no
2809,112.36,4,robot,Equipo B,123.6,64.88,0,no
2809,112.36,0,balon,balon,99.56,72.16,936,no
2810,112.4,1,robot,Equipo A,78.76,63.62,0,no
2810,112.4,2,robot,Equipo A,43.01,85.76,12146,no
2810,112.4,3,robot,Equipo B,100.5,67.48,10193,no
2810,112.4,4,robot,Equipo B,122.29,63.8,8565,no
2810,112.4,0,balon,balon,98.3,74.4,934,no
2811,112.44,1,robot,Equipo A,78.76,63.62,0,no
2811,112.44,2,robot,Equipo A,43.47,86.2,12146,no
2811,112.44,3,robot,Equipo B,98.81,69.67,10193,no
2811,112.44,4,robot,Equipo B,121.66,62.92,8565,no
2811,112.44,0,balon,balon,97.03,76.67,932,no
2812,112.48,1,robot,Equipo A,78.76,63.62,0,no
2812,112.48,2,robot,Equipo A,43.96,86.58,12146,no
2812,112.48,3,robot,Equipo B,97.35,71.65,10193,no
2812,112.48,4,robot,Equipo B,121.58,62.18,8565,no
2812,112.48,0,balon,balon,106.53,80.71,875,no
2813,112.52,1,robot,Equipo A,78.76,63.62,0,no
2813,112.52,2,robot,Equipo A,44.46,86.92,12146,no
2813,112.52,3,robot,Equipo B,96.07,73.47,10193,no
2813,112.52,4,robot,Equipo B,121.94,61.56,8565,no
2813,112.52,0,balon,balon,111.76,83.2,861,no
2814,112.56,1,robot,Equipo A,78.76,63.62,0,no
2814,112.56,2,robot,Equipo A,44.97,87.22,12146,no
2814,112.56,3,robot,Equipo B,94.93,75.16,10193,no
2814,112.56,4,robot,Equipo B,122.66,61.03,8565,no
2814,112.56,0,balon,balon,114.57,84.82,866,no
2815,112.6,1,robot,Equipo A,78.76,63.62,0,no
2815,112.6,2,robot,Equipo A,45.33,87.97,12220,no
2815,112.6,3,robot,Equipo B,93.4,78.04,10896,no
2815,112.6,4,robot,Equipo B,121.59,59.66,7005,no
2815,112.6,0,balon,balon,103.88,87.34,1005,no
2816,112.64,1,robot,Equipo A,78.76,63.62,0,no
2816,112.64,2,robot,Equipo A,45.59,88.69,12220,no
2816,112.64,3,robot,Equipo B,92.03,80.66,10896,no
2816,112.64,4,robot,Equipo B,120.39,58.33,7005,no
2816,112.64,0,balon,balon,97.49,89.96,993,no
2817,112.68,1,robot,Equipo A,78.76,63.62,0,no
2817,112.68,2,robot,Equipo A,45.76,89.39,12220,no
2817,112.68,3,robot,Equipo B,90.8,83.07,10896,no
2817,112.68,4,robot,Equipo B,119.09,57.04,7005,no
2817,112.68,0,balon,balon,93.52,92.51,962,no
2818,112.72,1,robot,Equipo A,78.76,63.62,0,no
2818,112.72,2,robot,Equipo A,45.87,90.06,12220,no
2818,112.72,3,robot,Equipo B,89.67,85.32,10896,no
2818,112.72,4,robot,Equipo B,117.71,55.77,7005,no
2818,112.72,0,balon,balon,91.09,94.69,960,no
2819,112.76,1,robot,Equipo A,78.76,63.62,0,no
2819,112.76,2,robot,Equipo A,45.94,90.71,12220,no
2819,112.76,3,robot,Equipo B,88.62,87.44,10896,no
2819,112.76,4,robot,Equipo B,116.27,54.52,7005,no
2819,112.76,0,balon,balon,103.2,92.38,867,no
2820,112.8,1,robot,Equipo A,78.76,63.62,0,no
2820,112.8,2,robot,Equipo A,45.94,90.71,12240,no
2820,112.8,3,robot,Equipo B,87.7,89.77,11462,no
2820,112.8,4,robot,Equipo B,118.43,55.98,8745,no
2820,112.8,0,balon,balon,109.87,91.31,871,no
2821,112.84,1,robot,Equipo A,78.76,63.62,0,no
2821,112.84,2,robot,Equipo A,46.21,90.16,12240,no
2821,112.84,3,robot,Equipo B,86.93,91.78,11462,no
2821,112.84,4,robot,Equipo B,120.02,56.77,8745,no
2821,112.84,0,balon,balon,113.53,90.91,863,no
2822,112.88,1,robot,Equipo A,78.76,63.62,0,no
2822,112.88,2,robot,Equipo A,46.46,89.55,12240,no
2822,112.88,3,robot,Equipo B,86.29,93.53,11462,no
2822,112.88,4,robot,Equipo B,121.15,57.03,8715,no
2822,112.88,0,balon,balon,101.58,95.95,947,no
2823,112.92,1,robot,Equipo A,78.76,63.62,0,no
2823,112.92,2,robot,Equipo A,46.69,88.88,12240,no
2823,112.92,3,robot,Equipo B,85.75,95.07,11462,no
2823,112.92,4,robot,Equipo B,121.85,56.86,8517,no
2823,112.92,0,balon,balon,95.21,98.99,950,no
2824,112.96,1,robot,Equipo A,78.76,63.62,0,no
2824,112.96,2,robot,Equipo A,46.9,88.18,12240,no
2824,112.96,3,robot,Equipo B,85.29,96.46,11462,no
2824,112.96,4,robot,Equipo B,122.3,56.35,8563,no
2824,112.96,0,balon,balon,105.47,95.66,871,no
2825,113.0,1,robot,Equipo A,78.76,63.62,0,no
2825,113.0,2,robot,Equipo A,46.9,88.18,12274,no
2825,113.0,3,robot,Equipo B,85.26,97.01,10550,no
2825,113.0,4,robot,Equipo B,121.53,56.09,10118,no
2825,113.0,0,balon,balon,98.11,98.83,920,no
2826,113.04,1,robot,Equipo A,78.76,63.62,0,no
2826,113.04,2,robot,Equipo A,46.9,88.18,12274,no
2826,113.04,3,robot,Equipo B,85.26,97.01,11059,no
2826,113.04,4,robot,Equipo B,120.71,56.02,10153,no
2826,113.04,0,balon,balon,94.76,100.38,892,no
2827,113.08,1,robot,Equipo A,78.76,63.62,0,no
2827,113.08,2,robot,Equipo A,46.9,88.18,12274,no
2827,113.08,3,robot,Equipo B,85.26,97.01,11002,no
2827,113.08,4,robot,Equipo B,119.83,56.11,10153,no
2827,113.08,0,balon,balon,93.75,100.97,948,no
2828,113.12,1,robot,Equipo A,78.76,63.62,0,no
2828,113.12,2,robot,Equipo A,46.9,88.18,12274,no
2828,113.12,3,robot,Equipo B,85.26,97.01,11030,no
2828,113.12,4,robot,Equipo B,118.9,56.33,10153,no
2828,113.12,0,balon,balon,94.08,101.1,1190,no
2829,113.16,1,robot,Equipo A,78.76,63.62,0,no
2829,113.16,2,robot,Equipo A,46.9,88.18,12274,no
2829,113.16,3,robot,Equipo B,85.26,97.01,12094,no
2829,113.16,4,robot,Equipo B,117.93,56.65,10153,no
2829,113.16,0,balon,balon,95.29,100.65,1040,no
2830,113.2,1,robot,Equipo A,78.76,63.62,0,no
2830,113.2,2,robot,Equipo A,46.9,88.18,12399,no
2830,113.2,3,robot,Equipo B,87.19,96.88,7254,no
2830,113.2,4,robot,Equipo B,120.3,58.26,4726,no
2830,113.2,0,balon,balon,96.97,100.21,1090,no
2831,113.24,1,robot,Equipo A,78.76,63.62,0,no
2831,113.24,2,robot,Equipo A,46.9,88.18,12399,no
2831,113.24,3,robot,Equipo B,89.05,96.68,7304,no
2831,113.24,4,robot,Equipo B,122.19,59.55,4726,no
2831,113.24,0,balon,balon,98.98,99.51,1013,no
2832,113.28,1,robot,Equipo A,78.76,63.62,0,no
2832,113.28,2,robot,Equipo A,46.9,88.18,12399,no
2832,113.28,3,robot,Equipo B,90.84,96.44,7274,no
2832,113.28,4,robot,Equipo B,123.71,60.58,4726,no
2832,113.28,0,balon,balon,101.04,99.13,1161,no
2833,113.32,1,robot,Equipo A,78.76,63.62,0,no
2833,113.32,2,robot,Equipo A,46.9,88.18,12399,no
2833,113.32,3,robot,Equipo B,92.59,96.16,7314,no
2833,113.32,4,robot,Equipo B,124.89,61.38,4780,no
2833,113.32,0,balon,balon,103.26,98.72,1145,no
2834,113.36,1,robot,Equipo A,78.76,63.62,0,no
2834,113.36,2,robot,Equipo A,47.01,87.68,12399,no
2834,113.36,3,robot,Equipo B,94.3,95.88,7414,no
2834,113.36,4,robot,Equipo B,124.96,60.4,11846,no
2834,113.36,0,balon,balon,105.63,98.3,1099,no
2835,113.4,1,robot,Equipo A,78.76,63.62,0,no
2835,113.4,2,robot,Equipo A,47.01,87.68,11925,no
2835,113.4,3,robot,Equipo B,96.55,95.63,7861,no
2835,113.4,4,robot,Equipo B,123.91,58.06,8605,no
2835,113.4,0,balon,balon,108.01,97.88,1012,no
2836,113.44,1,robot,Equipo A,78.76,63.62,0,no
2836,113.44,2,robot,Equipo A,47.36,88.14,11925,no
2836,113.44,3,robot,Equipo B,98.52,95.45,7974,no
2836,113.44,4,robot,Equipo B,122.98,56.09,8718,no
2836,113.44,0,balon,balon,110.34,97.58,1054,no
2837,113.48,1,robot,Equipo A,78.76,63.62,0,no
2837,113.48,2,robot,Equipo A,47.69,88.65,11925,no
2837,113.48,3,robot,Equipo B,100.29,95.32,8035,no
2837,113.48,4,robot,Equipo B,122.1,54.47,8793,no
2837,113.48,0,balon,balon,110.34,97.58,0,no
2838,113.52,1,robot,Equipo A,78.76,63.62,0,no
2838,113.52,2,robot,Equipo A,48.01,89.21,11925,no
2838,113.52,3,robot,Equipo B,101.88,95.2,8057,no
2838,113.52,4,robot,Equipo B,121.28,53.11,8848,no
2838,113.52,0,balon,balon,110.34,97.58,0,no
2839,113.56,1,robot,Equipo A,78.76,63.62,0,no
2839,113.56,2,robot,Equipo A,48.32,89.8,11925,no
2839,113.56,3,robot,Equipo B,103.32,95.12,8057,no
2839,113.56,4,robot,Equipo B,120.51,51.96,8892,no
2839,113.56,0,balon,balon,110.34,97.58,0,no
2840,113.6,1,robot,Equipo A,78.76,63.62,0,no
2840,113.6,2,robot,Equipo A,49.28,91.28,7674,no
2840,113.6,3,robot,Equipo B,105.8,94.84,8655,no
2840,113.6,4,robot,Equipo B,120.33,51.1,8958,no
2840,113.6,0,balon,balon,110.34,97.58,0,no
2841,113.64,1,robot,Equipo A,78.76,63.62,0,no
2841,113.64,2,robot,Equipo A,50.19,92.67,7674,no
2841,113.64,3,robot,Equipo B,108.07,94.59,8585,no
2841,113.64,4,robot,Equipo B,120.2,50.42,8829,no
2841,113.64,0,balon,balon,110.34,97.58,0,no
2842,113.68,1,robot,Equipo A,78.76,63.62,0,no
2842,113.68,2,robot,Equipo A,51.06,93.98,7674,no
2842,113.68,3,robot,Equipo B,110.15,94.37,8517,no
2842,113.68,4,robot,Equipo B,120.16,49.87,8700,no
2842,113.68,0,balon,balon,110.34,97.58,0,no
2843,113.72,1,robot,Equipo A,78.76,63.62,0,no
2843,113.72,2,robot,Equipo A,51.9,95.23,7674,no
2843,113.72,3,robot,Equipo B,112.09,94.15,8321,no
2843,113.72,4,robot,Equipo B,120.16,49.87,8561,no
2843,113.72,0,balon,balon,117.36,96.37,939,no
2844,113.76,1,robot,Equipo A,78.76,63.62,0,no
2844,113.76,2,robot,Equipo A,52.71,96.44,7674,no
2844,113.76,3,robot,Equipo B,113.95,93.99,8732,no
2844,113.76,4,robot,Equipo B,120.16,49.87,8433,no
2844,113.76,0,balon,balon,123.33,98.05,968,no
2845,113.8,1,robot,Equipo A,78.76,63.62,0,no
2845,113.8,2,robot,Equipo A,53.11,97.17,11840,no
2845,113.8,3,robot,Equipo B,115.53,94.05,9991,no
2845,113.8,4,robot,Equipo B,120.16,49.87,10951,no
2845,113.8,0,balon,balon,127.31,99.3,932,no
2846,113.84,1,robot,Equipo A,78.76,63.62,0,no
2846,113.84,2,robot,Equipo A,53.34,97.73,11840,no
2846,113.84,3,robot,Equipo B,116.85,94.19,10080,no
2846,113.84,4,robot,Equipo B,120.16,49.87,10853,no
2846,113.84,0,balon,balon,130.2,100.31,926,no
2847,113.88,1,robot,Equipo A,78.76,63.62,0,no
2847,113.88,2,robot,Equipo A,53.34,97.73,11840,no
2847,113.88,3,robot,Equipo B,117.93,94.36,10080,no
2847,113.88,4,robot,Equipo B,120.16,49.87,10752,no
2847,113.88,0,balon,balon,132.43,101.19,931,no
2848,113.92,1,robot,Equipo A,78.76,63.62,0,no
2848,113.92,2,robot,Equipo A,53.34,97.73,11840,no
2848,113.92,3,robot,Equipo B,118.82,94.56,10080,no
2848,113.92,4,robot,Equipo B,120.16,49.87,10615,no
2848,113.92,0,balon,balon,97.89,101.35,1227,no
2849,113.96,1,robot,Equipo A,78.76,63.62,0,no
2849,113.96,2,robot,Equipo A,53.34,97.73,11840,no
2849,113.96,3,robot,Equipo B,119.57,94.77,10080,no
2849,113.96,4,robot,Equipo B,120.16,49.87,10508,no
2849,113.96,0,balon,balon,115.99,102.41,931,no
2850,114.0,1,robot,Equipo A,78.76,63.62,0,no
2850,114.0,2,robot,Equipo A,53.34,97.73,11960,no
2850,114.0,3,robot,Equipo B,120.47,94.8,10298,no
2850,114.0,4,robot,Equipo B,120.16,49.87,0,no
2850,114.0,0,balon,balon,126.59,103.26,920,no
2851,114.04,1,robot,Equipo A,78.76,63.62,0,no
2851,114.04,2,robot,Equipo A,53.61,97.31,11960,no
2851,114.04,3,robot,Equipo B,121.25,94.79,10298,no
2851,114.04,4,robot,Equipo B,120.16,49.87,0,no
2851,114.04,0,balon,balon,133.12,104.05,931,no
2852,114.08,1,robot,Equipo A,78.76,63.62,0,no
2852,114.08,2,robot,Equipo A,53.88,96.85,11960,no
2852,114.08,3,robot,Equipo B,121.94,94.75,10298,no
2852,114.08,4,robot,Equipo B,120.16,49.87,0,no
2852,114.08,0,balon,balon,137.35,104.74,930,no
2853,114.12,1,robot,Equipo A,78.76,63.62,0,no
2853,114.12,2,robot,Equipo A,54.15,96.38,11960,no
2853,114.12,3,robot,Equipo B,122.54,94.7,10298,no
2853,114.12,4,robot,Equipo B,120.16,49.87,0,no
2853,114.12,0,balon,balon,140.31,105.45,931,no
2854,114.16,1,robot,Equipo A,78.76,63.62,0,no
2854,114.16,2,robot,Equipo A,54.43,95.88,11960,no
2854,114.16,3,robot,Equipo B,123.08,94.62,10298,no
2854,114.16,4,robot,Equipo B,120.16,49.87,0,no
2854,114.16,0,balon,balon,142.58,106.1,917,no
2855,114.2,1,robot,Equipo A,78.76,63.62,0,no
2855,114.2,2,robot,Equipo A,54.43,95.88,12143,no
2855,114.2,3,robot,Equipo B,123.08,94.62,10713,no
2855,114.2,4,robot,Equipo B,121.49,49.86,7321,no
2855,114.2,0,balon,balon,144.4,106.71,933,no
2856,114.24,1,robot,Equipo A,78.76,63.62,0,no
2856,114.24,2,robot,Equipo A,54.43,95.88,12143,no
2856,114.24,3,robot,Equipo B,123.08,94.62,10713,no
2856,114.24,4,robot,Equipo B,122.74,49.91,7181,no
2856,114.24,0,balon,balon,146.04,107.31,933,no
2857,114.28,1,robot,Equipo A,78.76,63.62,0,no
2857,114.28,2,robot,Equipo A,54.43,95.88,12143,no
2857,114.28,3,robot,Equipo B,123.08,94.62,10713,no
2857,114.28,4,robot,Equipo B,123.95,50.04,7043,no
2857,114.28,0,balon,balon,147.58,107.9,930,no
2858,114.32,1,robot,Equipo A,78.76,63.62,0,no
2858,114.32,2,robot,Equipo A,54.43,95.88,12143,no
2858,114.32,3,robot,Equipo B,123.08,94.62,10713,no
2858,114.32,4,robot,Equipo B,125.09,50.2,6743,no
2858,114.32,0,balon,balon,149.0,108.49,930,no
2859,114.36,1,robot,Equipo A,78.76,63.62,0,no
2859,114.36,2,robot,Equipo A,54.43,95.88,12143,no
2859,114.36,3,robot,Equipo B,123.08,94.62,10713,no
2859,114.36,4,robot,Equipo B,125.65,49.55,4485,no
2859,114.36,0,balon,balon,150.42,109.07,936,no
2860,114.4,1,robot,Equipo A,78.76,63.62,0,no
2860,114.4,2,robot,Equipo A,54.43,95.88,12102,no
2860,114.4,3,robot,Equipo B,123.08,94.62,10549,no
2860,114.4,4,robot,Equipo B,124.97,48.57,12698,no
2860,114.4,0,balon,balon,151.77,109.65,931,no
2861,114.44,1,robot,Equipo A,78.76,63.62,0,no
2861,114.44,2,robot,Equipo A,54.43,95.88,12102,no
2861,114.44,3,robot,Equipo B,123.08,94.62,10549,no
2861,114.44,4,robot,Equipo B,124.15,47.49,13270,no
2861,114.44,0,balon,balon,153.15,110.23,938,no
2862,114.48,1,robot,Equipo A,78.76,63.62,0,no
2862,114.48,2,robot,Equipo A,54.43,95.88,12102,no
2862,114.48,3,robot,Equipo B,123.08,94.62,10549,no
2862,114.48,4,robot,Equipo B,123.23,46.4,13902,no
2862,114.48,0,balon,balon,154.49,110.74,926,no
2863,114.52,1,robot,Equipo A,78.76,63.62,0,no
2863,114.52,2,robot,Equipo A,54.43,95.88,12102,no
2863,114.52,3,robot,Equipo B,123.08,94.62,10549,no
2863,114.52,4,robot,Equipo B,122.19,45.26,14172,no
2863,114.52,0,balon,balon,155.79,111.28,934,no
2864,114.56,1,robot,Equipo A,78.76,63.62,0,no
2864,114.56,2,robot,Equipo A,54.43,95.88,12102,no
2864,114.56,3,robot,Equipo B,123.08,94.62,10549,no
2864,114.56,4,robot,Equipo B,121.01,44.1,14368,no
2864,114.56,0,balon,balon,157.09,111.84,933,no
2865,114.6,1,robot,Equipo A,78.76,63.62,0,no
2865,114.6,2,robot,Equipo A,54.43,95.88,12143,no
2865,114.6,3,robot,Equipo B,123.08,94.62,10082,no
2865,114.6,4,robot,Equipo B,122.39,45.3,5348,no
2865,114.6,0,balon,balon,158.37,112.34,915,no
2866,114.64,1,robot,Equipo A,78.76,63.62,0,no
2866,114.64,2,robot,Equipo A,54.43,95.88,12143,no
2866,114.64,3,robot,Equipo B,123.37,95.11,10082,no
2866,114.64,4,robot,Equipo B,123.5,45.66,5348,no
2866,114.64,0,balon,balon,159.59,112.88,947,no
2867,114.68,1,robot,Equipo A,78.76,63.62,0,no
2867,114.68,2,robot,Equipo A,54.43,95.88,12143,no
2867,114.68,3,robot,Equipo B,123.66,95.62,10082,no
2867,114.68,4,robot,Equipo B,124.38,45.34,5348,no
2867,114.68,0,balon,balon,160.83,113.37,948,no
2868,114.72,1,robot,Equipo A,78.76,63.62,0,no
2868,114.72,2,robot,Equipo A,54.43,95.88,12143,no
2868,114.72,3,robot,Equipo B,123.94,96.14,10082,no
2868,114.72,4,robot,Equipo B,125.09,44.48,5348,no
2868,114.72,0,balon,balon,162.09,113.9,948,no
2869,114.76,1,robot,Equipo A,78.76,63.62,0,no
2869,114.76,2,robot,Equipo A,54.43,95.88,12143,no
2869,114.76,3,robot,Equipo B,124.23,96.67,10082,no
2869,114.76,4,robot,Equipo B,125.66,43.18,5348,no
2869,114.76,0,balon,balon,150.67,108.6,975,no
2870,114.8,1,robot,Equipo A,78.76,63.62,0,no
2870,114.8,2,robot,Equipo A,54.43,95.88,12194,no
2870,114.8,3,robot,Equipo B,125.76,97.21,9602,no
2870,114.8,4,robot,Equipo B,125.2,43.53,15138,no
2870,114.8,0,balon,balon,145.34,105.94,954,no
2871,114.84,1,robot,Equipo A,78.76,63.62,0,no
2871,114.84,2,robot,Equipo A,54.43,95.88,12194,no
2871,114.84,3,robot,Equipo B,127.27,97.7,9633,no
2871,114.84,4,robot,Equipo B,124.7,44.18,15383,no
2871,114.84,0,balon,balon,143.37,104.94,1035,no
2872,114.88,1,robot,Equipo A,78.76,63.62,0,no
2872,114.88,2,robot,Equipo A,54.43,95.88,12194,no
2872,114.88,3,robot,Equipo B,128.79,98.15,9777,no
2872,114.88,4,robot,Equipo B,124.15,45.08,15612,no
2872,114.88,0,balon,balon,143.37,104.65,989,no
2873,114.92,1,robot,Equipo A,78.76,63.62,0,no
2873,114.92,2,robot,Equipo A,54.43,95.88,12194,no
2873,114.92,3,robot,Equipo B,130.29,98.57,9811,no
2873,114.92,4,robot,Equipo B,123.58,46.18,15831,no
2873,114.92,0,balon,balon,144.64,104.75,823,no
2874,114.96,1,robot,Equipo A,78.76,63.62,0,no
2874,114.96,2,robot,Equipo A,54.43,95.88,12194,no
2874,114.96,3,robot,Equipo B,131.77,98.96,9811,no
2874,114.96,4,robot,Equipo B,122.97,47.43,16016,no
2874,114.96,0,balon,balon,146.55,105.06,810,no
2875,115.0,1,robot,Equipo A,78.76,63.62,0,no
2875,115.0,2,robot,Equipo A,54.43,95.88,12215,no
2875,115.0,3,robot,Equipo B,134.29,99.77,11180,no
2875,115.0,4,robot,Equipo B,123.76,46.49,6806,no
2875,115.0,0,balon,balon,146.55,105.06,0,no
2876,115.04,1,robot,Equipo A,78.76,63.62,0,no
2876,115.04,2,robot,Equipo A,54.43,95.88,12215,no
2876,115.04,3,robot,Equipo B,136.56,100.5,11180,no
2876,115.04,4,robot,Equipo B,124.57,45.11,5706,no
2876,115.04,0,balon,balon,146.55,105.06,0,no
2877,115.08,1,robot,Equipo A,78.76,63.62,0,no
2877,115.08,2,robot,Equipo A,54.43,95.88,12215,no
2877,115.08,3,robot,Equipo B,138.63,101.17,11180,no
2877,115.08,4,robot,Equipo B,125.38,43.43,4622,no
2877,115.08,0,balon,balon,146.55,105.06,0,no
2878,115.12,1,robot,Equipo A,78.76,63.62,0,no
2878,115.12,2,robot,Equipo A,54.43,95.88,12215,no
2878,115.12,3,robot,Equipo B,140.54,101.79,11180,no
2878,115.12,4,robot,Equipo B,126.14,41.76,3398,no
2878,115.12,0,balon,balon,146.55,105.06,0,no
2879,115.16,1,robot,Equipo A,78.76,63.62,0,no
2879,115.16,2,robot,Equipo A,54.43,95.88,12215,no
2879,115.16,3,robot,Equipo B,142.32,102.38,11180,no
2879,115.16,4,robot,Equipo B,126.9,40.23,2371,no
2879,115.16,0,balon,balon,146.55,105.06,0,no
2880,115.2,1,robot,Equipo A,78.76,63.62,0,no
2880,115.2,2,robot,Equipo A,54.43,95.88,12096,no
2880,115.2,3,robot,Equipo B,144.46,102.53,3766,no
2880,115.2,4,robot,Equipo B,126.9,40.23,6308,no
2880,115.2,0,balon,balon,146.55,105.06,0,no
2881,115.24,1,robot,Equipo A,78.76,63.62,0,no
2881,115.24,2,robot,Equipo A,54.43,95.88,12096,no
2881,115.24,3,robot,Equipo B,146.34,102.59,3766,no
2881,115.24,4,robot,Equipo B,126.9,40.23,6990,no
2881,115.24,0,balon,balon,146.55,105.06,0,no
2882,115.28,1,robot,Equipo A,78.76,63.62,0,no
2882,115.28,2,robot,Equipo A,54.43,95.88,12096,no
2882,115.28,3,robot,Equipo B,148.01,102.59,3766,no
2882,115.28,4,robot,Equipo B,126.54,40.96,7673,no
2882,115.28,0,balon,balon,146.55,105.06,0,no
2883,115.32,1,robot,Equipo A,78.76,63.62,0,no
2883,115.32,2,robot,Equipo A,54.43,95.88,12096,no
2883,115.32,3,robot,Equipo B,149.52,102.52,3766,no
2883,115.32,4,robot,Equipo B,126.13,41.84,8574,no
2883,115.32,0,balon,balon,146.55,105.06,0,no
2884,115.36,1,robot,Equipo A,78.76,63.62,0,no
2884,115.36,2,robot,Equipo A,54.43,95.88,12096,no
2884,115.36,3,robot,Equipo B,150.89,102.41,3766,no
2884,115.36,4,robot,Equipo B,125.67,42.81,9339,no
2884,115.36,0,balon,balon,146.55,105.06,0,no
2885,115.4,1,robot,Equipo A,78.76,63.62,0,no
2885,115.4,2,robot,Equipo A,54.43,95.88,12178,no
2885,115.4,3,robot,Equipo B,150.89,102.41,0,no
2885,115.4,4,robot,Equipo B,125.92,41.87,6253,no
2885,115.4,0,balon,balon,146.55,105.06,0,no
2886,115.44,1,robot,Equipo A,78.76,63.62,0,no
2886,115.44,2,robot,Equipo A,54.43,95.88,12178,no
2886,115.44,3,robot,Equipo B,150.89,102.41,0,no
2886,115.44,4,robot,Equipo B,126.21,40.63,5402,no
2886,115.44,0,balon,balon,146.55,105.06,0,no
2887,115.48,1,robot,Equipo A,78.76,63.62,0,no
2887,115.48,2,robot,Equipo A,54.43,95.88,12178,no
2887,115.48,3,robot,Equipo B,150.89,102.41,0,no
2887,115.48,4,robot,Equipo B,126.61,39.29,4913,no
2887,115.48,0,balon,balon,146.55,105.06,0,no
2888,115.52,1,robot,Equipo A,78.76,63.62,0,no
2888,115.52,2,robot,Equipo A,54.43,95.88,12178,no
2888,115.52,3,robot,Equipo B,150.89,102.41,0,no
2888,115.52,4,robot,Equipo B,127.07,37.96,4091,no
2888,115.52,0,balon,balon,146.55,105.06,0,no
2889,115.56,1,robot,Equipo A,78.76,63.62,0,no
2889,115.56,2,robot,Equipo A,54.43,95.88,12178,no
2889,115.56,3,robot,Equipo B,150.89,102.41,0,no
2889,115.56,4,robot,Equipo B,127.53,36.73,3237,no
2889,115.56,0,balon,balon,146.55,105.06,0,no
2890,115.6,1,robot,Equipo A,78.76,63.62,0,no
2890,115.6,2,robot,Equipo A,54.43,95.88,12197,no
2890,115.6,3,robot,Equipo B,150.89,102.41,0,no
2890,115.6,4,robot,Equipo B,127.53,36.73,5600,no
2890,115.6,0,balon,balon,146.55,105.06,0,no
2891,115.64,1,robot,Equipo A,78.76,63.62,0,no
2891,115.64,2,robot,Equipo A,54.43,95.88,12197,no
2891,115.64,3,robot,Equipo B,150.89,102.41,0,no
2891,115.64,4,robot,Equipo B,127.53,36.73,6073,no
2891,115.64,0,balon,balon,146.55,105.06,0,no
2892,115.68,1,robot,Equipo A,78.76,63.62,0,no
2892,115.68,2,robot,Equipo A,54.43,95.88,12197,no
2892,115.68,3,robot,Equipo B,150.89,102.41,0,no
2892,115.68,4,robot,Equipo B,127.53,36.73,6448,no
2892,115.68,0,balon,balon,146.55,105.06,0,no
2893,115.72,1,robot,Equipo A,78.76,63.62,0,no
2893,115.72,2,robot,Equipo A,54.43,95.88,12197,no
2893,115.72,3,robot,Equipo B,150.89,102.41,0,no
2893,115.72,4,robot,Equipo B,127.18,37.3,6860,no
2893,115.72,0,balon,balon,146.55,105.06,0,no
2894,115.76,1,robot,Equipo A,78.76,63.62,0,no
2894,115.76,2,robot,Equipo A,54.43,95.88,12197,no
2894,115.76,3,robot,Equipo B,150.89,102.41,0,no
2894,115.76,4,robot,Equipo B,126.79,38.01,7262,no
2894,115.76,0,balon,balon,146.55,105.06,0,no
2895,115.8,1,robot,Equipo A,78.76,63.62,0,no
2895,115.8,2,robot,Equipo A,54.25,94.96,11964,no
2895,115.8,3,robot,Equipo B,150.89,102.41,0,no
2895,115.8,4,robot,Equipo B,126.93,37.03,5002,no
2895,115.8,0,balon,balon,146.55,105.06,0,no
2896,115.84,1,robot,Equipo A,78.76,63.62,0,no
2896,115.84,2,robot,Equipo A,54.06,94.05,11964,no
2896,115.84,3,robot,Equipo B,150.89,102.41,0,no
2896,115.84,4,robot,Equipo B,127.22,36.01,4788,no
2896,115.84,0,balon,balon,146.55,105.06,0,no
2897,115.88,1,robot,Equipo A,78.76,63.62,0,no
2897,115.88,2,robot,Equipo A,53.84,93.15,11964,no
2897,115.88,3,robot,Equipo B,150.89,102.41,0,no
2897,115.88,4,robot,Equipo B,127.53,34.96,4122,no
2897,115.88,0,balon,balon,146.55,105.06,0,no
2898,115.92,1,robot,Equipo A,78.76,63.62,0,no
2898,115.92,2,robot,Equipo A,53.61,92.26,11964,no
2898,115.92,3,robot,Equipo B,150.89,102.41,0,no
2898,115.92,4,robot,Equipo B,127.86,33.97,3523,no
2898,115.92,0,balon,balon,146.55,105.06,0,no
2899,115.96,1,robot,Equipo A,78.76,63.62,0,no
2899,115.96,2,robot,Equipo A,53.26,91.26,9819,no
2899,115.96,3,robot,Equipo B,150.89,102.41,0,no
2899,115.96,4,robot,Equipo B,128.21,33.04,2900,no
2899,115.96,0,balon,balon,146.55,105.06,0,no
2900,116.0,1,robot,Equipo A,78.76,63.62,0,no
2900,116.0,2,robot,Equipo A,53.57,91.78,11563,no
2900,116.0,3,robot,Equipo B,150.89,102.41,0,no
2900,116.0,4,robot,Equipo B,128.21,33.04,4802,no
2900,116.0,0,balon,balon,146.55,105.06,0,no
2901,116.04,1,robot,Equipo A,78.76,63.62,0,no
2901,116.04,2,robot,Equipo A,53.91,92.44,11563,no
2901,116.04,3,robot,Equipo B,150.89,102.41,0,no
2901,116.04,4,robot,Equipo B,128.21,33.04,4886,no
2901,116.04,0,balon,balon,146.55,105.06,0,no
2902,116.08,1,robot,Equipo A,78.76,63.62,0,no
2902,116.08,2,robot,Equipo A,54.26,93.19,11563,no
2902,116.08,3,robot,Equipo B,150.89,102.41,0,no
2902,116.08,4,robot,Equipo B,128.21,33.04,5206,no
2902,116.08,0,balon,balon,146.55,105.06,0,no
2903,116.12,1,robot,Equipo A,78.76,63.62,0,no
2903,116.12,2,robot,Equipo A,54.63,94.02,11563,no
2903,116.12,3,robot,Equipo B,150.89,102.41,0,no
2903,116.12,4,robot,Equipo B,128.21,33.04,5463,no
2903,116.12,0,balon,balon,146.55,105.06,0,no
2904,116.16,1,robot,Equipo A,78.76,63.62,0,no
2904,116.16,2,robot,Equipo A,55.01,94.92,11563,no
2904,116.16,3,robot,Equipo B,150.89,102.41,0,no
2904,116.16,4,robot,Equipo B,128.21,33.04,5892,no
2904,116.16,0,balon,balon,146.55,105.06,0,no
2905,116.2,1,robot,Equipo A,78.76,63.62,0,no
2905,116.2,2,robot,Equipo A,55.88,96.33,7310,no
2905,116.2,3,robot,Equipo B,150.89,102.41,0,no
2905,116.2,4,robot,Equipo B,127.45,33.46,9585,no
2905,116.2,0,balon,balon,146.55,105.06,0,no
2906,116.24,1,robot,Equipo A,78.76,63.62,0,no
2906,116.24,2,robot,Equipo A,56.66,97.63,7348,no
2906,116.24,3,robot,Equipo B,150.89,102.41,0,no
2906,116.24,4,robot,Equipo B,126.66,33.78,9850,no
2906,116.24,0,balon,balon,146.55,105.06,0,no
2907,116.28,1,robot,Equipo A,78.76,63.62,0,no
2907,116.28,2,robot,Equipo A,57.34,98.85,7307,no
2907,116.28,3,robot,Equipo B,150.89,102.41,0,no
2907,116.28,4,robot,Equipo B,125.81,33.99,9909,no
2907,116.28,0,balon,balon,146.55,105.06,0,no
2908,116.32,1,robot,Equipo A,78.76,63.62,0,no
2908,116.32,2,robot,Equipo A,57.97,99.97,7285,no
2908,116.32,3,robot,Equipo B,150.89,102.41,0,no
2908,116.32,4,robot,Equipo B,124.9,34.1,9909,no
2908,116.32,0,balon,balon,146.55,105.06,0,no
2909,116.36,1,robot,Equipo A,78.76,63.62,0,no
2909,116.36,2,robot,Equipo A,58.56,101.06,7295,no
2909,116.36,3,robot,Equipo B,150.89,102.41,0,no
2909,116.36,4,robot,Equipo B,123.95,34.12,9909,no
2909,116.36,0,balon,balon,146.55,105.06,0,no
2910,116.4,1,robot,Equipo A,78.76,63.62,0,no
2910,116.4,2,robot,Equipo A,59.2,102.05,11560,no
2910,116.4,3,robot,Equipo B,150.89,102.41,0,no
2910,116.4,4,robot,Equipo B,123.95,34.12,5647,no
2910,116.4,0,balon,balon,146.55,105.06,0,no
2911,116.44,1,robot,Equipo A,78.76,63.62,0,no
2911,116.44,2,robot,Equipo A,59.77,102.85,11560,no
2911,116.44,3,robot,Equipo B,150.89,102.41,0,no
2911,116.44,4,robot,Equipo B,123.95,34.12,4519,no
2911,116.44,0,balon,balon,146.55,105.06,0,no
2912,116.48,1,robot,Equipo A,78.76,63.62,0,no
2912,116.48,2,robot,Equipo A,60.28,103.48,11560,no
2912,116.48,3,robot,Equipo B,150.89,102.41,0,no
2912,116.48,4,robot,Equipo B,123.95,34.12,3915,no
2912,116.48,0,balon,balon,146.55,105.06,0,no
2913,116.52,1,robot,Equipo A,78.76,63.62,0,no
2913,116.52,2,robot,Equipo A,60.75,103.99,11560,no
2913,116.52,3,robot,Equipo B,150.89,102.41,0,no
2913,116.52,4,robot,Equipo B,124.71,34.09,3548,no
2913,116.52,0,balon,balon,146.55,105.06,0,no
2914,116.56,1,robot,Equipo A,78.76,63.62,0,no
2914,116.56,2,robot,Equipo A,61.18,104.39,11560,no
2914,116.56,3,robot,Equipo B,150.89,102.41,0,no
2914,116.56,4,robot,Equipo B,125.7,33.97,2980,no
2914,116.56,0,balon,balon,146.55,105.06,0,no
2915,116.6,1,robot,Equipo A,78.76,63.62,0,no
2915,116.6,2,robot,Equipo A,61.18,104.39,11893,no
2915,116.6,3,robot,Equipo B,150.89,102.41,0,no
2915,116.6,4,robot,Equipo B,126.4,35.52,2640,no
2915,116.6,0,balon,balon,146.55,105.06,0,no
2916,116.64,1,robot,Equipo A,78.76,63.62,0,no
2916,116.64,2,robot,Equipo A,61.18,104.39,11893,no
2916,116.64,3,robot,Equipo B,150.89,102.41,0,no
2916,116.64,4,robot,Equipo B,126.9,36.42,3683,no
2916,116.64,0,balon,balon,146.55,105.06,0,no
2917,116.68,1,robot,Equipo A,78.76,63.62,0,no
2917,116.68,2,robot,Equipo A,61.18,104.39,11893,no
2917,116.68,3,robot,Equipo B,150.89,102.41,0,no
2917,116.68,4,robot,Equipo B,127.19,36.88,4435,no
2917,116.68,0,balon,balon,146.55,105.06,0,no
2918,116.72,1,robot,Equipo A,78.76,63.62,0,no
2918,116.72,2,robot,Equipo A,61.18,104.39,11893,no
2918,116.72,3,robot,Equipo B,150.89,102.41,0,no
2918,116.72,4,robot,Equipo B,127.19,36.88,5401,no
2918,116.72,0,balon,balon,146.55,105.06,0,no
2919,116.76,1,robot,Equipo A,78.76,63.62,0,no
2919,116.76,2,robot,Equipo A,61.18,104.39,11893,no
2919,116.76,3,robot,Equipo B,150.89,102.41,0,no
2919,116.76,4,robot,Equipo B,127.19,36.88,6256,no
2919,116.76,0,balon,balon,146.55,105.06,0,no
2920,116.8,1,robot,Equipo A,78.76,63.62,0,no
2920,116.8,2,robot,Equipo A,61.44,103.62,11275,no
2920,116.8,3,robot,Equipo B,150.89,102.41,0,no
2920,116.8,4,robot,Equipo B,126.97,35.6,8184,no
2920,116.8,0,balon,balon,146.55,105.06,0,no
2921,116.84,1,robot,Equipo A,78.76,63.62,0,no
2921,116.84,2,robot,Equipo A,61.68,102.8,11275,no
2921,116.84,3,robot,Equipo B,150.89,102.41,0,no
2921,116.84,4,robot,Equipo B,126.76,34.49,8306,no
2921,116.84,0,balon,balon,146.55,105.06,0,no
2922,116.88,1,robot,Equipo A,78.76,63.62,0,no
2922,116.88,2,robot,Equipo A,61.89,101.94,11275,no
2922,116.88,3,robot,Equipo B,150.89,102.41,0,no
2922,116.88,4,robot,Equipo B,126.6,33.48,8437,no
2922,116.88,0,balon,balon,146.55,105.06,0,no
2923,116.92,1,robot,Equipo A,78.76,63.62,0,no
2923,116.92,2,robot,Equipo A,62.09,101.05,11275,no
2923,116.92,3,robot,Equipo B,150.89,102.41,0,no
2923,116.92,4,robot,Equipo B,126.47,32.57,8569,no
2923,116.92,0,balon,balon,146.55,105.06,0,no
2924,116.96,1,robot,Equipo A,78.76,63.62,0,no
2924,116.96,2,robot,Equipo A,62.28,100.14,11275,no
2924,116.96,3,robot,Equipo B,150.89,102.41,0,no
2924,116.96,4,robot,Equipo B,126.36,31.71,8733,no
2924,116.96,0,balon,balon,146.55,105.06,0,no
2925,117.0,1,robot,Equipo A,78.76,63.62,0,no
2925,117.0,2,robot,Equipo A,62.21,99.18,11317,no
2925,117.0,3,robot,Equipo B,150.89,102.41,0,no
2925,117.0,4,robot,Equipo B,126.36,31.71,4641,no
2925,117.0,0,balon,balon,146.55,105.06,0,no
2926,117.04,1,robot,Equipo A,78.76,63.62,0,no
2926,117.04,2,robot,Equipo A,62.12,98.32,11317,no
2926,117.04,3,robot,Equipo B,150.89,102.41,0,no
2926,117.04,4,robot,Equipo B,125.91,32.1,4695,no
2926,117.04,0,balon,balon,146.55,105.06,0,no
2927,117.08,1,robot,Equipo A,78.76,63.62,0,no
2927,117.08,2,robot,Equipo A,62.02,97.55,11317,no
2927,117.08,3,robot,Equipo B,150.89,102.41,0,no
2927,117.08,4,robot,Equipo B,125.55,32.7,4749,no
2927,117.08,0,balon,balon,146.55,105.06,0,no
2928,117.12,1,robot,Equipo A,78.76,63.62,0,no
2928,117.12,2,robot,Equipo A,61.8,96.76,9447,no
2928,117.12,3,robot,Equipo B,150.89,102.41,0,no
2928,117.12,4,robot,Equipo B,125.26,33.44,4800,no
2928,117.12,0,balon,balon,146.55,105.06,0,no
2929,117.16,1,robot,Equipo A,78.76,63.62,0,no
2929,117.16,2,robot,Equipo A,61.57,96.01,9408,no
2929,117.16,3,robot,Equipo B,150.89,102.41,0,no
2929,117.16,4,robot,Equipo B,125.0,34.32,4851,no
2929,117.16,0,balon,balon,146.55,105.06,0,no
2930,117.2,1,robot,Equipo A,78.76,63.62,0,no
2930,117.2,2,robot,Equipo A,62.15,96.77,11053,no
2930,117.2,3,robot,Equipo B,151.83,105.39,4947,no
2930,117.2,4,robot,Equipo B,124.73,33.58,4280,no
2930,117.2,0,balon,balon,146.55,105.06,0,no
2931,117.24,1,robot,Equipo A,78.76,63.62,0,no
2931,117.24,2,robot,Equipo A,62.72,97.64,11053,no
2931,117.24,3,robot,Equipo B,152.46,108.38,4992,no
2931,117.24,4,robot,Equipo B,124.52,32.7,4280,no
2931,117.24,0,balon,balon,146.55,105.06,0,no
2932,117.28,1,robot,Equipo A,78.76,63.62,0,no
2932,117.28,2,robot,Equipo A,63.29,98.59,11053,no
2932,117.28,3,robot,Equipo B,152.93,111.2,4458,no
2932,117.28,4,robot,Equipo B,124.35,31.71,4280,no
2932,117.28,0,balon,balon,110.7,103.35,872,no
2933,117.32,1,robot,Equipo A,78.76,63.62,0,no
2933,117.32,2,robot,Equipo A,63.87,99.62,11053,no
2933,117.32,3,robot,Equipo B,153.31,113.86,3836,no
2933,117.32,4,robot,Equipo B,124.21,30.62,4280,no
2933,117.32,0,balon,balon,91.1,102.47,853,no
2934,117.36,1,robot,Equipo A,78.76,63.62,0,no
2934,117.36,2,robot,Equipo A,64.44,100.7,11053,no
2934,117.36,3,robot,Equipo B,153.71,116.45,3250,no
2934,117.36,4,robot,Equipo B,124.11,29.47,4280,no
2934,117.36,0,balon,balon,80.45,102.18,785,no
2935,117.4,1,robot,Equipo A,78.76,63.62,0,no
2935,117.4,2,robot,Equipo A,64.44,100.7,11308,no
2935,117.4,3,robot,Equipo B,153.71,116.45,4989,no
2935,117.4,4,robot,Equipo B,124.47,29.01,7878,no
2935,117.4,0,balon,balon,74.66,102.29,858,no
2936,117.44,1,robot,Equipo A,78.76,63.62,0,no
2936,117.44,2,robot,Equipo A,64.44,100.7,11308,no
2936,117.44,3,robot,Equipo B,154.24,116.04,4989,no
2936,117.44,4,robot,Equipo B,124.47,29.01,7688,no
2936,117.44,0,balon,balon,71.54,102.47,878,no
2937,117.48,1,robot,Equipo A,78.76,63.62,0,no
2937,117.48,2,robot,Equipo A,64.44,100.7,11308,no
2937,117.48,3,robot,Equipo B,154.76,115.22,4989,no
2937,117.48,4,robot,Equipo B,124.47,29.01,7462,no
2937,117.48,0,balon,balon,69.82,102.57,1045,no
2938,117.52,1,robot,Equipo A,78.76,63.62,0,no
2938,117.52,2,robot,Equipo A,64.44,100.7,11308,no
2938,117.52,3,robot,Equipo B,155.26,114.08,4989,no
2938,117.52,4,robot,Equipo B,124.47,29.01,7227,no
2938,117.52,0,balon,balon,68.81,102.63,1019,no
2939,117.56,1,robot,Equipo A,78.76,63.62,0,no
2939,117.56,2,robot,Equipo A,64.55,99.97,9912,no
2939,117.56,3,robot,Equipo B,155.74,112.67,4989,no
2939,117.56,4,robot,Equipo B,124.47,29.01,7050,no
2939,117.56,0,balon,balon,68.32,102.86,1125,no
2940,117.6,1,robot,Equipo A,78.76,63.62,0,no
2940,117.6,2,robot,Equipo A,64.55,99.97,11369,no
2940,117.6,3,robot,Equipo B,155.74,112.67,0,no
2940,117.6,4,robot,Equipo B,124.74,28.46,8367,no
2940,117.6,0,balon,balon,68.05,102.85,1135,no
2941,117.64,1,robot,Equipo A,78.76,63.62,0,no
2941,117.64,2,robot,Equipo A,64.55,99.97,11369,no
2941,117.64,3,robot,Equipo B,155.74,112.67,0,no
2941,117.64,4,robot,Equipo B,124.95,27.97,8505,no
2941,117.64,0,balon,balon,68.03,102.59,1124,no
2942,117.68,1,robot,Equipo A,78.76,63.62,0,no
2942,117.68,2,robot,Equipo A,64.55,99.97,11369,no
2942,117.68,3,robot,Equipo B,155.74,112.67,0,no
2942,117.68,4,robot,Equipo B,124.95,27.97,8665,no
2942,117.68,0,balon,balon,68.14,101.99,1095,no
2943,117.72,1,robot,Equipo A,78.76,63.62,0,no
2943,117.72,2,robot,Equipo A,64.55,99.97,11369,no
2943,117.72,3,robot,Equipo B,155.74,112.67,0,no
2943,117.72,4,robot,Equipo B,125.12,27.43,8801,no
2943,117.72,0,balon,balon,68.2,101.08,1085,no
2944,117.76,1,robot,Equipo A,78.76,63.62,0,no
2944,117.76,2,robot,Equipo A,65.02,100.28,11369,no
2944,117.76,3,robot,Equipo B,155.74,112.67,0,no
2944,117.76,4,robot,Equipo B,125.26,26.94,8995,no
2944,117.76,0,balon,balon,68.3,100.05,1229,no
2945,117.8,1,robot,Equipo A,78.76,63.62,0,no
2945,117.8,2,robot,Equipo A,65.22,99.32,11328,no
2945,117.8,3,robot,Equipo B,155.74,112.67,0,no
2945,117.8,4,robot,Equipo B,124.85,27.42,4521,no
2945,117.8,0,balon,balon,68.1,98.38,838,no
2946,117.84,1,robot,Equipo A,78.76,63.62,0,no
2946,117.84,2,robot,Equipo A,65.35,98.29,11328,no
2946,117.84,3,robot,Equipo B,155.74,112.67,0,no
2946,117.84,4,robot,Equipo B,124.51,28.0,4631,no
2946,117.84,0,balon,balon,68.06,97.14,933,no
2947,117.88,1,robot,Equipo A,78.76,63.62,0,no
2947,117.88,2,robot,Equipo A,65.43,97.21,11328,no
2947,117.88,3,robot,Equipo B,155.74,112.67,0,no
2947,117.88,4,robot,Equipo B,124.23,28.7,4748,no
2947,117.88,0,balon,balon,68.03,96.46,959,no
2948,117.92,1,robot,Equipo A,78.76,63.62,0,no
2948,117.92,2,robot,Equipo A,65.35,96.0,9493,no
2948,117.92,3,robot,Equipo B,155.74,112.67,0,no
2948,117.92,4,robot,Equipo B,123.98,29.49,4878,no
2948,117.92,0,balon,balon,68.14,96.15,905,no
2949,117.96,1,robot,Equipo A,78.76,63.62,0,no
2949,117.96,2,robot,Equipo A,65.34,94.77,10512,no
2949,117.96,3,robot,Equipo B,155.74,112.67,0,no
2949,117.96,4,robot,Equipo B,123.77,30.32,5008,no
2949,117.96,0,balon,balon,68.27,96.36,921,no
2950,118.0,1,robot,Equipo A,78.76,63.62,0,no
2950,118.0,2,robot,Equipo A,65.7,95.14,10973,no
2950,118.0,3,robot,Equipo B,155.74,112.67,0,no
2950,118.0,4,robot,Equipo B,124.18,29.28,12226,no
2950,118.0,0,balon,balon,68.53,96.94,893,no
2951,118.04,1,robot,Equipo A,78.76,63.62,0,no
2951,118.04,2,robot,Equipo A,66.05,95.7,10973,no
2951,118.04,3,robot,Equipo B,155.74,112.67,0,no
2951,118.04,4,robot,Equipo B,124.48,27.93,9924,no
2951,118.04,0,balon,balon,68.86,97.78,868,no
2952,118.08,1,robot,Equipo A,78.76,63.62,0,no
2952,118.08,2,robot,Equipo A,66.38,96.4,10973,no
2952,118.08,3,robot,Equipo B,155.74,112.67,0,no
2952,118.08,4,robot,Equipo B,124.74,26.48,9600,no
2952,118.08,0,balon,balon,69.37,98.88,916,no
2953,118.12,1,robot,Equipo A,78.76,63.62,0,no
2953,118.12,2,robot,Equipo A,66.7,97.23,10973,no
2953,118.12,3,robot,Equipo B,155.74,112.67,0,no
2953,118.12,4,robot,Equipo B,124.95,24.94,9300,no
2953,118.12,0,balon,balon,69.9,100.21,876,no
2954,118.16,1,robot,Equipo A,78.76,63.62,0,no
2954,118.16,2,robot,Equipo A,67.02,98.15,10973,no
2954,118.16,3,robot,Equipo B,155.74,112.67,0,no
2954,118.16,4,robot,Equipo B,125.15,23.33,8980,no
2954,118.16,0,balon,balon,70.51,101.72,930,no
2955,118.2,1,robot,Equipo A,78.76,63.62,0,no
2955,118.2,2,robot,Equipo A,67.58,99.23,11355,no
2955,118.2,3,robot,Equipo B,155.74,112.67,0,no
2955,118.2,4,robot,Equipo B,125.15,23.33,10238,no
2955,118.2,0,balon,balon,70.91,103.07,1100,no
2956,118.24,1,robot,Equipo A,78.76,63.62,0,no
2956,118.24,2,robot,Equipo A,68.12,100.16,11355,no
2956,118.24,3,robot,Equipo B,155.74,112.67,0,no
2956,118.24,4,robot,Equipo B,125.15,23.33,10506,no
2956,118.24,0,balon,balon,71.64,104.53,931,no
2957,118.28,1,robot,Equipo A,78.76,63.62,0,no
2957,118.28,2,robot,Equipo A,68.63,100.95,11352,no
2957,118.28,3,robot,Equipo B,155.74,112.67,0,no
2957,118.28,4,robot,Equipo B,125.22,23.92,10773,no
2957,118.28,0,balon,balon,71.98,105.78,1156,no
2958,118.32,1,robot,Equipo A,78.76,63.62,0,no
2958,118.32,2,robot,Equipo A,69.07,101.56,9962,no
2958,118.32,3,robot,Equipo B,155.74,112.67,0,no
2958,118.32,4,robot,Equipo B,125.26,24.66,10971,no
2958,118.32,0,balon,balon,72.87,107.26,894,no
2959,118.36,1,robot,Equipo A,78.76,63.62,0,no
2959,118.36,2,robot,Equipo A,69.48,102.08,9900,no
2959,118.36,3,robot,Equipo B,155.74,112.67,0,no
2959,118.36,4,robot,Equipo B,125.25,25.5,11146,no
2959,118.36,0,balon,balon,73.67,108.52,886,no
2960,118.4,1,robot,Equipo A,78.76,63.62,0,no
2960,118.4,2,robot,Equipo A,70.09,103.48,12388,no
2960,118.4,3,robot,Equipo B,155.74,112.67,0,no
2960,118.4,4,robot,Equipo B,124.77,25.89,5294,no
2960,118.4,0,balon,balon,74.5,109.54,1017,no
2961,118.44,1,robot,Equipo A,78.76,63.62,0,no
2961,118.44,2,robot,Equipo A,70.64,104.79,12388,no
2961,118.44,3,robot,Equipo B,155.74,112.67,0,no
2961,118.44,4,robot,Equipo B,124.77,25.89,5294,no
2961,118.44,0,balon,balon,75.02,110.23,900,no
2962,118.48,1,robot,Equipo A,78.76,63.62,0,no
2962,118.48,2,robot,Equipo A,71.13,106.05,12388,no
2962,118.48,3,robot,Equipo B,155.74,112.67,0,no
2962,118.48,4,robot,Equipo B,124.77,25.89,5294,no
2962,118.48,0,balon,balon,75.43,110.94,956,no
2963,118.52,1,robot,Equipo A,78.76,63.62,0,no
2963,118.52,2,robot,Equipo A,71.58,107.26,12388,no
2963,118.52,3,robot,Equipo B,155.74,112.67,0,no
2963,118.52,4,robot,Equipo B,124.77,25.89,5294,no
2963,118.52,0,balon,balon,75.85,111.72,1028,no
2964,118.56,1,robot,Equipo A,78.76,63.62,0,no
2964,118.56,2,robot,Equipo A,72.0,108.43,12388,no
2964,118.56,3,robot,Equipo B,155.74,112.67,0,no
2964,118.56,4,robot,Equipo B,124.77,25.89,5294,no
2964,118.56,0,balon,balon,75.95,112.15,1158,no
2965,118.6,1,robot,Equipo A,78.76,63.62,0,no
2965,118.6,2,robot,Equipo A,72.0,108.43,13165,no
2965,118.6,3,robot,Equipo B,155.74,112.67,0,no
2965,118.6,4,robot,Equipo B,124.77,25.89,5568,no
2965,118.6,0,balon,balon,76.07,112.18,1063,no
2966,118.64,1,robot,Equipo A,78.76,63.62,0,no
2966,118.64,2,robot,Equipo A,72.0,108.43,13165,no
2966,118.64,3,robot,Equipo B,155.74,112.67,0,no
2966,118.64,4,robot,Equipo B,124.26,25.91,5647,no
2966,118.64,0,balon,balon,76.14,112.2,1089,no
2967,118.68,1,robot,Equipo A,78.76,63.62,0,no
2967,118.68,2,robot,Equipo A,72.0,108.43,11984,no
2967,118.68,3,robot,Equipo B,155.74,112.67,0,no
2967,118.68,4,robot,Equipo B,124.26,25.91,5724,no
2967,118.68,0,balon,balon,76.24,112.35,1078,no
2968,118.72,1,robot,Equipo A,78.76,63.62,0,no
2968,118.72,2,robot,Equipo A,72.13,107.74,12412,no
2968,118.72,3,robot,Equipo B,155.74,112.67,0,no
2968,118.72,4,robot,Equipo B,124.26,25.91,5793,no
2968,118.72,0,balon,balon,76.36,112.62,1139,no
2969,118.76,1,robot,Equipo A,78.76,63.62,0,no
2969,118.76,2,robot,Equipo A,72.21,107.05,12836,no
2969,118.76,3,robot,Equipo B,155.74,112.67,0,no
2969,118.76,4,robot,Equipo B,123.75,25.81,5859,no
2969,118.76,0,balon,balon,76.61,113.1,1087,no
2970,118.8,1,robot,Equipo A,78.76,63.62,0,no
2970,118.8,2,robot,Equipo A,72.56,107.77,13229,no
2970,118.8,3,robot,Equipo B,155.74,112.67,0,no
2970,118.8,4,robot,Equipo B,123.39,25.39,5537,no
2970,118.8,0,balon,balon,76.88,113.68,1026,no
2971,118.84,1,robot,Equipo A,78.76,63.62,0,no
2971,118.84,2,robot,Equipo A,72.89,108.6,13229,no
2971,118.84,3,robot,Equipo B,155.74,112.67,0,no
2971,118.84,4,robot,Equipo B,123.39,25.39,5450,no
2971,118.84,0,balon,balon,77.03,114.2,1058,no
2972,118.88,1,robot,Equipo A,78.76,63.62,0,no
2972,118.88,2,robot,Equipo A,73.22,109.53,13229,no
2972,118.88,3,robot,Equipo B,155.74,112.67,0,no
2972,118.88,4,robot,Equipo B,123.17,24.93,5366,no
2972,118.88,0,balon,balon,77.17,114.48,1027,no
2973,118.92,1,robot,Equipo A,78.76,63.62,0,no
2973,118.92,2,robot,Equipo A,73.54,110.53,13229,no
2973,118.92,3,robot,Equipo B,155.74,112.67,0,no
2973,118.92,4,robot,Equipo B,123.17,24.93,5272,no
2973,118.92,0,balon,balon,77.32,114.77,1002,no
2974,118.96,1,robot,Equipo A,78.76,63.62,0,no
2974,118.96,2,robot,Equipo A,73.84,111.59,13229,no
2974,118.96,3,robot,Equipo B,155.74,112.67,0,no
2974,118.96,4,robot,Equipo B,123.01,24.42,5163,no
2974,118.96,0,balon,balon,77.46,114.99,940,no
2975,119.0,1,robot,Equipo A,78.76,63.62,0,no
2975,119.0,2,robot,Equipo A,73.84,111.59,13370,no
2975,119.0,3,robot,Equipo B,155.74,112.67,0,no
2975,119.0,4,robot,Equipo B,122.75,23.79,5494,no
2975,119.0,0,balon,balon,77.53,114.99,925,no
2976,119.04,1,robot,Equipo A,78.76,63.62,0,no
2976,119.04,2,robot,Equipo A,73.84,111.59,12320,no
2976,119.04,3,robot,Equipo B,155.74,112.67,0,no
2976,119.04,4,robot,Equipo B,122.51,23.25,5580,no
2976,119.04,0,balon,balon,77.58,115.37,1010,no
2977,119.08,1,robot,Equipo A,78.76,63.62,0,no
2977,119.08,2,robot,Equipo A,73.84,111.59,12464,no
2977,119.08,3,robot,Equipo B,155.74,112.67,0,no
2977,119.08,4,robot,Equipo B,122.29,22.76,5660,no
2977,119.08,0,balon,balon,77.73,115.71,917,no
2978,119.12,1,robot,Equipo A,78.76,63.62,0,no
2978,119.12,2,robot,Equipo A,73.84,111.03,12840,no
2978,119.12,3,robot,Equipo B,155.74,112.67,0,no
2978,119.12,4,robot,Equipo B,122.29,22.76,5736,no
2978,119.12,0,balon,balon,77.94,116.42,1032,no
2979,119.16,1,robot,Equipo A,78.76,63.62,0,no
2979,119.16,2,robot,Equipo A,73.83,110.43,13212,no
2979,119.16,3,robot,Equipo B,155.74,112.67,0,no
2979,119.16,4,robot,Equipo B,122.06,22.28,5808,no
2979,119.16,0,balon,balon,78.25,117.27,1038,no
2980,119.2,1,robot,Equipo A,78.76,63.62,0,no
2980,119.2,2,robot,Equipo A,74.22,111.54,13146,no
2980,119.2,3,robot,Equipo B,155.74,112.67,0,no
2980,119.2,4,robot,Equipo B,121.9,21.64,5870,no
2980,119.2,0,balon,balon,78.55,118.45,1071,no
2981,119.24,1,robot,Equipo A,78.76,63.62,0,no
2981,119.24,2,robot,Equipo A,74.62,112.78,13324,no
2981,119.24,3,robot,Equipo B,155.74,112.67,0,no
2981,119.24,4,robot,Equipo B,121.77,21.09,5833,no
2981,119.24,0,balon,balon,78.96,119.61,989,no
2982,119.28,1,robot,Equipo A,78.76,63.62,0,no
2982,119.28,2,robot,Equipo A,75.03,114.06,13054,no
2982,119.28,3,robot,Equipo B,155.74,112.67,0,no
2982,119.28,4,robot,Equipo B,121.77,21.09,5792,no
2982,119.28,0,balon,balon,79.45,120.97,987,no
2983,119.32,1,robot,Equipo A,78.76,63.62,0,no
2983,119.32,2,robot,Equipo A,75.43,115.28,12428,no
2983,119.32,3,robot,Equipo B,155.74,112.67,0,no
2983,119.32,4,robot,Equipo B,121.77,21.09,5751,no
2983,119.32,0,balon,balon,77.17,119.96,401,no
2984,119.36,1,robot,Equipo A,78.76,63.62,0,no
2984,119.36,2,robot,Equipo A,75.85,116.46,11624,no
2984,119.36,3,robot,Equipo B,155.74,112.67,0,no
2984,119.36,4,robot,Equipo B,121.73,20.54,5710,no
2984,119.36,0,balon,balon,76.1,120.32,427,no
2985,119.4,1,robot,Equipo A,78.76,63.62,0,no
2985,119.4,2,robot,Equipo A,75.85,116.46,0,no
2985,119.4,3,robot,Equipo B,155.74,112.67,0,no
2985,119.4,4,robot,Equipo B,121.75,19.29,15624,no
2985,119.4,0,balon,balon,75.77,121.43,306,no
2986,119.44,1,robot,Equipo A,78.76,63.62,0,no
2986,119.44,2,robot,Equipo A,75.85,116.46,0,no
2986,119.44,3,robot,Equipo B,155.74,112.67,0,no
2986,119.44,4,robot,Equipo B,121.68,18.15,15606,no
2986,119.44,0,balon,balon,78.08,122.49,169,no
2987,119.48,1,robot,Equipo A,78.76,63.62,0,no
2987,119.48,2,robot,Equipo A,75.85,116.46,0,no
2987,119.48,3,robot,Equipo B,155.74,112.67,0,no
2987,119.48,4,robot,Equipo B,121.57,17.12,15553,no
2987,119.48,0,balon,balon,78.08,122.49,0,no
2988,119.52,1,robot,Equipo A,78.76,63.62,0,no
2988,119.52,2,robot,Equipo A,75.85,116.46,0,no
2988,119.52,3,robot,Equipo B,155.74,112.67,0,no
2988,119.52,4,robot,Equipo B,121.39,16.12,15572,no
2988,119.52,0,balon,balon,78.08,122.49,0,no
2989,119.56,1,robot,Equipo A,78.76,63.62,0,no
2989,119.56,2,robot,Equipo A,75.85,116.46,0,no
2989,119.56,3,robot,Equipo B,155.74,112.67,0,no
2989,119.56,4,robot,Equipo B,121.17,15.21,15446,no
2989,119.56,0,balon,balon,78.08,122.49,0,no
2990,119.6,1,robot,Equipo A,78.76,63.62,0,no
2990,119.6,2,robot,Equipo A,75.85,116.46,0,no
2990,119.6,3,robot,Equipo B,155.74,112.67,0,no
2990,119.6,4,robot,Equipo B,121.17,15.21,15701,no
2990,119.6,0,balon,balon,78.08,122.49,0,no
2991,119.64,1,robot,Equipo A,78.76,63.62,0,no
2991,119.64,2,robot,Equipo A,75.85,116.46,0,no
2991,119.64,3,robot,Equipo B,155.74,112.67,0,no
2991,119.64,4,robot,Equipo B,121.17,15.21,15735,no
2991,119.64,0,balon,balon,78.08,122.49,0,no
2992,119.68,1,robot,Equipo A,78.76,63.62,0,no
2992,119.68,2,robot,Equipo A,75.85,116.46,0,no
2992,119.68,3,robot,Equipo B,155.74,112.67,0,no
2992,119.68,4,robot,Equipo B,121.17,15.21,15788,no
2992,119.68,0,balon,balon,78.08,122.49,0,no
2993,119.72,1,robot,Equipo A,78.76,63.62,0,no
2993,119.72,2,robot,Equipo A,75.85,116.46,0,no
2993,119.72,3,robot,Equipo B,155.74,112.67,0,no
2993,119.72,4,robot,Equipo B,121.17,15.21,15589,no
2993,119.72,0,balon,balon,78.08,122.49,0,no
2994,119.76,1,robot,Equipo A,78.76,63.62,0,no
2994,119.76,2,robot,Equipo A,75.85,116.46,0,no
2994,119.76,3,robot,Equipo B,155.74,112.67,0,no
2994,119.76,4,robot,Equipo B,121.17,15.21,15556,no
2994,119.76,0,balon,balon,78.08,122.49,0,no
2995,119.8,1,robot,Equipo A,78.76,63.62,0,no
2995,119.8,2,robot,Equipo A,75.85,116.46,0,no
2995,119.8,3,robot,Equipo B,155.74,112.67,0,no
2995,119.8,4,robot,Equipo B,121.13,14.57,15476,no
2995,119.8,0,balon,balon,78.08,122.49,0,no
2996,119.84,1,robot,Equipo A,78.76,63.62,0,no
2996,119.84,2,robot,Equipo A,75.85,116.46,0,no
2996,119.84,3,robot,Equipo B,155.74,112.67,0,no
2996,119.84,4,robot,Equipo B,121.07,13.97,15335,no
2996,119.84,0,balon,balon,78.08,122.49,0,no
2997,119.88,1,robot,Equipo A,78.76,63.62,0,no
2997,119.88,2,robot,Equipo A,75.85,116.46,0,no
2997,119.88,3,robot,Equipo B,155.74,112.67,0,no
2997,119.88,4,robot,Equipo B,121.03,13.4,15101,no
2997,119.88,0,balon,balon,78.08,122.49,0,no
2998,119.92,1,robot,Equipo A,78.76,63.62,0,no
2998,119.92,2,robot,Equipo A,75.85,116.46,0,no
2998,119.92,3,robot,Equipo B,155.74,112.67,0,no
2998,119.92,4,robot,Equipo B,120.99,12.85,14881,no
2998,119.92,0,balon,balon,78.08,122.49,0,no
2999,119.96,1,robot,Equipo A,78.76,63.62,0,no
2999,119.96,2,robot,Equipo A,75.85,116.46,0,no
2999,119.96,3,robot,Equipo B,155.74,112.67,0,no
2999,119.96,4,robot,Equipo B,120.93,12.34,14677,no
2999,119.96,0,balon,balon,78.08,122.49,0,no
3000,120.0,1,robot,Equipo A,78.76,63.62,0,no
3000,120.0,2,robot,Equipo A,75.85,116.46,0,no
3000,120.0,3,robot,Equipo B,155.74,112.67,0,no
3000,120.0,4,robot,Equipo B,120.93,12.34,15372,no
3000,120.0,0,balon,balon,78.01,122.62,278,no
3001,120.04,1,robot,Equipo A,78.76,63.62,0,no
3001,120.04,2,robot,Equipo A,75.85,116.46,0,no
3001,120.04,3,robot,Equipo B,155.74,112.67,0,no
3001,120.04,4,robot,Equipo B,120.93,12.34,15436,no
3001,120.04,0,balon,balon,77.71,121.59,309,no
3002,120.08,1,robot,Equipo A,78.76,63.62,0,no
3002,120.08,2,robot,Equipo A,75.85,116.46,0,no
3002,120.08,3,robot,Equipo B,155.74,112.67,0,no
3002,120.08,4,robot,Equipo B,120.93,12.34,15507,no
3002,120.08,0,balon,balon,80.29,122.45,946,no
3003,120.12,1,robot,Equipo A,78.76,63.62,0,no
3003,120.12,2,robot,Equipo A,75.85,116.46,0,no
3003,120.12,3,robot,Equipo B,155.74,112.67,0,no
3003,120.12,4,robot,Equipo B,120.93,12.34,15569,no
3003,120.12,0,balon,balon,81.52,121.88,954,no
3004,120.16,1,robot,Equipo A,78.76,63.62,0,no
3004,120.16,2,robot,Equipo A,75.85,116.46,0,no
3004,120.16,3,robot,Equipo B,155.74,112.67,0,no
3004,120.16,4,robot,Equipo B,120.93,12.34,15639,no
3004,120.16,0,balon,balon,82.0,120.72,1041,no
3005,120.2,1,robot,Equipo A,78.76,63.62,0,no
3005,120.2,2,robot,Equipo A,76.32,115.96,11475,no
3005,120.2,3,robot,Equipo B,155.74,112.67,0,no
3005,120.2,4,robot,Equipo B,120.93,12.34,0,no
3005,120.2,0,balon,balon,82.08,119.5,1073,no
3006,120.24,1,robot,Equipo A,78.76,63.62,0,no
3006,120.24,2,robot,Equipo A,76.78,115.28,11670,no
3006,120.24,3,robot,Equipo B,155.74,112.67,0,no
3006,120.24,4,robot,Equipo B,120.93,12.34,0,no
3006,120.24,0,balon,balon,82.05,118.18,932,no
3007,120.28,1,robot,Equipo A,78.76,63.62,0,no
3007,120.28,2,robot,Equipo A,77.2,114.44,11632,no
3007,120.28,3,robot,Equipo B,155.74,112.67,0,no
3007,120.28,4,robot,Equipo B,120.93,12.34,0,no
3007,120.28,0,balon,balon,82.04,117.0,980,no
3008,120.32,1,robot,Equipo A,78.76,63.62,0,no
3008,120.32,2,robot,Equipo A,77.6,113.48,11497,no
3008,120.32,3,robot,Equipo B,155.74,112.67,0,no
3008,120.32,4,robot,Equipo B,120.93,12.34,0,no
3008,120.32,0,balon,balon,81.9,115.89,1097,no
3009,120.36,1,robot,Equipo A,78.76,63.62,0,no
3009,120.36,2,robot,Equipo A,77.97,112.42,11474,no
3009,120.36,3,robot,Equipo B,155.74,112.67,0,no
3009,120.36,4,robot,Equipo B,120.93,12.34,0,no
3009,120.36,0,balon,balon,81.83,114.51,1102,no
3010,120.4,1,robot,Equipo A,78.76,63.62,0,no
3010,120.4,2,robot,Equipo A,77.91,111.6,11867,no
3010,120.4,3,robot,Equipo B,155.74,112.67,0,no
3010,120.4,4,robot,Equipo B,120.93,12.34,0,no
3010,120.4,0,balon,balon,81.79,113.35,1058,no
3011,120.44,1,robot,Equipo A,78.76,63.62,0,no
3011,120.44,2,robot,Equipo A,77.74,110.89,11734,no
3011,120.44,3,robot,Equipo B,155.74,112.67,0,no
3011,120.44,4,robot,Equipo B,120.93,12.34,0,no
3011,120.44,0,balon,balon,81.64,112.65,1066,no
3012,120.48,1,robot,Equipo A,78.76,63.62,0,no
3012,120.48,2,robot,Equipo A,77.55,110.32,11876,no
3012,120.48,3,robot,Equipo B,155.74,112.67,0,no
3012,120.48,4,robot,Equipo B,120.93,12.34,0,no
3012,120.48,0,balon,balon,81.56,112.33,1112,no
3013,120.52,1,robot,Equipo A,78.76,63.62,0,no
3013,120.52,2,robot,Equipo A,77.28,109.81,11831,no
3013,120.52,3,robot,Equipo B,155.74,112.67,0,no
3013,120.52,4,robot,Equipo B,120.93,12.34,0,no
3013,120.52,0,balon,balon,81.64,112.09,938,no
3014,120.56,1,robot,Equipo A,78.76,63.62,0,no
3014,120.56,2,robot,Equipo A,77.01,109.37,11914,no
3014,120.56,3,robot,Equipo B,155.74,112.67,0,no
3014,120.56,4,robot,Equipo B,120.93,12.34,0,no
3014,120.56,0,balon,balon,81.69,111.9,879,no
3015,120.6,1,robot,Equipo A,78.76,63.62,0,no
3015,120.6,2,robot,Equipo A,77.01,109.37,13019,no
3015,120.6,3,robot,Equipo B,155.74,112.67,0,no
3015,120.6,4,robot,Equipo B,120.93,12.34,0,no
3015,120.6,0,balon,balon,81.77,111.46,974,no
3016,120.64,1,robot,Equipo A,78.76,63.62,0,no
3016,120.64,2,robot,Equipo A,77.01,109.37,13020,no
3016,120.64,3,robot,Equipo B,155.74,112.67,0,no
3016,120.64,4,robot,Equipo B,120.93,12.34,0,no
3016,120.64,0,balon,balon,81.82,110.84,1043,no
3017,120.68,1,robot,Equipo A,78.76,63.62,0,no
3017,120.68,2,robot,Equipo A,77.01,109.37,13020,no
3017,120.68,3,robot,Equipo B,155.74,112.67,0,no
3017,120.68,4,robot,Equipo B,120.93,12.34,0,no
3017,120.68,0,balon,balon,81.78,110.16,1175,no
3018,120.72,1,robot,Equipo A,78.76,63.62,0,no
3018,120.72,2,robot,Equipo A,77.5,109.13,13020,no
3018,120.72,3,robot,Equipo B,155.74,112.67,0,no
3018,120.72,4,robot,Equipo B,120.93,12.34,0,no
3018,120.72,0,balon,balon,81.7,109.14,1265,no
3019,120.76,1,robot,Equipo A,78.76,63.62,0,no
3019,120.76,2,robot,Equipo A,77.98,108.94,13020,no
3019,120.76,3,robot,Equipo B,155.74,112.67,0,no
3019,120.76,4,robot,Equipo B,120.93,12.34,0,no
3019,120.76,0,balon,balon,81.53,107.87,1257,no
3020,120.8,1,robot,Equipo A,78.76,63.62,0,no
3020,120.8,2,robot,Equipo A,77.74,107.35,10438,no
3020,120.8,3,robot,Equipo B,155.74,112.67,0,no
3020,120.8,4,robot,Equipo B,120.93,12.34,0,no
3020,120.8,0,balon,balon,81.3,106.39,1265,no
3021,120.84,1,robot,Equipo A,78.76,63.62,0,no
3021,120.84,2,robot,Equipo A,77.47,105.78,10439,no
3021,120.84,3,robot,Equipo B,155.74,112.67,0,no
3021,120.84,4,robot,Equipo B,120.93,12.34,0,no
3021,120.84,0,balon,balon,81.12,104.67,1255,no
3022,120.88,1,robot,Equipo A,78.76,63.62,0,no
3022,120.88,2,robot,Equipo A,77.16,104.24,10378,no
3022,120.88,3,robot,Equipo B,155.74,112.67,0,no
3022,120.88,4,robot,Equipo B,120.93,12.34,0,no
3022,120.88,0,balon,balon,80.95,102.8,1254,no
3023,120.92,1,robot,Equipo A,78.76,63.62,0,no
3023,120.92,2,robot,Equipo A,76.83,102.75,10408,no
3023,120.92,3,robot,Equipo B,155.74,112.67,0,no
3023,120.92,4,robot,Equipo B,120.93,12.34,0,no
3023,120.92,0,balon,balon,80.86,100.74,1208,no
3024,120.96,1,robot,Equipo A,78.76,63.62,0,no
3024,120.96,2,robot,Equipo A,76.45,101.27,10258,no
3024,120.96,3,robot,Equipo B,155.74,112.67,0,no
3024,120.96,4,robot,Equipo B,120.93,12.34,0,no
3024,120.96,0,balon,balon,80.86,100.74,0,no
3025,121.0,1,robot,Equipo A,78.76,63.62,0,no
3025,121.0,2,robot,Equipo A,75.95,99.36,5810,no
3025,121.0,3,robot,Equipo B,155.74,112.67,0,no
3025,121.0,4,robot,Equipo B,120.93,12.34,0,no
3025,121.0,0,balon,balon,80.69,97.59,1382,no
3026,121.04,1,robot,Equipo A,78.76,63.62,0,no
3026,121.04,2,robot,Equipo A,75.66,97.8,6394,no
3026,121.04,3,robot,Equipo B,155.74,112.67,0,no
3026,121.04,4,robot,Equipo B,120.93,12.34,0,no
3026,121.04,0,balon,balon,80.65,94.76,1398,no
3027,121.08,1,robot,Equipo A,78.76,63.62,0,no
3027,121.08,2,robot,Equipo A,75.41,96.44,6444,no
3027,121.08,3,robot,Equipo B,155.74,112.67,0,no
3027,121.08,4,robot,Equipo B,120.93,12.34,0,no
3027,121.08,0,balon,balon,80.7,91.37,978,no
3028,121.12,1,robot,Equipo A,78.76,63.62,0,no
3028,121.12,2,robot,Equipo A,75.17,95.24,6444,no
3028,121.12,3,robot,Equipo B,155.74,112.67,0,no
3028,121.12,4,robot,Equipo B,120.93,12.34,0,no
3028,121.12,0,balon,balon,80.7,91.37,0,no
3029,121.16,1,robot,Equipo A,78.76,63.62,0,no
3029,121.16,2,robot,Equipo A,74.96,94.16,6444,no
3029,121.16,3,robot,Equipo B,155.74,112.67,0,no
3029,121.16,4,robot,Equipo B,120.93,12.34,0,no
3029,121.16,0,balon,balon,80.91,87.11,1041,no
3030,121.2,1,robot,Equipo A,78.76,63.62,0,no
3030,121.2,2,robot,Equipo A,75.07,91.01,5856,no
3030,121.2,3,robot,Equipo B,155.74,112.67,0,no
3030,121.2,4,robot,Equipo B,120.93,12.34,0,no
3030,121.2,0,balon,balon,81.16,83.53,996,no
3031,121.24,1,robot,Equipo A,78.76,63.62,0,no
3031,121.24,2,robot,Equipo A,75.18,88.01,5888,no
3031,121.24,3,robot,Equipo B,155.74,112.67,0,no
3031,121.24,4,robot,Equipo B,120.93,12.34,0,no
3031,121.24,0,balon,balon,81.42,80.13,1036,no
3032,121.28,1,robot,Equipo A,78.76,63.62,0,no
3032,121.28,2,robot,Equipo A,75.3,85.11,5892,no
3032,121.28,3,robot,Equipo B,155.74,112.67,0,no
3032,121.28,4,robot,Equipo B,120.93,12.34,0,no
3032,121.28,0,balon,balon,81.69,76.96,1043,no
3033,121.32,1,robot,Equipo A,78.76,63.62,0,no
3033,121.32,2,robot,Equipo A,75.43,82.3,5892,no
3033,121.32,3,robot,Equipo B,155.74,112.67,0,no
3033,121.32,4,robot,Equipo B,120.93,12.34,0,no
3033,121.32,0,balon,balon,78.65,74.96,669,no
3034,121.36,1,robot,Equipo A,78.22,64.61,5892,no
3034,121.36,2,robot,Equipo A,75.43,82.3,0,no
3034,121.36,3,robot,Equipo B,155.74,112.67,0,no
3034,121.36,4,robot,Equipo B,120.93,12.34,0,no
3034,121.36,0,balon,balon,80.42,71.45,1051,no
3035,121.4,1,robot,Equipo A,78.22,64.61,6640,no
3035,121.4,2,robot,Equipo A,75.43,82.3,0,no
3035,121.4,3,robot,Equipo B,155.74,112.67,0,no
3035,121.4,4,robot,Equipo B,120.93,12.34,0,no
3035,121.4,0,balon,balon,81.46,68.49,1127,no
3037,121.48,1,robot,Equipo A,78.22,64.61,6863,no
3037,121.48,2,robot,Equipo A,75.43,82.3,0,no
3037,121.48,3,robot,Equipo B,155.74,112.67,0,no
3037,121.48,4,robot,Equipo B,120.93,12.34,0,no
3037,121.48,0,balon,balon,81.78,64.84,1215,no
3039,121.56,1,robot,Equipo A,78.22,64.61,6127,no
3039,121.56,2,robot,Equipo A,75.43,82.3,0,no
3039,121.56,3,robot,Equipo B,155.74,112.67,0,no
3039,121.56,4,robot,Equipo B,120.93,12.34,0,no
3039,121.56,0,balon,balon,80.87,61.53,1018,no
3041,121.64,1,robot,Equipo A,77.65,64.2,6187,no
3041,121.64,2,robot,Equipo A,75.43,82.3,0,no
3041,121.64,3,robot,Equipo B,155.74,112.67,0,no
3041,121.64,4,robot,Equipo B,120.93,12.34,0,no
3041,121.64,0,balon,balon,78.97,59.0,1036,no
3043,121.72,1,robot,Equipo A,76.91,63.72,5991,no
3043,121.72,2,robot,Equipo A,75.43,82.3,0,no
3043,121.72,3,robot,Equipo B,155.74,112.67,0,no
3043,121.72,4,robot,Equipo B,120.93,12.34,0,no
3043,121.72,0,balon,balon,77.03,57.54,1126,no
3045,121.8,1,robot,Equipo A,75.72,62.42,11413,no
3045,121.8,2,robot,Equipo A,75.43,82.3,0,no
3045,121.8,3,robot,Equipo B,155.74,112.67,0,no
3045,121.8,4,robot,Equipo B,120.93,12.34,0,no
3045,121.8,0,balon,balon,75.39,57.32,1047,no
3047,121.88,1,robot,Equipo A,74.6,61.14,11413,no
3047,121.88,2,robot,Equipo A,75.43,82.3,0,no
3047,121.88,3,robot,Equipo B,155.74,112.67,0,no
3047,121.88,4,robot,Equipo B,120.93,12.34,0,no
3047,121.88,0,balon,balon,74.23,57.53,1022,no
3049,121.96,1,robot,Equipo A,73.54,59.89,11413,no
3049,121.96,2,robot,Equipo A,75.43,82.3,0,no
3049,121.96,3,robot,Equipo B,155.74,112.67,0,no
3049,121.96,4,robot,Equipo B,120.93,12.34,0,no
3049,121.96,0,balon,balon,73.6,57.19,1038,no
3051,122.04,1,robot,Equipo A,73.02,59.12,11438,no
3051,122.04,2,robot,Equipo A,75.43,82.3,0,no
3051,122.04,3,robot,Equipo B,155.74,112.67,0,no
3051,122.04,4,robot,Equipo B,120.93,12.34,0,no
3051,122.04,0,balon,balon,73.25,56.22,1058,no
3053,122.12,1,robot,Equipo A,72.73,58.56,11438,no
3053,122.12,2,robot,Equipo A,75.43,82.3,0,no
3053,122.12,3,robot,Equipo B,155.74,112.67,0,no
3053,122.12,4,robot,Equipo B,120.93,12.34,0,no
3053,122.12,0,balon,balon,73.05,54.64,1061,no
3055,122.2,1,robot,Equipo A,72.26,57.51,11858,no
3055,122.2,2,robot,Equipo A,75.43,82.3,0,no
3055,122.2,3,robot,Equipo B,155.74,112.67,0,no
3055,122.2,4,robot,Equipo B,120.93,12.34,0,no
3055,122.2,0,balon,balon,72.82,53.13,1035,no
3057,122.28,1,robot,Equipo A,71.83,56.38,11858,no
3057,122.28,2,robot,Equipo A,75.43,82.3,0,no
3057,122.28,3,robot,Equipo B,155.74,112.67,0,no
3057,122.28,4,robot,Equipo B,120.93,12.34,0,no
3057,122.28,0,balon,balon,72.75,51.97,970,no
3059,122.36,1,robot,Equipo A,71.44,55.19,11858,no
3059,122.36,2,robot,Equipo A,75.43,82.3,0,no
3059,122.36,3,robot,Equipo B,155.74,112.67,0,no
3059,122.36,4,robot,Equipo B,120.93,12.34,0,no
3059,122.36,0,balon,balon,72.4,50.36,979,no
3061,122.44,1,robot,Equipo A,71.03,54.15,12154,no
3061,122.44,2,robot,Equipo A,75.43,82.3,0,no
3061,122.44,3,robot,Equipo B,155.74,112.67,0,no
3061,122.44,4,robot,Equipo B,120.93,12.34,0,no
3061,122.44,0,balon,balon,72.01,49.02,986,no
3063,122.52,1,robot,Equipo A,70.65,53.25,12154,no
3063,122.52,2,robot,Equipo A,75.43,82.3,0,no
3063,122.52,3,robot,Equipo B,155.74,112.67,0,no
3063,122.52,4,robot,Equipo B,120.93,12.34,0,no
3063,122.52,0,balon,balon,71.67,47.76,921,no
3065,122.6,1,robot,Equipo A,70.24,51.82,12338,no
3065,122.6,2,robot,Equipo A,75.43,82.3,0,no
3065,122.6,3,robot,Equipo B,155.74,112.67,0,no
3065,122.6,4,robot,Equipo B,120.93,12.34,0,no
3065,122.6,0,balon,balon,71.23,46.29,1007,no
3067,122.68,1,robot,Equipo A,69.9,50.44,12338,no
3067,122.68,2,robot,Equipo A,75.43,82.3,0,no
3067,122.68,3,robot,Equipo B,155.74,112.67,0,no
3067,122.68,4,robot,Equipo B,120.93,12.34,0,no
3067,122.68,0,balon,balon,70.73,44.18,892,no
3069,122.76,1,robot,Equipo A,69.64,49.11,12338,no
3069,122.76,2,robot,Equipo A,75.43,82.3,0,no
3069,122.76,3,robot,Equipo B,155.74,112.67,0,no
3069,122.76,4,robot,Equipo B,120.93,12.34,0,no
3069,122.76,0,balon,balon,70.52,42.63,1023,no
3071,122.84,1,robot,Equipo A,69.34,48.01,12659,no
3071,122.84,2,robot,Equipo A,75.43,82.3,0,no
3071,122.84,3,robot,Equipo B,155.74,112.67,0,no
3071,122.84,4,robot,Equipo B,120.93,12.34,0,no
3071,122.84,0,balon,balon,70.66,42.3,1083,no
3073,122.92,1,robot,Equipo A,69.04,47.07,12659,no
3073,122.92,2,robot,Equipo A,75.43,82.3,0,no
3073,122.92,3,robot,Equipo B,155.74,112.67,0,no
3073,122.92,4,robot,Equipo B,120.93,12.34,0,no
3073,122.92,0,balon,balon,71.19,42.7,992,no
3075,123.0,1,robot,Equipo A,69.04,47.07,12475,no
3075,123.0,2,robot,Equipo A,75.43,82.3,0,no
3075,123.0,3,robot,Equipo B,155.74,112.67,0,no
3075,123.0,4,robot,Equipo B,120.93,12.34,0,no
3075,123.0,0,balon,balon,71.73,42.92,1005,no
3077,123.08,1,robot,Equipo A,69.04,47.07,12475,no
3077,123.08,2,robot,Equipo A,75.43,82.3,0,no
3077,123.08,3,robot,Equipo B,155.74,112.67,0,no
3077,123.08,4,robot,Equipo B,120.93,12.34,0,no
3077,123.08,0,balon,balon,72.47,43.3,1057,no
3079,123.16,1,robot,Equipo A,69.71,47.31,12475,no
3079,123.16,2,robot,Equipo A,75.43,82.3,0,no
3079,123.16,3,robot,Equipo B,155.74,112.67,0,no
3079,123.16,4,robot,Equipo B,120.93,12.34,0,no
3079,123.16,0,balon,balon,73.14,43.64,1043,no
3081,123.24,1,robot,Equipo A,69.71,47.31,12577,no
3081,123.24,2,robot,Equipo A,75.43,82.3,0,no
3081,123.24,3,robot,Equipo B,155.74,112.67,0,no
3081,123.24,4,robot,Equipo B,120.93,12.34,0,no
3081,123.24,0,balon,balon,74.07,44.54,961,no
3083,123.32,1,robot,Equipo A,69.71,47.31,12577,no
3083,123.32,2,robot,Equipo A,75.43,82.3,0,no
3083,123.32,3,robot,Equipo B,155.74,112.67,0,no
3083,123.32,4,robot,Equipo B,120.93,12.34,0,no
3083,123.32,0,balon,balon,74.85,45.75,1020,no
3085,123.4,1,robot,Equipo A,70.42,47.67,12646,no
3085,123.4,2,robot,Equipo A,75.43,82.3,0,no
3085,123.4,3,robot,Equipo B,155.74,112.67,0,no
3085,123.4,4,robot,Equipo B,120.93,12.34,0,no
3085,123.4,0,balon,balon,75.46,46.87,977,no
3087,123.48,1,robot,Equipo A,71.15,48.07,12646,no
3087,123.48,2,robot,Equipo A,75.43,82.3,0,no
3087,123.48,3,robot,Equipo B,155.74,112.67,0,no
3087,123.48,4,robot,Equipo B,120.93,12.34,0,no
3087,123.48,0,balon,balon,75.87,47.75,994,no
3089,123.56,1,robot,Equipo A,71.91,48.51,12646,no
3089,123.56,2,robot,Equipo A,75.43,82.3,0,no
3089,123.56,3,robot,Equipo B,155.74,112.67,0,no
3089,123.56,4,robot,Equipo B,120.93,12.34,0,no
3089,123.56,0,balon,balon,76.28,48.36,958,no
3091,123.64,1,robot,Equipo A,71.91,48.51,12627,no
3091,123.64,2,robot,Equipo A,75.43,82.3,0,no
3091,123.64,3,robot,Equipo B,155.74,112.67,0,no
3091,123.64,4,robot,Equipo B,120.93,12.34,0,no
3091,123.64,0,balon,balon,76.5,49.09,941,no
3093,123.72,1,robot,Equipo A,71.91,48.51,12627,no
3093,123.72,2,robot,Equipo A,75.43,82.3,0,no
3093,123.72,3,robot,Equipo B,155.74,112.67,0,no
3093,123.72,4,robot,Equipo B,120.93,12.34,0,no
3093,123.72,0,balon,balon,76.76,50.46,963,no
